,year,film,wiki,winner,box_office
0,1927,Wings ,/wiki/Wings_(1927_film),True,"{'Domestic': 'N/A', 'International': '$746', 'Worldwide': '$746'}"
1,1927,7th Heaven ,/wiki/7th_Heaven_(1927_film),False,"{'Domestic': '$79,808', 'International': 'N/A', 'Worldwide': '$79,808'}"
2,1927,The Racket ,/wiki/The_Racket_(1928_film),False,"{'Domestic': '$6,303,762', 'International': '$15,429,468', 'Worldwide': '$21,733,230'}"
3,1928,The Broadway Melody,/wiki/The_Broadway_Melody,True,"{'Domestic': 'N/A', 'International': '$223,723', 'Worldwide': '$223,723'}"
4,1928,Alibi ,/wiki/Alibi_(1929_film),False,"{'Domestic': '$24,845', 'International': '$18,070', 'Worldwide': '$42,915'}"
6,1928,In Old Arizona,/wiki/In_Old_Arizona,False,"{'Domestic': 'N/A', 'International': '$6,344', 'Worldwide': '$6,344'}"
7,1928,The Patriot ,/wiki/The_Patriot_(1928_film),False,"{'Domestic': '$113,330,342', 'International': '$101,964,000', 'Worldwide': '$215,294,342'}"
12,1929,The Love Parade,/wiki/The_Love_Parade,False,"{'Domestic': 'N/A', 'International': '$2,492,128', 'Worldwide': '$2,492,128'}"
11,1929,The Divorcee,/wiki/The_Divorcee,False,"{'Domestic': 'N/A', 'International': '$6,253', 'Worldwide': '$6,253'}"
10,1929,Disraeli ,/wiki/Disraeli_(1929_film),False,"{'Domestic': '$11,962,778', 'International': '$1,063,082', 'Worldwide': '$13,025,860'}"
9,1929,The Big House ,/wiki/The_Big_House_(1930_film),False,"{'Domestic': '$117,559,438', 'International': '$56,400,000', 'Worldwide': '$173,959,438'}"
8,1929,All Quiet on the Western Front ,/wiki/All_Quiet_on_the_Western_Front_(1930_film),True,"{'Domestic': 'N/A', 'International': 'N/A', 'Worldwide': 'N/A'}"
13,1930,Cimarron ,/wiki/Cimarron_(1931_film),True,"{'Domestic': 'N/A', 'International': 'N/A', 'Worldwide': 'N/A'}"
15,1930,The Front Page ,/wiki/The_Front_Page_(1931_film),False,"{'Domestic': 'N/A', 'International': 'N/A', 'Worldwide': 'N/A'}"
16,1930,Skippy ,/wiki/Skippy_(film),False,"{'Domestic': '$621,931', 'International': 'N/A', 'Worldwide': '$621,931'}"
25,1931,The Smiling Lieutenant,/wiki/The_Smiling_Lieutenant,False,"{'Domestic': '$240,978', 'International': '$172,866', 'Worldwide': '$413,844'}"
24,1931,Shanghai Express ,/wiki/Shanghai_Express_(film),False,"{'Domestic': '$2,315,683', 'International': 'N/A', 'Worldwide': '$2,315,683'}"
22,1931,Five Star Final,/wiki/Five_Star_Final,False,"{'Domestic': '$306,917', 'International': '$2,732,105', 'Worldwide': '$3,039,022'}"
20,1931,Bad Girl ,/wiki/Bad_Girl_(1931_film),False,"{'Domestic': 'N/A', 'International': '$193,221', 'Worldwide': '$193,221'}"
18,1931,Grand Hotel ,/wiki/Grand_Hotel_(1932_film),True,"{'Domestic': '$59,301,324', 'International': '$113,780,865', 'Worldwide': '$173,082,189'}"
21,1931,The Champ ,/wiki/The_Champ_(1931_film),False,"{'Domestic': '$30,441,738', 'International': 'N/A', 'Worldwide': '$30,441,738'}"
32,1932,The Private Life of Henry VIII,/wiki/The_Private_Life_of_Henry_VIII,False,"{'Domestic': 'N/A', 'International': '$19,773', 'Worldwide': '$19,773'}"
26,1932,Cavalcade ,/wiki/Cavalcade_(1933_film),True,"{'Domestic': 'N/A', 'International': '$507,886', 'Worldwide': '$507,886'}"
27,1932,42nd Street ,/wiki/42nd_Street_(film),False,"{'Domestic': 'N/A', 'International': '$1,600', 'Worldwide': '$1,600'}"
28,1932,A Farewell to Arms ,/wiki/A_Farewell_to_Arms_(1932_film),False,"{'Domestic': 'N/A', 'International': 'N/A', 'Worldwide': 'N/A'}"
29,1932,I Am a Fugitive from a Chain Gang,/wiki/I_Am_a_Fugitive_from_a_Chain_Gang,False,"{'Domestic': 'N/A', 'International': 'N/A', 'Worldwide': 'N/A'}"
30,1932,Lady for a Day,/wiki/Lady_for_a_Day,False,"{'Domestic': 'N/A', 'International': '$383,872', 'Worldwide': '$383,872'}"
31,1932,Little Women ,/wiki/Little_Women_(1933_film),False,"{'Domestic': '$108,101,214', 'International': '$110,742,431', 'Worldwide': '$218,843,645'}"
34,1932,Smilin' Through ,/wiki/Smilin%27_Through_(1932_film),False,"{'Domestic': '$4,560', 'International': 'N/A', 'Worldwide': '$4,560'}"
35,1932,State Fair ,/wiki/State_Fair_(1933_film),False,"{'Domestic': 'N/A', 'International': 'N/A', 'Worldwide': 'N/A'}"
44,1934,One Night of Love,/wiki/One_Night_of_Love,False,"{'Domestic': 'N/A', 'International': '$900,123', 'Worldwide': '$900,123'}"
45,1934,The Thin Man ,/wiki/The_Thin_Man_(film),False,"{'Domestic': 'N/A', 'International': 'N/A', 'Worldwide': 'N/A'}"
43,1934,Imitation of Life ,/wiki/Imitation_of_Life_(1934_film),False,"{'Domestic': 'N/A', 'International': '$365', 'Worldwide': '$365'}"
47,1934,The White Parade,/wiki/The_White_Parade,False,"{'Domestic': 'N/A', 'International': '$2,492,128', 'Worldwide': '$2,492,128'}"
42,1934,The House of Rothschild,/wiki/The_House_of_Rothschild,False,"{'Domestic': '$19,699,706', 'International': '$1,877,918', 'Worldwide': '$21,577,624'}"
37,1934,The Barretts of Wimpole Street ,/wiki/The_Barretts_of_Wimpole_Street_(1934_film),False,"{'Domestic': '$116,900,694', 'International': '$289,977,539', 'Worldwide': '$406,878,233'}"
40,1934,The Gay Divorcee,/wiki/The_Gay_Divorcee,False,"{'Domestic': 'N/A', 'International': '$6,253', 'Worldwide': '$6,253'}"
38,1934,Cleopatra ,/wiki/Cleopatra_(1934_film),False,"{'Domestic': '$57,777,778', 'International': 'N/A', 'Worldwide': '$57,777,778'}"
36,1934,It Happened One Night,/wiki/It_Happened_One_Night,True,"{'Domestic': 'N/A', 'International': '$11,477', 'Worldwide': '$11,477'}"
41,1934,Here Comes the Navy,/wiki/Here_Comes_the_Navy,False,"{'Domestic': '$45,290,318', 'International': '$27,809,854', 'Worldwide': '$73,100,172'}"
59,1935,Top Hat,/wiki/Top_Hat,False,"{'Domestic': 'N/A', 'International': '$5,541', 'Worldwide': '$5,541'}"
56,1935,Les Mis√©rables ,/wiki/Les_Mis%C3%A9rables_(1935_film),False,"{'Domestic': '$330,181', 'International': '$54,135,749', 'Worldwide': '$54,465,930'}"
55,1935,A Midsummer Night's Dream ,/wiki/A_Midsummer_Night%27s_Dream_(1935_film),False,"{'Domestic': 'N/A', 'International': '$24,711', 'Worldwide': '$24,711'}"
54,1935,The Lives of a Bengal Lancer ,/wiki/The_Lives_of_a_Bengal_Lancer_(film),False,"{'Domestic': '$104,837', 'International': '$30,331', 'Worldwide': '$135,168'}"
52,1935,David Copperfield ,/wiki/David_Copperfield_(1935_film),False,"{'Domestic': '$1,876,298', 'International': '$12,522,972', 'Worldwide': '$14,399,270'}"
51,1935,Captain Blood ,/wiki/Captain_Blood_(1935_film),False,"{'Domestic': 'N/A', 'International': 'N/A', 'Worldwide': 'N/A'}"
49,1935,Alice Adams ,/wiki/Alice_Adams_(1935_film),False,"{'Domestic': 'N/A', 'International': 'N/A', 'Worldwide': 'N/A'}"
48,1935,Mutiny on the Bounty ,/wiki/Mutiny_on_the_Bounty_(1935_film),True,"{'Domestic': 'N/A', 'International': 'N/A', 'Worldwide': 'N/A'}"
53,1935,The Informer ,/wiki/The_Informer_(1935_film),False,"{'Domestic': '$300,460', 'International': '$2,627,248', 'Worldwide': '$2,927,708'}"
68,1936,A Tale of Two Cities ,/wiki/A_Tale_of_Two_Cities_(1935_film),False,"{'Domestic': '$72,541', 'International': '$990,337', 'Worldwide': '$1,062,878'}"
67,1936,The Story of Louis Pasteur,/wiki/The_Story_of_Louis_Pasteur,False,"{'Domestic': '$204,956', 'International': 'N/A', 'Worldwide': '$204,956'}"
66,1936,San Francisco ,/wiki/San_Francisco_(1936_film),False,"{'Domestic': '$18,823', 'International': 'N/A', 'Worldwide': '$18,823'}"
65,1936,Romeo and Juliet ,/wiki/Romeo_and_Juliet_(1936_film),False,"{'Domestic': 'N/A', 'International': '$6,292', 'Worldwide': '$6,292'}"
64,1936,Mr. Deeds Goes to Town,/wiki/Mr._Deeds_Goes_to_Town,False,"{'Domestic': 'N/A', 'International': '$8,362', 'Worldwide': '$8,362'}"
60,1936,The Great Ziegfeld,/wiki/The_Great_Ziegfeld,True,"{'Domestic': '$144,857,996', 'International': '$208,801,855', 'Worldwide': '$353,659,851'}"
63,1936,Libeled Lady,/wiki/Libeled_Lady,False,"{'Domestic': 'N/A', 'International': 'N/A', 'Worldwide': 'N/A'}"
76,1937,Lost Horizon ,/wiki/Lost_Horizon_(1937_film),False,"{'Domestic': '$10,572,742', 'International': '$154,167', 'Worldwide': '$10,726,909'}"
79,1937,A Star Is Born ,/wiki/A_Star_Is_Born_(1937_film),False,"{'Domestic': '$215,333,122', 'International': '$220,900,000', 'Worldwide': '$436,233,122'}"
78,1937,Stage Door,/wiki/Stage_Door,False,"{'Domestic': 'N/A', 'International': '$8,835', 'Worldwide': '$8,835'}"
77,1937,One Hundred Men and a Girl,/wiki/One_Hundred_Men_and_a_Girl,False,"{'Domestic': '$167,780,960', 'International': 'N/A', 'Worldwide': '$167,780,960'}"
75,1937,In Old Chicago,/wiki/In_Old_Chicago,False,"{'Domestic': 'N/A', 'International': 'N/A', 'Worldwide': 'N/A'}"
73,1937,Dead End ,/wiki/Dead_End_(1937_film),False,"{'Domestic': 'N/A', 'International': '$154,342', 'Worldwide': '$154,342'}"
74,1937,The Good Earth ,/wiki/The_Good_Earth_(film),False,"{'Domestic': 'N/A', 'International': 'N/A', 'Worldwide': 'N/A'}"
71,1937,The Awful Truth,/wiki/The_Awful_Truth,False,"{'Domestic': 'N/A', 'International': 'N/A', 'Worldwide': 'N/A'}"
70,1937,The Life of Emile Zola,/wiki/The_Life_of_Emile_Zola,True,"{'Domestic': '$50,151,543', 'International': '$49,632,013', 'Worldwide': '$99,783,556'}"
87,1938,Jezebel ,/wiki/Jezebel_(1938_film),False,"{'Domestic': 'N/A', 'International': 'N/A', 'Worldwide': 'N/A'}"
86,1938,La Grande Illusion,/wiki/La_Grande_Illusion,False,"{'Domestic': 'N/A', 'International': '$20,356', 'Worldwide': '$20,356'}"
85,1938,Four Daughters,/wiki/Four_Daughters,False,"{'Domestic': 'N/A', 'International': '$2,778,028', 'Worldwide': '$2,778,028'}"
84,1938,The Citadel ,/wiki/The_Citadel_(1938_film),False,"{'Domestic': 'N/A', 'International': '$1,625,784', 'Worldwide': '$1,625,784'}"
83,1938,Boys Town ,/wiki/Boys_Town_(film),False,"{'Domestic': 'N/A', 'International': 'N/A', 'Worldwide': 'N/A'}"
81,1938,The Adventures of Robin Hood,/wiki/The_Adventures_of_Robin_Hood,False,"{'Domestic': '$288,545', 'International': 'N/A', 'Worldwide': '$288,545'}"
80,1938,You Can't Take It with You ,/wiki/You_Can%27t_Take_It_with_You_(film),True,"{'Domestic': 'N/A', 'International': 'N/A', 'Worldwide': 'N/A'}"
99,1939,Wuthering Heights ,/wiki/Wuthering_Heights_(1939_film),False,"{'Domestic': '$624,643', 'International': 'N/A', 'Worldwide': '$624,643'}"
98,1939,The Wizard of Oz ,/wiki/The_Wizard_of_Oz_(1939_film),False,"{'Domestic': '$24,668,669', 'International': '$969,000', 'Worldwide': '$25,637,669'}"
97,1939,Stagecoach ,/wiki/Stagecoach_(1939_film),False,"{'Domestic': 'N/A', 'International': 'N/A', 'Worldwide': 'N/A'}"
96,1939,Of Mice and Men ,/wiki/Of_Mice_and_Men_(1939_film),False,"{'Domestic': '$5,471,088', 'International': 'N/A', 'Worldwide': '$5,471,088'}"
95,1939,Ninotchka,/wiki/Ninotchka,False,"{'Domestic': 'N/A', 'International': '$1,204', 'Worldwide': '$1,204'}"
92,1939,"Goodbye, Mr. Chips ","/wiki/Goodbye,_Mr._Chips_(1939_film)",False,"{'Domestic': '$82,569,971', 'International': '$23,700,000', 'Worldwide': '$106,269,971'}"
91,1939,Dark Victory,/wiki/Dark_Victory,False,"{'Domestic': 'N/A', 'International': 'N/A', 'Worldwide': 'N/A'}"
90,1939,Gone with the Wind ,/wiki/Gone_with_the_Wind_(film),True,"{'Domestic': '$200,882,193', 'International': '$201,500,000', 'Worldwide': '$402,382,193'}"
94,1939,Mr. Smith Goes to Washington,/wiki/Mr._Smith_Goes_to_Washington,False,"{'Domestic': '$144,738', 'International': 'N/A', 'Worldwide': '$144,738'}"
93,1939,Love Affair ,/wiki/Love_Affair_(1939_film),False,"{'Domestic': '$18,272,894', 'International': 'N/A', 'Worldwide': '$18,272,894'}"
109,1940,The Philadelphia Story ,/wiki/The_Philadelphia_Story_(film),False,"{'Domestic': '$404,524', 'International': '$7,139', 'Worldwide': '$411,663'}"
100,1940,Rebecca ,/wiki/Rebecca_(1940_film),True,"{'Domestic': 'N/A', 'International': '$72,275', 'Worldwide': '$72,275'}"
101,1940,"All This, and Heaven Too","/wiki/All_This,_and_Heaven_Too",False,"{'Domestic': 'N/A', 'International': '$16,191,842', 'Worldwide': '$16,191,842'}"
102,1940,Foreign Correspondent ,/wiki/Foreign_Correspondent_(film),False,"{'Domestic': 'N/A', 'International': '$623', 'Worldwide': '$623'}"
103,1940,The Grapes of Wrath ,/wiki/The_Grapes_of_Wrath_(film),False,"{'Domestic': 'N/A', 'International': 'N/A', 'Worldwide': 'N/A'}"
104,1940,The Great Dictator,/wiki/The_Great_Dictator,False,"{'Domestic': 'N/A', 'International': '$970,263', 'Worldwide': '$970,263'}"
106,1940,The Letter ,/wiki/The_Letter_(1940_film),False,"{'Domestic': 'N/A', 'International': '$16,455', 'Worldwide': '$16,455'}"
107,1940,The Long Voyage Home,/wiki/The_Long_Voyage_Home,False,"{'Domestic': 'N/A', 'International': 'N/A', 'Worldwide': 'N/A'}"
108,1940,Our Town ,/wiki/Our_Town_(1940_film),False,"{'Domestic': 'N/A', 'International': '$2,643,251', 'Worldwide': '$2,643,251'}"
118,1941,Sergeant York ,/wiki/Sergeant_York_(film),False,"{'Domestic': '$16,361,885', 'International': '$3,039', 'Worldwide': '$16,364,924'}"
111,1941,Blossoms in the Dust,/wiki/Blossoms_in_the_Dust,False,"{'Domestic': '$727,639', 'International': 'N/A', 'Worldwide': '$727,639'}"
119,1941,Suspicion ,/wiki/Suspicion_(1941_film),False,"{'Domestic': 'N/A', 'International': '$269,915', 'Worldwide': '$269,915'}"
116,1941,The Maltese Falcon ,/wiki/The_Maltese_Falcon_(1941_film),False,"{'Domestic': '$18,180', 'International': '$16,511', 'Worldwide': '$34,691'}"
110,1941,How Green Was My Valley ,/wiki/How_Green_Was_My_Valley_(film),True,"{'Domestic': 'N/A', 'International': 'N/A', 'Worldwide': 'N/A'}"
114,1941,Hold Back the Dawn,/wiki/Hold_Back_the_Dawn,False,"{'Domestic': 'N/A', 'International': 'N/A', 'Worldwide': 'N/A'}"
113,1941,Here Comes Mr. Jordan,/wiki/Here_Comes_Mr._Jordan,False,"{'Domestic': 'N/A', 'International': 'N/A', 'Worldwide': 'N/A'}"
112,1941,Citizen Kane,/wiki/Citizen_Kane,False,"{'Domestic': '$1,627,530', 'International': '$18,414', 'Worldwide': '$1,645,944'}"
115,1941,The Little Foxes ,/wiki/The_Little_Foxes_(film),False,"{'Domestic': 'N/A', 'International': '$4,583', 'Worldwide': '$4,583'}"
127,1942,The Talk of the Town ,/wiki/The_Talk_of_the_Town_(1942_film),False,"{'Domestic': 'N/A', 'International': 'N/A', 'Worldwide': 'N/A'}"
125,1942,The Pride of the Yankees,/wiki/The_Pride_of_the_Yankees,False,"{'Domestic': 'N/A', 'International': 'N/A', 'Worldwide': 'N/A'}"
123,1942,The Magnificent Ambersons ,/wiki/The_Magnificent_Ambersons_(film),False,"{'Domestic': '$93,432,655', 'International': '$68,927,981', 'Worldwide': '$162,360,636'}"
122,1942,Kings Row,/wiki/Kings_Row,False,"{'Domestic': '$49,591', 'International': 'N/A', 'Worldwide': '$49,591'}"
121,1942,49th Parallel ,/wiki/49th_Parallel_(film),False,"{'Domestic': 'N/A', 'International': 'N/A', 'Worldwide': 'N/A'}"
124,1942,The Pied Piper ,/wiki/The_Pied_Piper_(1942_film),False,"{'Domestic': 'N/A', 'International': '$5,546,500', 'Worldwide': '$5,546,500'}"
136,1943,The More the Merrier,/wiki/The_More_the_Merrier,False,"{'Domestic': 'N/A', 'International': '$247,061', 'Worldwide': '$247,061'}"
138,1943,The Song of Bernadette ,/wiki/The_Song_of_Bernadette_(film),False,"{'Domestic': '$857,522', 'International': '$3,370,512', 'Worldwide': '$4,228,034'}"
137,1943,The Ox-Bow Incident,/wiki/The_Ox-Bow_Incident,False,"{'Domestic': 'N/A', 'International': '$98,201', 'Worldwide': '$98,201'}"
135,1943,Madame Curie ,/wiki/Madame_Curie_(film),False,"{'Domestic': 'N/A', 'International': '$3,515,958', 'Worldwide': '$3,515,958'}"
130,1943,Casablanca ,/wiki/Casablanca_(film),True,"{'Domestic': '$4,219,709', 'International': '$406,823', 'Worldwide': '$4,626,532'}"
133,1943,The Human Comedy ,/wiki/The_Human_Comedy_(film),False,"{'Domestic': 'N/A', 'International': 'N/A', 'Worldwide': 'N/A'}"
132,1943,Heaven Can Wait ,/wiki/Heaven_Can_Wait_(1943_film),False,"{'Domestic': '$81,640,278', 'International': 'N/A', 'Worldwide': '$81,640,278'}"
131,1943,For Whom the Bell Tolls ,/wiki/For_Whom_the_Bell_Tolls_(film),False,"{'Domestic': 'N/A', 'International': 'N/A', 'Worldwide': 'N/A'}"
140,1944,Going My Way,/wiki/Going_My_Way,True,"{'Domestic': 'N/A', 'International': '$2,221', 'Worldwide': '$2,221'}"
141,1944,Double Indemnity,/wiki/Double_Indemnity,False,"{'Domestic': 'N/A', 'International': '$14,651', 'Worldwide': '$14,651'}"
142,1944,Gaslight ,/wiki/Gaslight_(1944_film),False,"{'Domestic': '$27,112,329', 'International': '$10,479,345', 'Worldwide': '$37,591,674'}"
144,1944,Wilson ,/wiki/Wilson_(1944_film),False,"{'Domestic': '$653,951', 'International': '$194,695', 'Worldwide': '$848,646'}"
149,1945,Spellbound ,/wiki/Spellbound_(1945_film),False,"{'Domestic': 'N/A', 'International': '$18,875,078', 'Worldwide': '$18,875,078'}"
148,1945,Mildred Pierce ,/wiki/Mildred_Pierce_(film),False,"{'Domestic': 'N/A', 'International': '$10,128', 'Worldwide': '$10,128'}"
147,1945,The Bells of St. Mary's,/wiki/The_Bells_of_St._Mary%27s,False,"{'Domestic': '$21,333,333', 'International': '$4,645', 'Worldwide': '$21,337,978'}"
146,1945,Anchors Aweigh ,/wiki/Anchors_Aweigh_(film),False,"{'Domestic': 'N/A', 'International': 'N/A', 'Worldwide': 'N/A'}"
145,1945,The Lost Weekend ,/wiki/The_Lost_Weekend_(film),True,"{'Domestic': 'N/A', 'International': 'N/A', 'Worldwide': 'N/A'}"
150,1946,The Best Years of Our Lives,/wiki/The_Best_Years_of_Our_Lives,True,"{'Domestic': '$23,650,000', 'International': '$11,347', 'Worldwide': '$23,661,347'}"
151,1946,Henry V ,/wiki/Henry_V_(1944_film),False,"{'Domestic': '$10,161,099', 'International': 'N/A', 'Worldwide': '$10,161,099'}"
152,1946,It's a Wonderful Life,/wiki/It%27s_a_Wonderful_Life,False,"{'Domestic': '$1,483,643', 'International': '$7,090,438', 'Worldwide': '$8,574,081'}"
153,1946,The Razor's Edge ,/wiki/The_Razor%27s_Edge_(1946_film),False,"{'Domestic': '$6,551,987', 'International': 'N/A', 'Worldwide': '$6,551,987'}"
154,1946,The Yearling ,/wiki/The_Yearling_(1946_film),False,"{'Domestic': 'N/A', 'International': 'N/A', 'Worldwide': 'N/A'}"
156,1947,The Bishop's Wife,/wiki/The_Bishop%27s_Wife,False,"{'Domestic': 'N/A', 'International': '$16', 'Worldwide': '$16'}"
157,1947,Crossfire ,/wiki/Crossfire_(film),False,"{'Domestic': 'N/A', 'International': '$456,350', 'Worldwide': '$456,350'}"
158,1947,Great Expectations ,/wiki/Great_Expectations_(1946_film),False,"{'Domestic': '$26,420,672', 'International': '$29,073,394', 'Worldwide': '$55,494,066'}"
159,1947,Miracle on 34th Street,/wiki/Miracle_on_34th_Street,False,"{'Domestic': 'N/A', 'International': '$527', 'Worldwide': '$527'}"
163,1948,The Snake Pit,/wiki/The_Snake_Pit,False,"{'Domestic': '$560', 'International': 'N/A', 'Worldwide': '$560'}"
162,1948,The Red Shoes ,/wiki/The_Red_Shoes_(1948_film),False,"{'Domestic': 'N/A', 'International': '$30,846', 'Worldwide': '$30,846'}"
164,1948,The Treasure of the Sierra Madre ,/wiki/The_Treasure_of_the_Sierra_Madre_(film),False,"{'Domestic': '$5,014,000', 'International': 'N/A', 'Worldwide': '$5,014,000'}"
160,1948,Hamlet ,/wiki/Hamlet_(1948_film),True,"{'Domestic': '$4,708,156', 'International': '$1,580,074', 'Worldwide': '$6,288,230'}"
161,1948,Johnny Belinda ,/wiki/Johnny_Belinda_(1948_film),False,"{'Domestic': 'N/A', 'International': 'N/A', 'Worldwide': 'N/A'}"
165,1949,All the King's Men ,/wiki/All_the_King%27s_Men_(1949_film),True,"{'Domestic': '$7,221,458', 'International': '$2,230,165', 'Worldwide': '$9,451,623'}"
166,1949,Battleground ,/wiki/Battleground_(film),False,"{'Domestic': '$10,337', 'International': 'N/A', 'Worldwide': '$10,337'}"
167,1949,The Heiress,/wiki/The_Heiress,False,"{'Domestic': 'N/A', 'International': '$158', 'Worldwide': '$158'}"
168,1949,A Letter to Three Wives,/wiki/A_Letter_to_Three_Wives,False,"{'Domestic': 'N/A', 'International': '$14,768', 'Worldwide': '$14,768'}"
169,1949,Twelve O'Clock High,/wiki/Twelve_O%27Clock_High,False,"{'Domestic': 'N/A', 'International': 'N/A', 'Worldwide': 'N/A'}"
174,1950,Sunset Boulevard ,/wiki/Sunset_Boulevard_(film),False,"{'Domestic': '$299,645', 'International': '$428', 'Worldwide': '$300,073'}"
173,1950,King Solomon's Mines ,/wiki/King_Solomon%27s_Mines_(1950_film),False,"{'Domestic': '$15,057,465', 'International': 'N/A', 'Worldwide': '$15,057,465'}"
172,1950,Father of the Bride ,/wiki/Father_of_the_Bride_(1950_film),False,"{'Domestic': '$89,325,780', 'International': 'N/A', 'Worldwide': '$89,325,780'}"
170,1950,All About Eve,/wiki/All_About_Eve,True,"{'Domestic': '$63,463', 'International': '$87,589', 'Worldwide': '$151,052'}"
171,1950,Born Yesterday ,/wiki/Born_Yesterday_(1950_film),False,"{'Domestic': '$17,952,857', 'International': 'N/A', 'Worldwide': '$17,952,857'}"
175,1951,An American in Paris ,/wiki/An_American_in_Paris_(film),True,"{'Domestic': '$267,824', 'International': '$4,795', 'Worldwide': '$272,619'}"
176,1951,Decision Before Dawn,/wiki/Decision_Before_Dawn,False,"{'Domestic': 'N/A', 'International': '$608,881', 'Worldwide': '$608,881'}"
177,1951,A Place in the Sun ,/wiki/A_Place_in_the_Sun_(1951_film),False,"{'Domestic': 'N/A', 'International': 'N/A', 'Worldwide': 'N/A'}"
178,1951,Quo Vadis ,/wiki/Quo_Vadis_(1951_film),False,"{'Domestic': 'N/A', 'International': '$101,486', 'Worldwide': '$101,486'}"
179,1951,A Streetcar Named Desire ,/wiki/A_Streetcar_Named_Desire_(1951_film),False,"{'Domestic': 'N/A', 'International': '$49,523', 'Worldwide': '$49,523'}"
183,1952,Moulin Rouge ,/wiki/Moulin_Rouge_(1952_film),False,"{'Domestic': '$57,386,607', 'International': '$127,548,713', 'Worldwide': '$184,935,320'}"
182,1952,Ivanhoe ,/wiki/Ivanhoe_(1952_film),False,"{'Domestic': 'N/A', 'International': '$5,246', 'Worldwide': '$5,246'}"
184,1952,The Quiet Man,/wiki/The_Quiet_Man,False,"{'Domestic': 'N/A', 'International': 'N/A', 'Worldwide': 'N/A'}"
180,1952,The Greatest Show on Earth ,/wiki/The_Greatest_Show_on_Earth_(film),True,"{'Domestic': '$36,000,000', 'International': 'N/A', 'Worldwide': '$36,000,000'}"
181,1952,High Noon,/wiki/High_Noon,False,"{'Domestic': 'N/A', 'International': 'N/A', 'Worldwide': 'N/A'}"
185,1953,From Here to Eternity,/wiki/From_Here_to_Eternity,True,"{'Domestic': '$36,416', 'International': 'N/A', 'Worldwide': '$36,416'}"
186,1953,Julius Caesar ,/wiki/Julius_Caesar_(1953_film),False,"{'Domestic': 'N/A', 'International': '$10,831', 'Worldwide': '$10,831'}"
187,1953,The Robe ,/wiki/The_Robe_(film),False,"{'Domestic': '$36,000,000', 'International': '$10,866', 'Worldwide': '$36,010,866'}"
188,1953,Roman Holiday,/wiki/Roman_Holiday,False,"{'Domestic': 'N/A', 'International': '$6,607', 'Worldwide': '$6,607'}"
189,1953,Shane ,/wiki/Shane_(film),False,"{'Domestic': '$2,455', 'International': '$144,532', 'Worldwide': '$146,987'}"
194,1954,Three Coins in the Fountain ,/wiki/Three_Coins_in_the_Fountain_(film),False,"{'Domestic': '$46,808', 'International': 'N/A', 'Worldwide': '$46,808'}"
193,1954,Seven Brides for Seven Brothers,/wiki/Seven_Brides_for_Seven_Brothers,False,"{'Domestic': 'N/A', 'International': '$13,672', 'Worldwide': '$13,672'}"
190,1954,On the Waterfront,/wiki/On_the_Waterfront,True,"{'Domestic': 'N/A', 'International': 'N/A', 'Worldwide': 'N/A'}"
191,1954,The Caine Mutiny ,/wiki/The_Caine_Mutiny_(film),False,"{'Domestic': '$21,750,000', 'International': 'N/A', 'Worldwide': '$21,750,000'}"
192,1954,The Country Girl ,/wiki/The_Country_Girl_(1954_film),False,"{'Domestic': '$65,705,771', 'International': '$32,299,895', 'Worldwide': '$98,005,666'}"
195,1955,Marty ,/wiki/Marty_(film),True,"{'Domestic': 'N/A', 'International': 'N/A', 'Worldwide': 'N/A'}"
196,1955,Love Is a Many-Splendored Thing ,/wiki/Love_Is_a_Many-Splendored_Thing_(film),False,"{'Domestic': 'N/A', 'International': '$30,330', 'Worldwide': '$30,330'}"
197,1955,Mister Roberts ,/wiki/Mister_Roberts_(1955_film),False,"{'Domestic': 'N/A', 'International': 'N/A', 'Worldwide': 'N/A'}"
198,1955,Picnic ,/wiki/Picnic_(1955_film),False,"{'Domestic': 'N/A', 'International': '$4,534', 'Worldwide': '$4,534'}"
199,1955,The Rose Tattoo ,/wiki/The_Rose_Tattoo_(film),False,"{'Domestic': '$29,174,648', 'International': 'N/A', 'Worldwide': '$29,174,648'}"
203,1956,The King and I ,/wiki/The_King_and_I_(1956_film),False,"{'Domestic': '$21,300,000', 'International': '$415', 'Worldwide': '$21,300,415'}"
204,1956,The Ten Commandments ,/wiki/The_Ten_Commandments_(1956_film),False,"{'Domestic': '$65,500,000', 'International': 'N/A', 'Worldwide': '$65,500,000'}"
202,1956,Giant ,/wiki/Giant_(1956_film),False,"{'Domestic': '$32,855,818', 'International': 'N/A', 'Worldwide': '$32,855,818'}"
200,1956,Around the World in 80 Days ,/wiki/Around_the_World_in_80_Days_(1956_film),True,"{'Domestic': '$24,008,137', 'International': '$48,170,758', 'Worldwide': '$72,178,895'}"
205,1957,The Bridge on the River Kwai,/wiki/The_Bridge_on_the_River_Kwai,True,"{'Domestic': '$27,200,000', 'International': 'N/A', 'Worldwide': '$27,200,000'}"
206,1957,12 Angry Men ,/wiki/12_Angry_Men_(1957_film),False,"{'Domestic': 'N/A', 'International': '$955', 'Worldwide': '$955'}"
208,1957,Sayonara,/wiki/Sayonara,False,"{'Domestic': '$50,888,729', 'International': 'N/A', 'Worldwide': '$50,888,729'}"
209,1957,Witness for the Prosecution ,/wiki/Witness_for_the_Prosecution_(1957_film),False,"{'Domestic': 'N/A', 'International': '$7,693', 'Worldwide': '$7,693'}"
214,1958,Separate Tables ,/wiki/Separate_Tables_(film),False,"{'Domestic': 'N/A', 'International': 'N/A', 'Worldwide': 'N/A'}"
213,1958,The Defiant Ones,/wiki/The_Defiant_Ones,False,"{'Domestic': 'N/A', 'International': '$358,399', 'Worldwide': '$358,399'}"
212,1958,Cat on a Hot Tin Roof ,/wiki/Cat_on_a_Hot_Tin_Roof_(1958_film),False,"{'Domestic': 'N/A', 'International': 'N/A', 'Worldwide': 'N/A'}"
210,1958,Gigi ,/wiki/Gigi_(1958_film),True,"{'Domestic': 'N/A', 'International': 'N/A', 'Worldwide': 'N/A'}"
211,1958,Auntie Mame ,/wiki/Auntie_Mame_(film),False,"{'Domestic': 'N/A', 'International': 'N/A', 'Worldwide': 'N/A'}"
215,1959,Ben-Hur ,/wiki/Ben-Hur_(1959_film),True,"{'Domestic': '$74,432,704', 'International': '$5,016', 'Worldwide': '$74,437,720'}"
216,1959,Anatomy of a Murder,/wiki/Anatomy_of_a_Murder,False,"{'Domestic': 'N/A', 'International': '$194', 'Worldwide': '$194'}"
217,1959,The Diary of Anne Frank ,/wiki/The_Diary_of_Anne_Frank_(1959_film),False,"{'Domestic': 'N/A', 'International': '$3,068,263', 'Worldwide': '$3,068,263'}"
218,1959,The Nun's Story ,/wiki/The_Nun%27s_Story_(film),False,"{'Domestic': '$117,481,222', 'International': '$248,101,575', 'Worldwide': '$365,582,797'}"
224,1960,The Sundowners ,/wiki/The_Sundowners_(1960_film),False,"{'Domestic': 'N/A', 'International': 'N/A', 'Worldwide': 'N/A'}"
223,1960,Sons and Lovers ,/wiki/Sons_and_Lovers_(film),False,"{'Domestic': '$128,261,724', 'International': '$286,089,822', 'Worldwide': '$414,351,546'}"
221,1960,The Alamo ,/wiki/The_Alamo_(1960_film),False,"{'Domestic': 'N/A', 'International': '$6,334', 'Worldwide': '$6,334'}"
222,1960,Elmer Gantry ,/wiki/Elmer_Gantry_(film),False,"{'Domestic': 'N/A', 'International': '$64', 'Worldwide': '$64'}"
220,1960,The Apartment,/wiki/The_Apartment,True,"{'Domestic': '$18,600,000', 'International': '$178,738', 'Worldwide': '$18,778,738'}"
225,1961,West Side Story ,/wiki/West_Side_Story_(1961_film),True,"{'Domestic': '$38,530,322', 'International': '$37,485,849', 'Worldwide': '$76,016,171'}"
226,1961,Fanny ,/wiki/Fanny_(1961_film),False,"{'Domestic': '$8,735', 'International': '$362,922', 'Worldwide': '$371,657'}"
227,1961,The Guns of Navarone ,/wiki/The_Guns_of_Navarone_(film),False,"{'Domestic': 'N/A', 'International': 'N/A', 'Worldwide': 'N/A'}"
228,1961,The Hustler,/wiki/The_Hustler,False,"{'Domestic': 'N/A', 'International': 'N/A', 'Worldwide': 'N/A'}"
229,1961,Judgment at Nuremberg,/wiki/Judgment_at_Nuremberg,False,"{'Domestic': 'N/A', 'International': '$12,180', 'Worldwide': '$12,180'}"
230,1962,Lawrence of Arabia ,/wiki/Lawrence_of_Arabia_(film),True,"{'Domestic': '$45,306,425', 'International': '$414,206', 'Worldwide': '$45,720,631'}"
231,1962,The Longest Day ,/wiki/The_Longest_Day_(film),False,"{'Domestic': 'N/A', 'International': 'N/A', 'Worldwide': 'N/A'}"
232,1962,The Music Man ,/wiki/The_Music_Man_(1962_film),False,"{'Domestic': 'N/A', 'International': 'N/A', 'Worldwide': 'N/A'}"
233,1962,Mutiny on the Bounty ,/wiki/Mutiny_on_the_Bounty_(1962_film),False,"{'Domestic': 'N/A', 'International': 'N/A', 'Worldwide': 'N/A'}"
234,1962,To Kill a Mockingbird ,/wiki/To_Kill_a_Mockingbird_(film),False,"{'Domestic': '$592,237', 'International': '$6,909', 'Worldwide': '$599,146'}"
238,1963,How the West Was Won ,/wiki/How_the_West_Was_Won_(film),False,"{'Domestic': '$76,729', 'International': 'N/A', 'Worldwide': '$76,729'}"
239,1963,Lilies of the Field ,/wiki/Lilies_of_the_Field_(1963_film),False,"{'Domestic': 'N/A', 'International': '$2,476,539', 'Worldwide': '$2,476,539'}"
236,1963,America America,/wiki/America_America,False,"{'Domestic': '$176,654,505', 'International': '$193,915,269', 'Worldwide': '$370,569,774'}"
237,1963,Cleopatra ,/wiki/Cleopatra_(1963_film),False,"{'Domestic': '$57,777,778', 'International': 'N/A', 'Worldwide': '$57,777,778'}"
240,1964,My Fair Lady ,/wiki/My_Fair_Lady_(film),True,"{'Domestic': '$72,560,711', 'International': '$71,942', 'Worldwide': '$72,632,653'}"
241,1964,Becket ,/wiki/Becket_(1964_film),False,"{'Domestic': '$149,327', 'International': 'N/A', 'Worldwide': '$149,327'}"
242,1964,Dr. Strangelove,/wiki/Dr._Strangelove,False,"{'Domestic': '$9,440,272', 'International': '$83,192', 'Worldwide': '$9,523,464'}"
243,1964,Mary Poppins ,/wiki/Mary_Poppins_(film),False,"{'Domestic': '$102,272,727', 'International': '$809,653', 'Worldwide': '$103,082,380'}"
244,1964,Zorba the Greek ,/wiki/Zorba_the_Greek_(film),False,"{'Domestic': 'N/A', 'International': 'N/A', 'Worldwide': 'N/A'}"
245,1965,The Sound of Music ,/wiki/The_Sound_of_Music_(film),True,"{'Domestic': '$159,287,539', 'International': '$150,205', 'Worldwide': '$159,437,744'}"
246,1965,Darling ,/wiki/Darling_(1965_film),False,"{'Domestic': '$45,309,403', 'International': '$42,300,000', 'Worldwide': '$87,609,403'}"
247,1965,Doctor Zhivago ,/wiki/Doctor_Zhivago_(film),False,"{'Domestic': '$111,721,910', 'International': '$200,232', 'Worldwide': '$111,922,142'}"
248,1965,Ship of Fools ,/wiki/Ship_of_Fools_(film),False,"{'Domestic': '$2,198,044', 'International': 'N/A', 'Worldwide': '$2,198,044'}"
249,1965,A Thousand Clowns,/wiki/A_Thousand_Clowns,False,"{'Domestic': '$3,400,020', 'International': '$27,191', 'Worldwide': '$3,427,211'}"
253,1966,The Sand Pebbles ,/wiki/The_Sand_Pebbles_(film),False,"{'Domestic': 'N/A', 'International': 'N/A', 'Worldwide': 'N/A'}"
254,1966,Who's Afraid of Virginia Woolf? ,/wiki/Who%27s_Afraid_of_Virginia_Woolf%3F_(film),False,"{'Domestic': '$28,000,000', 'International': '$5,068', 'Worldwide': '$28,005,068'}"
252,1966,"The Russians Are Coming, the Russians Are Coming","/wiki/The_Russians_Are_Coming,_the_Russians_Are_Coming",False,"{'Domestic': 'N/A', 'International': '$221,359', 'Worldwide': '$221,359'}"
250,1966,A Man for All Seasons ,/wiki/A_Man_for_All_Seasons_(1966_film),True,"{'Domestic': 'N/A', 'International': 'N/A', 'Worldwide': 'N/A'}"
251,1966,Alfie ,/wiki/Alfie_(1966_film),False,"{'Domestic': '$13,399,812', 'International': '$21,661,070', 'Worldwide': '$35,060,882'}"
258,1967,The Graduate,/wiki/The_Graduate,False,"{'Domestic': '$104,945,305', 'International': '$69,703', 'Worldwide': '$105,015,008'}"
257,1967,Doctor Dolittle ,/wiki/Doctor_Dolittle_(1967_film),False,"{'Domestic': '$144,156,605', 'International': '$150,300,000', 'Worldwide': '$294,456,605'}"
259,1967,Guess Who's Coming to Dinner,/wiki/Guess_Who%27s_Coming_to_Dinner,False,"{'Domestic': '$56,666,667', 'International': 'N/A', 'Worldwide': '$56,666,667'}"
255,1967,In the Heat of the Night ,/wiki/In_the_Heat_of_the_Night_(film),True,"{'Domestic': 'N/A', 'International': '$27,669', 'Worldwide': '$27,669'}"
256,1967,Bonnie and Clyde ,/wiki/Bonnie_and_Clyde_(film),False,"{'Domestic': 'N/A', 'International': 'N/A', 'Worldwide': 'N/A'}"
260,1968,Oliver! ,/wiki/Oliver!_(film),True,"{'Domestic': 'N/A', 'International': 'N/A', 'Worldwide': 'N/A'}"
261,1968,Funny Girl ,/wiki/Funny_Girl_(film),False,"{'Domestic': '$52,223,306', 'International': '$1,330', 'Worldwide': '$52,224,636'}"
262,1968,The Lion in Winter ,/wiki/The_Lion_in_Winter_(1968_film),False,"{'Domestic': '$18,177', 'International': 'N/A', 'Worldwide': '$18,177'}"
263,1968,"Rachel, Rachel","/wiki/Rachel,_Rachel",False,"{'Domestic': '$2,716,368', 'International': '$6,483,800', 'Worldwide': '$9,200,168'}"
264,1968,Romeo and Juliet ,/wiki/Romeo_and_Juliet_(1968_film),False,"{'Domestic': 'N/A', 'International': '$6,292', 'Worldwide': '$6,292'}"
268,1969,"Hello, Dolly! ","/wiki/Hello,_Dolly!_(film)",False,"{'Domestic': '$400,881', 'International': 'N/A', 'Worldwide': '$400,881'}"
267,1969,Butch Cassidy and the Sundance Kid,/wiki/Butch_Cassidy_and_the_Sundance_Kid,False,"{'Domestic': '$102,308,889', 'International': '$2,404', 'Worldwide': '$102,311,293'}"
269,1969,Z ,/wiki/Z_(1969_film),False,"{'Domestic': '$10,582,266', 'International': '$38,627,011', 'Worldwide': '$49,209,277'}"
265,1969,Midnight Cowboy,/wiki/Midnight_Cowboy,True,"{'Domestic': '$44,785,053', 'International': '$16,124', 'Worldwide': '$44,801,177'}"
266,1969,Anne of the Thousand Days,/wiki/Anne_of_the_Thousand_Days,False,"{'Domestic': 'N/A', 'International': 'N/A', 'Worldwide': 'N/A'}"
270,1970,Patton ,/wiki/Patton_(film),True,"{'Domestic': '$61,749,765', 'International': 'N/A', 'Worldwide': '$61,749,765'}"
271,1970,Airport ,/wiki/Airport_(1970_film),False,"{'Domestic': '$100,489,151', 'International': 'N/A', 'Worldwide': '$100,489,151'}"
272,1970,Five Easy Pieces,/wiki/Five_Easy_Pieces,False,"{'Domestic': 'N/A', 'International': 'N/A', 'Worldwide': 'N/A'}"
273,1970,Love Story ,/wiki/Love_Story_(1970_film),False,"{'Domestic': '$106,550,690', 'International': 'N/A', 'Worldwide': '$106,550,690'}"
274,1970,M*A*S*H ,/wiki/M*A*S*H_(film),False,"{'Domestic': '$81,600,000', 'International': 'N/A', 'Worldwide': '$81,600,000'}"
275,1971,The French Connection ,/wiki/The_French_Connection_(film),True,"{'Domestic': '$51,700,000', 'International': '$666', 'Worldwide': '$51,700,666'}"
276,1971,A Clockwork Orange ,/wiki/A_Clockwork_Orange_(film),False,"{'Domestic': '$26,617,553', 'International': '$342,821', 'Worldwide': '$26,960,374'}"
277,1971,Fiddler on the Roof ,/wiki/Fiddler_on_the_Roof_(film),False,"{'Domestic': '$10,404,330', 'International': '$1,127', 'Worldwide': '$10,405,457'}"
278,1971,The Last Picture Show,/wiki/The_Last_Picture_Show,False,"{'Domestic': '$29,133,000', 'International': '$13,131', 'Worldwide': '$29,146,131'}"
279,1971,Nicholas and Alexandra,/wiki/Nicholas_and_Alexandra,False,"{'Domestic': 'N/A', 'International': '$1,323,126', 'Worldwide': '$1,323,126'}"
283,1972,Sounder ,/wiki/Sounder_(film),False,"{'Domestic': 'N/A', 'International': '$2,562,285', 'Worldwide': '$2,562,285'}"
282,1972,The Emigrants ,/wiki/The_Emigrants_(film),False,"{'Domestic': 'N/A', 'International': '$587,351', 'Worldwide': '$587,351'}"
567,1972,The Godfather,/wiki/The_Godfather,True,"{'Domestic': '$136,381,073', 'International': '$113,960,743', 'Worldwide': '$250,341,816'}"
280,1972,Cabaret ,/wiki/Cabaret_(1972_film),False,"{'Domestic': 'N/A', 'International': '$108,405', 'Worldwide': '$108,405'}"
281,1972,Deliverance,/wiki/Deliverance,False,"{'Domestic': 'N/A', 'International': '$4,534', 'Worldwide': '$4,534'}"
284,1973,The Sting,/wiki/The_Sting,True,"{'Domestic': '$156,000,000', 'International': 'N/A', 'Worldwide': '$156,000,000'}"
285,1973,American Graffiti,/wiki/American_Graffiti,False,"{'Domestic': '$115,000,000', 'International': '$889', 'Worldwide': '$115,000,889'}"
286,1973,Cries and Whispers,/wiki/Cries_and_Whispers,False,"{'Domestic': 'N/A', 'International': '$26,968', 'Worldwide': '$26,968'}"
287,1973,A Touch of Class ,/wiki/A_Touch_of_Class_(film),False,"{'Domestic': '$22,026,369', 'International': 'N/A', 'Worldwide': '$22,026,369'}"
568,1973,The Exorcist,/wiki/The_Exorcist,False,"{'Domestic': '$19,134,717', 'International': '$47,097,175', 'Worldwide': '$66,231,892'}"
288,1974,The Godfather Part II,/wiki/The_Godfather_Part_II,True,"{'Domestic': '$47,834,595', 'International': '$127,324', 'Worldwide': '$47,961,919'}"
289,1974,Chinatown ,/wiki/Chinatown_(1974_film),False,"{'Domestic': '$29,200,000', 'International': '$26,502', 'Worldwide': '$29,226,502'}"
290,1974,The Conversation,/wiki/The_Conversation,False,"{'Domestic': '$4,671,805', 'International': '$24,924', 'Worldwide': '$4,696,729'}"
291,1974,Lenny ,/wiki/Lenny_(film),False,"{'Domestic': 'N/A', 'International': 'N/A', 'Worldwide': 'N/A'}"
292,1974,The Towering Inferno,/wiki/The_Towering_Inferno,False,"{'Domestic': '$116,000,000', 'International': 'N/A', 'Worldwide': '$116,000,000'}"
297,1975,Nashville ,/wiki/Nashville_(film),False,"{'Domestic': '$9,984,123', 'International': '$7,135', 'Worldwide': '$9,991,258'}"
295,1975,Dog Day Afternoon,/wiki/Dog_Day_Afternoon,False,"{'Domestic': '$50,000,000', 'International': 'N/A', 'Worldwide': '$50,000,000'}"
294,1975,Barry Lyndon,/wiki/Barry_Lyndon,False,"{'Domestic': 'N/A', 'International': '$234,077', 'Worldwide': '$234,077'}"
293,1975,One Flew Over the Cuckoo's Nest ,/wiki/One_Flew_Over_the_Cuckoo%27s_Nest_(film),True,"{'Domestic': '$108,981,275', 'International': '$133,542', 'Worldwide': '$109,114,817'}"
296,1975,Jaws ,/wiki/Jaws_(film),False,"{'Domestic': '$265,859,065', 'International': '$210,653,000', 'Worldwide': '$476,512,065'}"
300,1976,Bound for Glory ,/wiki/Bound_for_Glory_(1976_film),False,"{'Domestic': '$5,672,846', 'International': '$4,500,836', 'Worldwide': '$10,173,682'}"
301,1976,Network ,/wiki/Network_(1976_film),False,"{'Domestic': '$23,689,877', 'International': '$880', 'Worldwide': '$23,690,757'}"
302,1976,Taxi Driver,/wiki/Taxi_Driver,False,"{'Domestic': '$28,262,574', 'International': '$310,749', 'Worldwide': '$28,573,323'}"
298,1976,Rocky,/wiki/Rocky,True,"{'Domestic': '$117,235,147', 'International': '$15,255', 'Worldwide': '$117,250,402'}"
299,1976,All the President's Men ,/wiki/All_the_President%27s_Men_(film),False,"{'Domestic': '$70,600,000', 'International': 'N/A', 'Worldwide': '$70,600,000'}"
303,1977,Annie Hall,/wiki/Annie_Hall,True,"{'Domestic': '$38,251,425', 'International': '$36,603', 'Worldwide': '$38,288,028'}"
304,1977,The Goodbye Girl,/wiki/The_Goodbye_Girl,False,"{'Domestic': '$65,705,771', 'International': '$32,299,895', 'Worldwide': '$98,005,666'}"
305,1977,Julia ,/wiki/Julia_(1977_film),False,"{'Domestic': '$20,714,400', 'International': 'N/A', 'Worldwide': '$20,714,400'}"
306,1977,Star Wars ,/wiki/Star_Wars_(film),False,"{'Domestic': '$460,998,507', 'International': '$195,751,992', 'Worldwide': '$775,398,007'}"
307,1977,The Turning Point ,/wiki/The_Turning_Point_(1977_film),False,"{'Domestic': '$25,933,445', 'International': 'N/A', 'Worldwide': '$25,933,445'}"
311,1978,Midnight Express ,/wiki/Midnight_Express_(film),False,"{'Domestic': '$35,000,000', 'International': 'N/A', 'Worldwide': '$35,000,000'}"
312,1978,An Unmarried Woman,/wiki/An_Unmarried_Woman,False,"{'Domestic': 'N/A', 'International': 'N/A', 'Worldwide': 'N/A'}"
309,1978,Coming Home ,/wiki/Coming_Home_(1978_film),False,"{'Domestic': '$32,653,905', 'International': 'N/A', 'Worldwide': '$32,653,905'}"
308,1978,The Deer Hunter,/wiki/The_Deer_Hunter,True,"{'Domestic': '$48,979,328', 'International': '$95,051', 'Worldwide': '$49,074,379'}"
310,1978,Heaven Can Wait ,/wiki/Heaven_Can_Wait_(1978_film),False,"{'Domestic': '$81,640,278', 'International': 'N/A', 'Worldwide': '$81,640,278'}"
313,1979,Kramer vs. Kramer,/wiki/Kramer_vs._Kramer,True,"{'Domestic': '$106,260,000', 'International': 'N/A', 'Worldwide': '$106,260,000'}"
314,1979,All That Jazz ,/wiki/All_That_Jazz_(film),False,"{'Domestic': '$37,823,676', 'International': 'N/A', 'Worldwide': '$37,823,676'}"
315,1979,Apocalypse Now,/wiki/Apocalypse_Now,False,"{'Domestic': '$96,042,913', 'International': '$8,837,955', 'Worldwide': '$104,880,868'}"
316,1979,Breaking Away,/wiki/Breaking_Away,False,"{'Domestic': '$16,424,918', 'International': 'N/A', 'Worldwide': '$16,424,918'}"
317,1979,Norma Rae,/wiki/Norma_Rae,False,"{'Domestic': '$22,228,000', 'International': 'N/A', 'Worldwide': '$22,228,000'}"
318,1980,Ordinary People,/wiki/Ordinary_People,True,"{'Domestic': '$54,766,923', 'International': 'N/A', 'Worldwide': '$54,766,923'}"
319,1980,Coal Miner's Daughter ,/wiki/Coal_Miner%27s_Daughter_(film),False,"{'Domestic': '$67,182,787', 'International': 'N/A', 'Worldwide': '$67,182,787'}"
320,1980,The Elephant Man ,/wiki/The_Elephant_Man_(film),False,"{'Domestic': '$26,010,864', 'International': '$12,996', 'Worldwide': '$26,023,860'}"
321,1980,Raging Bull,/wiki/Raging_Bull,False,"{'Domestic': '$23,383,987', 'International': '$19,925', 'Worldwide': '$23,403,912'}"
322,1980,Tess ,/wiki/Tess_(1979_film),False,"{'Domestic': '$20,093,330', 'International': '$7,917', 'Worldwide': '$20,101,247'}"
326,1981,Reds ,/wiki/Reds_(film),False,"{'Domestic': '$40,382,659', 'International': '$129', 'Worldwide': '$40,382,788'}"
569,1981,Raiders of the Lost Ark,/wiki/Raiders_of_the_Lost_Ark,False,"{'Domestic': '$248,159,971', 'International': '$141,766,000', 'Worldwide': '$389,925,971'}"
323,1981,Chariots of Fire,/wiki/Chariots_of_Fire,True,"{'Domestic': '$58,972,904', 'International': '$330,455', 'Worldwide': '$59,303,359'}"
324,1981,Atlantic City ,/wiki/Atlantic_City_(1980_film),False,"{'Domestic': '$12,729,675', 'International': 'N/A', 'Worldwide': '$12,729,675'}"
325,1981,On Golden Pond ,/wiki/On_Golden_Pond_(1981_film),False,"{'Domestic': '$119,285,432', 'International': 'N/A', 'Worldwide': '$119,285,432'}"
327,1982,Gandhi ,/wiki/Gandhi_(film),True,"{'Domestic': '$52,767,889', 'International': 'N/A', 'Worldwide': '$52,767,889'}"
570,1982,E.T. the Extra-Terrestrial,/wiki/E.T._the_Extra-Terrestrial,False,"{'Domestic': '$437,141,279', 'International': '$304,203,888', 'Worldwide': '$792,910,554'}"
330,1982,The Verdict,/wiki/The_Verdict,False,"{'Domestic': '$53,977,250', 'International': '$16,488', 'Worldwide': '$53,993,738'}"
328,1982,Missing ,/wiki/Missing_(1982_film),False,"{'Domestic': '$32,502,025', 'International': '$16,065,993', 'Worldwide': '$48,568,018'}"
329,1982,Tootsie,/wiki/Tootsie,False,"{'Domestic': '$177,200,000', 'International': '$271', 'Worldwide': '$177,200,271'}"
333,1983,The Dresser ,/wiki/The_Dresser_(1983_film),False,"{'Domestic': '$5,310,748', 'International': 'N/A', 'Worldwide': '$5,310,748'}"
334,1983,The Right Stuff ,/wiki/The_Right_Stuff_(film),False,"{'Domestic': '$21,192,102', 'International': '$213', 'Worldwide': '$21,192,315'}"
335,1983,Tender Mercies,/wiki/Tender_Mercies,False,"{'Domestic': '$8,443,124', 'International': 'N/A', 'Worldwide': '$8,443,124'}"
331,1983,Terms of Endearment,/wiki/Terms_of_Endearment,True,"{'Domestic': '$108,423,489', 'International': '$260', 'Worldwide': '$108,423,749'}"
332,1983,The Big Chill ,/wiki/The_Big_Chill_(film),False,"{'Domestic': '$56,399,659', 'International': 'N/A', 'Worldwide': '$56,399,659'}"
336,1984,Amadeus ,/wiki/Amadeus_(film),True,"{'Domestic': '$51,973,029', 'International': '$93,762', 'Worldwide': '$52,066,791'}"
337,1984,The Killing Fields ,/wiki/The_Killing_Fields_(film),False,"{'Domestic': '$34,700,291', 'International': 'N/A', 'Worldwide': '$34,700,291'}"
338,1984,A Passage to India ,/wiki/A_Passage_to_India_(film),False,"{'Domestic': '$27,187,653', 'International': '$13,834', 'Worldwide': '$27,201,487'}"
339,1984,Places in the Heart,/wiki/Places_in_the_Heart,False,"{'Domestic': '$34,901,614', 'International': 'N/A', 'Worldwide': '$34,901,614'}"
340,1984,A Soldier's Story,/wiki/A_Soldier%27s_Story,False,"{'Domestic': '$21,821,347', 'International': 'N/A', 'Worldwide': '$21,821,347'}"
343,1985,Kiss of the Spider Woman ,/wiki/Kiss_of_the_Spider_Woman_(film),False,"{'Domestic': '$17,005,229', 'International': '$4,425', 'Worldwide': '$17,009,654'}"
344,1985,Prizzi's Honor,/wiki/Prizzi%27s_Honor,False,"{'Domestic': '$26,657,534', 'International': 'N/A', 'Worldwide': '$26,657,534'}"
342,1985,The Color Purple ,/wiki/The_Color_Purple_(1985_film),False,"{'Domestic': 'N/A', 'International': 'N/A', 'Worldwide': 'N/A'}"
341,1985,Out of Africa ,/wiki/Out_of_Africa_(film),True,"{'Domestic': '$87,071,205', 'International': '$140,443,000', 'Worldwide': '$227,514,205'}"
345,1985,Witness ,/wiki/Witness_(1985_film),False,"{'Domestic': '$68,706,993', 'International': 'N/A', 'Worldwide': '$68,706,993'}"
347,1986,Children of a Lesser God ,/wiki/Children_of_a_Lesser_God_(film),False,"{'Domestic': '$31,853,080', 'International': 'N/A', 'Worldwide': '$31,853,080'}"
348,1986,Hannah and Her Sisters,/wiki/Hannah_and_Her_Sisters,False,"{'Domestic': '$40,084,041', 'International': 'N/A', 'Worldwide': '$40,084,041'}"
349,1986,The Mission ,/wiki/The_Mission_(1986_film),False,"{'Domestic': '$17,218,023', 'International': '$284,476', 'Worldwide': '$17,502,499'}"
350,1986,A Room with a View ,/wiki/A_Room_with_a_View_(1985_film),False,"{'Domestic': '$20,966,644', 'International': '$74,809', 'Worldwide': '$21,041,453'}"
346,1986,Platoon ,/wiki/Platoon_(film),True,"{'Domestic': '$138,530,565', 'International': '$15,067', 'Worldwide': '$138,545,632'}"
351,1987,The Last Emperor,/wiki/The_Last_Emperor,True,"{'Domestic': '$43,984,230', 'International': '$9,639', 'Worldwide': '$43,993,869'}"
352,1987,Broadcast News ,/wiki/Broadcast_News_(film),False,"{'Domestic': '$51,249,404', 'International': '$16,081,905', 'Worldwide': '$67,331,309'}"
353,1987,Hope and Glory ,/wiki/Hope_and_Glory_(film),False,"{'Domestic': '$10,021,120', 'International': 'N/A', 'Worldwide': '$10,021,120'}"
354,1987,Moonstruck,/wiki/Moonstruck,False,"{'Domestic': '$80,640,528', 'International': '$1,689', 'Worldwide': '$80,642,217'}"
571,1987,Fatal Attraction,/wiki/Fatal_Attraction,False,"{'Domestic': '$156,645,693', 'International': '$163,500,000', 'Worldwide': '$320,145,693'}"
572,1988,Rain Man,/wiki/Rain_Man,True,"{'Domestic': '$172,825,435', 'International': '$182,000,000', 'Worldwide': '$354,825,435'}"
358,1988,Working Girl,/wiki/Working_Girl,False,"{'Domestic': '$63,779,477', 'International': '$39,173,635', 'Worldwide': '$102,953,112'}"
355,1988,The Accidental Tourist ,/wiki/The_Accidental_Tourist_(film),False,"{'Domestic': '$32,632,093', 'International': 'N/A', 'Worldwide': '$32,632,093'}"
356,1988,Dangerous Liaisons,/wiki/Dangerous_Liaisons,False,"{'Domestic': '$34,670,720', 'International': 'N/A', 'Worldwide': '$34,670,720'}"
357,1988,Mississippi Burning,/wiki/Mississippi_Burning,False,"{'Domestic': '$34,603,943', 'International': 'N/A', 'Worldwide': '$34,603,943'}"
362,1989,Field of Dreams,/wiki/Field_of_Dreams,False,"{'Domestic': '$64,431,625', 'International': '$20,000,000', 'Worldwide': '$84,431,625'}"
360,1989,Born on the Fourth of July ,/wiki/Born_on_the_Fourth_of_July_(film),False,"{'Domestic': '$70,001,698', 'International': '$91,000,000', 'Worldwide': '$161,001,698'}"
361,1989,Dead Poets Society,/wiki/Dead_Poets_Society,False,"{'Domestic': '$95,860,116', 'International': '$140,000,000', 'Worldwide': '$235,860,116'}"
359,1989,Driving Miss Daisy,/wiki/Driving_Miss_Daisy,True,"{'Domestic': '$106,593,296', 'International': '$39,200,000', 'Worldwide': '$145,793,296'}"
363,1989,My Left Foot,/wiki/My_Left_Foot,False,"{'Domestic': '$14,743,391', 'International': 'N/A', 'Worldwide': '$14,743,391'}"
365,1990,Ghost ,/wiki/Ghost_(1990_film),False,"{'Domestic': '$217,631,306', 'International': '$288,072,251', 'Worldwide': '$505,703,557'}"
364,1990,Awakenings,/wiki/Awakenings,False,"{'Domestic': '$52,096,475', 'International': 'N/A', 'Worldwide': '$52,096,475'}"
367,1990,Goodfellas,/wiki/Goodfellas,False,"{'Domestic': '$46,909,721', 'International': '$127,063', 'Worldwide': '$47,036,784'}"
573,1990,Dances with Wolves,/wiki/Dances_with_Wolves,True,"{'Domestic': '$184,208,848', 'International': '$240,000,000', 'Worldwide': '$424,208,848'}"
366,1990,The Godfather Part III,/wiki/The_Godfather_Part_III,False,"{'Domestic': '$66,761,392', 'International': '$70,100,000', 'Worldwide': '$136,861,392'}"
369,1991,Beauty and the Beast ,/wiki/Beauty_and_the_Beast_(1991_film),False,"{'Domestic': '$504,481,165', 'International': '$761,634,799', 'Worldwide': '$1,266,115,964'}"
368,1991,The Silence of the Lambs ,/wiki/The_Silence_of_the_Lambs_(film),True,"{'Domestic': '$130,742,922', 'International': '$142,000,000', 'Worldwide': '$272,742,922'}"
370,1991,Bugsy,/wiki/Bugsy,False,"{'Domestic': '$49,114,016', 'International': 'N/A', 'Worldwide': '$49,114,016'}"
371,1991,JFK ,/wiki/JFK_(film),False,"{'Domestic': '$70,405,498', 'International': '$135,000,000', 'Worldwide': '$205,405,498'}"
372,1991,The Prince of Tides,/wiki/The_Prince_of_Tides,False,"{'Domestic': '$74,787,599', 'International': 'N/A', 'Worldwide': '$74,787,599'}"
377,1992,Scent of a Woman ,/wiki/Scent_of_a_Woman_(1992_film),False,"{'Domestic': '$63,095,253', 'International': '$71,000,000', 'Worldwide': '$134,095,253'}"
375,1992,A Few Good Men,/wiki/A_Few_Good_Men,False,"{'Domestic': '$141,340,178', 'International': '$101,900,000', 'Worldwide': '$243,240,178'}"
373,1992,Unforgiven,/wiki/Unforgiven,True,"{'Domestic': '$101,167,799', 'International': '$58,000,000', 'Worldwide': '$159,167,799'}"
374,1992,The Crying Game,/wiki/The_Crying_Game,False,"{'Domestic': '$62,548,947', 'International': 'N/A', 'Worldwide': '$62,548,947'}"
376,1992,Howards End ,/wiki/Howards_End_(film),False,"{'Domestic': '$26,126,837', 'International': '$214,899', 'Worldwide': '$26,341,736'}"
381,1993,The Piano,/wiki/The_Piano,False,"{'Domestic': '$40,157,856', 'International': '$27,700', 'Worldwide': '$40,185,556'}"
382,1993,The Remains of the Day ,/wiki/The_Remains_of_the_Day_(film),False,"{'Domestic': '$23,237,911', 'International': 'N/A', 'Worldwide': '$23,237,911'}"
380,1993,In the Name of the Father ,/wiki/In_the_Name_of_the_Father_(film),False,"{'Domestic': '$25,096,862', 'International': '$40,700,000', 'Worldwide': '$65,796,862'}"
379,1993,The Fugitive ,/wiki/The_Fugitive_(1993_film),False,"{'Domestic': '$183,875,760', 'International': '$185,000,000', 'Worldwide': '$368,875,760'}"
378,1993,Schindler's List,/wiki/Schindler%27s_List,True,"{'Domestic': '$96,898,818', 'International': '$225,262,427', 'Worldwide': '$322,161,245'}"
386,1994,The Shawshank Redemption,/wiki/The_Shawshank_Redemption,False,"{'Domestic': '$28,767,189', 'International': '$117,315', 'Worldwide': '$28,884,504'}"
574,1994,Forrest Gump,/wiki/Forrest_Gump,True,"{'Domestic': '$330,455,270', 'International': '$347,771,195', 'Worldwide': '$678,226,465'}"
383,1994,Four Weddings and a Funeral,/wiki/Four_Weddings_and_a_Funeral,False,"{'Domestic': '$52,700,832', 'International': '$193,000,000', 'Worldwide': '$245,700,832'}"
384,1994,Pulp Fiction,/wiki/Pulp_Fiction,False,"{'Domestic': '$107,928,762', 'International': '$106,000,000', 'Worldwide': '$213,928,762'}"
385,1994,Quiz Show ,/wiki/Quiz_Show_(film),False,"{'Domestic': '$24,822,619', 'International': 'N/A', 'Worldwide': '$24,822,619'}"
390,1995,Il Postino: The Postman,/wiki/Il_Postino:_The_Postman,False,"{'Domestic': '$21,848,932', 'International': '$49,988', 'Worldwide': '$21,898,920'}"
387,1995,Braveheart,/wiki/Braveheart,True,"{'Domestic': '$75,609,945', 'International': '$137,606,271', 'Worldwide': '$213,216,216'}"
388,1995,Apollo 13 ,/wiki/Apollo_13_(film),False,"{'Domestic': '$173,837,933', 'International': '$181,077,570', 'Worldwide': '$355,237,933'}"
389,1995,Babe ,/wiki/Babe_(film),False,"{'Domestic': '$63,658,910', 'International': '$190,476,000', 'Worldwide': '$254,134,910'}"
391,1995,Sense and Sensibility ,/wiki/Sense_and_Sensibility_(film),False,"{'Domestic': '$43,182,776', 'International': '$91,400,000', 'Worldwide': '$134,582,776'}"
393,1996,Fargo ,/wiki/Fargo_(1996_film),False,"{'Domestic': '$24,611,975', 'International': '$36,000,000', 'Worldwide': '$60,611,975'}"
575,1996,Jerry Maguire,/wiki/Jerry_Maguire,False,"{'Domestic': '$153,952,592', 'International': '$119,600,000', 'Worldwide': '$273,552,592'}"
392,1996,The English Patient ,/wiki/The_English_Patient_(film),True,"{'Domestic': '$78,676,425', 'International': '$153,300,000', 'Worldwide': '$231,976,425'}"
395,1996,Shine ,/wiki/Shine_(film),False,"{'Domestic': '$35,892,330', 'International': '$106,751', 'Worldwide': '$35,999,081'}"
394,1996,Secrets & Lies ,/wiki/Secrets_%26_Lies_(film),False,"{'Domestic': '$13,417,292', 'International': 'N/A', 'Worldwide': '$13,417,292'}"
399,1997,L.A. Confidential ,/wiki/L.A._Confidential_(film),False,"{'Domestic': '$64,616,940', 'International': '$61,600,000', 'Worldwide': '$126,216,940'}"
398,1997,Good Will Hunting,/wiki/Good_Will_Hunting,False,"{'Domestic': '$138,433,435', 'International': '$87,500,000', 'Worldwide': '$225,933,435'}"
397,1997,As Good as It Gets,/wiki/As_Good_as_It_Gets,False,"{'Domestic': '$148,478,011', 'International': '$165,700,000', 'Worldwide': '$314,178,011'}"
576,1997,The Full Monty,/wiki/The_Full_Monty,False,"{'Domestic': '$45,950,122', 'International': '$211,988,527', 'Worldwide': '$257,938,649'}"
396,1997,Titanic ,/wiki/Titanic_(1997_film),True,"{'Domestic': '$674,292,608', 'International': '$1,590,450,649', 'Worldwide': '$2,264,743,257'}"
402,1998,The Thin Red Line ,/wiki/The_Thin_Red_Line_(1998_film),False,"{'Domestic': '$36,400,491', 'International': '$61,726,074', 'Worldwide': '$98,126,565'}"
401,1998,Life Is Beautiful,/wiki/Life_Is_Beautiful,False,"{'Domestic': '$57,563,264', 'International': '$172,535,749', 'Worldwide': '$230,099,013'}"
400,1998,Elizabeth ,/wiki/Elizabeth_(film),False,"{'Domestic': '$30,082,699', 'International': '$52,067,943', 'Worldwide': '$82,150,642'}"
577,1998,Shakespeare in Love,/wiki/Shakespeare_in_Love,True,"{'Domestic': '$100,317,794', 'International': '$189,000,000', 'Worldwide': '$289,317,794'}"
578,1998,Saving Private Ryan,/wiki/Saving_Private_Ryan,False,"{'Domestic': '$217,049,603', 'International': '$265,300,000', 'Worldwide': '$482,349,603'}"
405,1999,The Green Mile ,/wiki/The_Green_Mile_(film),False,"{'Domestic': '$136,801,374', 'International': '$150,000,000', 'Worldwide': '$286,801,374'}"
406,1999,The Insider ,/wiki/The_Insider_(film),False,"{'Domestic': '$29,089,912', 'International': '$31,200,000', 'Worldwide': '$60,289,912'}"
403,1999,American Beauty ,/wiki/American_Beauty_(1999_film),True,"{'Domestic': '$130,096,601', 'International': '$226,200,000', 'Worldwide': '$356,296,601'}"
579,1999,The Sixth Sense,/wiki/The_Sixth_Sense,False,"{'Domestic': '$293,506,292', 'International': '$379,300,140', 'Worldwide': '$672,806,432'}"
404,1999,The Cider House Rules ,/wiki/The_Cider_House_Rules_(film),False,"{'Domestic': '$57,545,092', 'International': '$31,000,000', 'Worldwide': '$88,545,092'}"
408,2000,Chocolat ,/wiki/Chocolat_(2000_film),False,"{'Domestic': '$71,509,363', 'International': '$81,191,263', 'Worldwide': '$152,700,626'}"
411,2000,Traffic ,/wiki/Traffic_(2000_film),False,"{'Domestic': '$124,115,725', 'International': '$83,400,000', 'Worldwide': '$207,515,725'}"
410,2000,Erin Brockovich ,/wiki/Erin_Brockovich_(film),False,"{'Domestic': '$125,595,205', 'International': '$130,676,081', 'Worldwide': '$256,271,286'}"
409,2000,"Crouching Tiger, Hidden Dragon","/wiki/Crouching_Tiger,_Hidden_Dragon",False,"{'Domestic': '$128,530,421', 'International': '$85,446,864', 'Worldwide': '$213,977,285'}"
407,2000,Gladiator ,/wiki/Gladiator_(2000_film),True,"{'Domestic': '$187,705,427', 'International': '$315,456,886', 'Worldwide': '$503,162,313'}"
416,2001,Moulin Rouge!,/wiki/Moulin_Rouge!,False,"{'Domestic': '$57,386,607', 'International': '$127,548,713', 'Worldwide': '$184,935,320'}"
415,2001,The Lord of the Rings: The Fellowship of the Ring,/wiki/The_Lord_of_the_Rings:_The_Fellowship_of_the_Ring,False,"{'Domestic': '$316,115,420', 'International': '$582,089,000', 'Worldwide': '$898,204,420'}"
414,2001,In the Bedroom,/wiki/In_the_Bedroom,False,"{'Domestic': '$35,930,604', 'International': '$8,832,577', 'Worldwide': '$44,763,181'}"
413,2001,Gosford Park,/wiki/Gosford_Park,False,"{'Domestic': '$41,308,615', 'International': '$46,445,429', 'Worldwide': '$87,754,044'}"
412,2001,A Beautiful Mind ,/wiki/A_Beautiful_Mind_(film),True,"{'Domestic': '$170,742,341', 'International': '$146,048,916', 'Worldwide': '$316,791,257'}"
420,2002,The Pianist ,/wiki/The_Pianist_(2002_film),False,"{'Domestic': '$32,572,577', 'International': '$87,500,000', 'Worldwide': '$120,072,577'}"
580,2002,The Lord of the Rings: The Two Towers,/wiki/The_Lord_of_the_Rings:_The_Two_Towers,False,"{'Domestic': '$342,952,511', 'International': '$604,991,759', 'Worldwide': '$947,944,270'}"
418,2002,Gangs of New York,/wiki/Gangs_of_New_York,False,"{'Domestic': '$77,812,000', 'International': '$115,960,504', 'Worldwide': '$193,772,504'}"
417,2002,Chicago ,/wiki/Chicago_(2002_film),True,"{'Domestic': '$170,687,518', 'International': '$136,089,214', 'Worldwide': '$306,776,732'}"
419,2002,The Hours ,/wiki/The_Hours_(film),False,"{'Domestic': '$41,675,994', 'International': '$67,170,078', 'Worldwide': '$108,846,072'}"
421,2003,The Lord of the Rings: The Return of the King,/wiki/The_Lord_of_the_Rings:_The_Return_of_the_King,True,"{'Domestic': '$379,427,292', 'International': '$768,206,541', 'Worldwide': '$1,147,633,833'}"
422,2003,Lost in Translation ,/wiki/Lost_in_Translation_(film),False,"{'Domestic': '$44,585,453', 'International': '$74,101,484', 'Worldwide': '$118,686,937'}"
423,2003,Master and Commander: The Far Side of the World,/wiki/Master_and_Commander:_The_Far_Side_of_the_World,False,"{'Domestic': '$93,927,920', 'International': '$117,694,615', 'Worldwide': '$211,622,535'}"
424,2003,Mystic River ,/wiki/Mystic_River_(film),False,"{'Domestic': '$90,135,191', 'International': '$66,460,000', 'Worldwide': '$156,595,191'}"
425,2003,Seabiscuit ,/wiki/Seabiscuit_(film),False,"{'Domestic': '$120,277,854', 'International': '$28,058,591', 'Worldwide': '$148,336,445'}"
429,2004,Ray ,/wiki/Ray_(film),False,"{'Domestic': '$75,331,600', 'International': '$48,639,776', 'Worldwide': '$123,971,376'}"
430,2004,Sideways,/wiki/Sideways,False,"{'Domestic': '$71,503,593', 'International': '$38,203,338', 'Worldwide': '$109,706,931'}"
428,2004,Finding Neverland ,/wiki/Finding_Neverland_(film),False,"{'Domestic': '$51,680,613', 'International': '$64,970,000', 'Worldwide': '$116,650,613'}"
427,2004,The Aviator ,/wiki/The_Aviator_(2004_film),False,"{'Domestic': '$102,610,330', 'International': '$111,109,612', 'Worldwide': '$213,719,942'}"
426,2004,Million Dollar Baby,/wiki/Million_Dollar_Baby,True,"{'Domestic': '$100,492,203', 'International': '$116,271,443', 'Worldwide': '$216,763,646'}"
434,2005,"Good Night, and Good Luck","/wiki/Good_Night,_and_Good_Luck",False,"{'Domestic': '$31,558,003', 'International': '$23,083,188', 'Worldwide': '$54,641,191'}"
433,2005,Capote ,/wiki/Capote_(film),False,"{'Domestic': '$28,750,530', 'International': '$20,576,875', 'Worldwide': '$49,327,405'}"
432,2005,Brokeback Mountain,/wiki/Brokeback_Mountain,False,"{'Domestic': '$83,043,761', 'International': '$95,018,998', 'Worldwide': '$178,062,759'}"
431,2005,Crash ,/wiki/Crash_(2004_film),True,"{'Domestic': '$2,664,812', 'International': '$7,043', 'Worldwide': '$2,671,855'}"
435,2005,Munich ,/wiki/Munich_(2005_film),False,"{'Domestic': '$47,403,685', 'International': '$83,578,444', 'Worldwide': '$130,982,129'}"
436,2006,Babel ,/wiki/Babel_(film),False,"{'Domestic': '$34,302,837', 'International': '$101,027,345', 'Worldwide': '$135,330,182'}"
438,2006,Little Miss Sunshine,/wiki/Little_Miss_Sunshine,False,"{'Domestic': '$59,891,098', 'International': '$41,167,856', 'Worldwide': '$101,058,954'}"
581,2006,The Departed,/wiki/The_Departed,True,"{'Domestic': '$132,399,394', 'International': '$159,081,058', 'Worldwide': '$291,480,452'}"
439,2006,The Queen ,/wiki/The_Queen_(2006_film),False,"{'Domestic': '$56,441,711', 'International': '$68,481,442', 'Worldwide': '$124,923,153'}"
437,2006,Letters from Iwo Jima,/wiki/Letters_from_Iwo_Jima,False,"{'Domestic': '$13,756,082', 'International': '$54,917,146', 'Worldwide': '$68,673,228'}"
443,2007,Michael Clayton ,/wiki/Michael_Clayton_(film),False,"{'Domestic': '$49,033,882', 'International': '$43,957,953', 'Worldwide': '$92,991,835'}"
440,2007,No Country for Old Men,/wiki/No_Country_for_Old_Men,True,"{'Domestic': '$74,283,625', 'International': '$97,343,809', 'Worldwide': '$171,627,434'}"
441,2007,Atonement ,/wiki/Atonement_(2007_film),False,"{'Domestic': '$50,927,067', 'International': '$80,089,557', 'Worldwide': '$131,016,624'}"
442,2007,Juno ,/wiki/Juno_(film),False,"{'Domestic': '$143,495,265', 'International': '$88,877,416', 'Worldwide': '$232,372,681'}"
444,2007,There Will Be Blood,/wiki/There_Will_Be_Blood,False,"{'Domestic': '$40,222,514', 'International': '$35,959,874', 'Worldwide': '$76,182,388'}"
582,2008,Slumdog Millionaire,/wiki/Slumdog_Millionaire,True,"{'Domestic': '$141,319,928', 'International': '$237,090,614', 'Worldwide': '$378,410,542'}"
448,2008,The Reader ,/wiki/The_Reader_(2008_film),False,"{'Domestic': '$34,194,407', 'International': '$74,708,079', 'Worldwide': '$108,902,486'}"
447,2008,Milk ,/wiki/Milk_(2008_American_film),False,"{'Domestic': '$31,841,299', 'International': '$22,748,259', 'Worldwide': '$54,589,558'}"
446,2008,Frost/Nixon ,/wiki/Frost/Nixon_(film),False,"{'Domestic': '$18,622,031', 'International': '$8,804,304', 'Worldwide': '$27,426,335'}"
445,2008,The Curious Case of Benjamin Button ,/wiki/The_Curious_Case_of_Benjamin_Button_(film),False,"{'Domestic': '$127,509,326', 'International': '$208,293,460', 'Worldwide': '$335,802,786'}"
456,2009,Up ,/wiki/Up_(2009_film),False,"{'Domestic': '$293,004,164', 'International': '$442,094,938', 'Worldwide': '$735,099,102'}"
583,2009,Inglourious Basterds,/wiki/Inglourious_Basterds,False,"{'Domestic': '$120,540,719', 'International': '$200,917,028', 'Worldwide': '$321,457,747'}"
453,2009,An Education,/wiki/An_Education,False,"{'Domestic': '$12,574,914', 'International': '$13,521,938', 'Worldwide': '$26,096,852'}"
452,2009,District 9,/wiki/District_9,False,"{'Domestic': '$115,646,235', 'International': '$95,242,715', 'Worldwide': '$210,888,950'}"
451,2009,The Blind Side ,/wiki/The_Blind_Side_(film),False,"{'Domestic': '$255,982,860', 'International': '$53,248,834', 'Worldwide': '$309,231,694'}"
450,2009,Avatar ,/wiki/Avatar_(2009_film),False,"{'Domestic': '$785,221,649', 'International': '$2,138,484,377', 'Worldwide': '$2,923,706,026'}"
449,2009,The Hurt Locker,/wiki/The_Hurt_Locker,True,"{'Domestic': '$17,017,811', 'International': '$32,241,955', 'Worldwide': '$49,259,766'}"
454,2009,Precious ,/wiki/Precious_(film),False,"{'Domestic': '$47,566,524', 'International': '$16,083,005', 'Worldwide': '$63,649,529'}"
457,2009,Up in the Air ,/wiki/Up_in_the_Air_(2009_film),False,"{'Domestic': '$83,823,381', 'International': '$83,019,358', 'Worldwide': '$166,842,739'}"
455,2009,A Serious Man,/wiki/A_Serious_Man,False,"{'Domestic': '$9,228,768', 'International': '$22,201,566', 'Worldwide': '$31,430,334'}"
465,2010,Winter's Bone,/wiki/Winter%27s_Bone,False,"{'Domestic': '$6,531,503', 'International': '$7,265,331', 'Worldwide': '$13,796,834'}"
464,2010,True Grit ,/wiki/True_Grit_(2010_film),False,"{'Domestic': '$171,243,005', 'International': '$81,033,922', 'Worldwide': '$252,276,927'}"
463,2010,The Social Network,/wiki/The_Social_Network,False,"{'Domestic': '$96,962,694', 'International': '$127,957,681', 'Worldwide': '$224,920,375'}"
462,2010,127 Hours,/wiki/127_Hours,False,"{'Domestic': '$18,335,230', 'International': '$42,403,567', 'Worldwide': '$60,738,797'}"
461,2010,The Kids Are All Right ,/wiki/The_Kids_Are_All_Right_(film),False,"{'Domestic': '$20,811,365', 'International': '$13,947,586', 'Worldwide': '$34,758,951'}"
460,2010,The Fighter,/wiki/The_Fighter,False,"{'Domestic': '$93,617,009', 'International': '$35,573,860', 'Worldwide': '$129,190,869'}"
459,2010,Black Swan ,/wiki/Black_Swan_(film),False,"{'Domestic': '$106,954,678', 'International': '$222,443,368', 'Worldwide': '$329,398,046'}"
458,2010,The King's Speech,/wiki/The_King%27s_Speech,True,"{'Domestic': '$138,797,449', 'International': '$345,271,412', 'Worldwide': '$484,068,861'}"
584,2010,Inception,/wiki/Inception,False,"{'Domestic': '$292,587,330', 'International': '$577,523,193', 'Worldwide': '$870,110,523'}"
585,2010,Toy Story 3,/wiki/Toy_Story_3,False,"{'Domestic': '$415,004,880', 'International': '$652,311,221', 'Worldwide': '$1,067,316,101'}"
470,2011,Hugo ,/wiki/Hugo_(film),False,"{'Domestic': '$73,864,507', 'International': '$111,905,803', 'Worldwide': '$185,770,310'}"
474,2011,War Horse ,/wiki/War_Horse_(film),False,"{'Domestic': '$79,884,879', 'International': '$97,700,000', 'Worldwide': '$177,584,879'}"
466,2011,The Artist ,/wiki/The_Artist_(film),True,"{'Domestic': '$44,671,682', 'International': '$88,799,489', 'Worldwide': '$133,471,171'}"
467,2011,The Descendants,/wiki/The_Descendants,False,"{'Domestic': '$82,584,160', 'International': '$94,659,025', 'Worldwide': '$177,243,185'}"
468,2011,Extremely Loud & Incredibly Close ,/wiki/Extremely_Loud_%26_Incredibly_Close_(film),False,"{'Domestic': '$31,847,881', 'International': '$23,400,000', 'Worldwide': '$55,247,881'}"
469,2011,The Help ,/wiki/The_Help_(film),False,"{'Domestic': '$169,708,112', 'International': '$46,931,000', 'Worldwide': '$216,639,112'}"
471,2011,Midnight in Paris,/wiki/Midnight_in_Paris,False,"{'Domestic': '$56,817,045', 'International': '$94,855,273', 'Worldwide': '$151,672,318'}"
472,2011,Moneyball ,/wiki/Moneyball_(film),False,"{'Domestic': '$75,605,492', 'International': '$34,600,724', 'Worldwide': '$110,206,216'}"
473,2011,The Tree of Life ,/wiki/The_Tree_of_Life_(film),False,"{'Domestic': '$13,303,319', 'International': '$45,105,928', 'Worldwide': '$58,409,247'}"
586,2012,Django Unchained,/wiki/Django_Unchained,False,"{'Domestic': '$162,805,434', 'International': '$263,268,939', 'Worldwide': '$426,074,373'}"
479,2012,Lincoln ,/wiki/Lincoln_(film),False,"{'Domestic': '$182,207,973', 'International': '$93,085,477', 'Worldwide': '$275,293,450'}"
478,2012,Life of Pi ,/wiki/Life_of_Pi_(film),False,"{'Domestic': '$124,987,023', 'International': '$484,029,542', 'Worldwide': '$609,016,565'}"
482,2012,Zero Dark Thirty,/wiki/Zero_Dark_Thirty,False,"{'Domestic': '$95,720,716', 'International': '$37,100,000', 'Worldwide': '$132,820,716'}"
476,2012,Amour ,/wiki/Amour_(2012_film),False,"{'Domestic': '$6,739,492', 'International': '$22,924,648', 'Worldwide': '$29,664,140'}"
475,2012,Argo ,/wiki/Argo_(2012_film),True,"{'Domestic': '$136,025,503', 'International': '$96,300,000', 'Worldwide': '$232,325,503'}"
480,2012,Les Mis√©rables ,/wiki/Les_Mis%C3%A9rables_(2012_film),False,"{'Domestic': '$330,181', 'International': '$54,135,749', 'Worldwide': '$54,465,930'}"
477,2012,Beasts of the Southern Wild,/wiki/Beasts_of_the_Southern_Wild,False,"{'Domestic': '$12,795,746', 'International': '$8,312,000', 'Worldwide': '$21,107,746'}"
481,2012,Silver Linings Playbook,/wiki/Silver_Linings_Playbook,False,"{'Domestic': '$132,092,958', 'International': '$104,319,495', 'Worldwide': '$236,412,453'}"
486,2013,Gravity ,/wiki/Gravity_(2013_film),False,"{'Domestic': '$274,092,705', 'International': '$473,957,244', 'Worldwide': '$748,049,949'}"
483,2013,12 Years a Slave ,/wiki/12_Years_a_Slave_(film),True,"{'Domestic': '$56,671,993', 'International': '$131,061,209', 'Worldwide': '$187,733,202'}"
587,2013,American Hustle,/wiki/American_Hustle,False,"{'Domestic': '$150,117,807', 'International': '$101,054,000', 'Worldwide': '$251,171,807'}"
490,2013,The Wolf of Wall Street ,/wiki/The_Wolf_of_Wall_Street_(2013_film),False,"{'Domestic': '$116,900,694', 'International': '$289,977,539', 'Worldwide': '$406,878,233'}"
489,2013,Philomena ,/wiki/Philomena_(film),False,"{'Domestic': '$37,709,979', 'International': '$62,419,893', 'Worldwide': '$100,129,872'}"
488,2013,Nebraska ,/wiki/Nebraska_(film),False,"{'Domestic': '$17,654,912', 'International': '$10,027,960', 'Worldwide': '$27,682,872'}"
484,2013,Captain Phillips ,/wiki/Captain_Phillips_(film),False,"{'Domestic': '$107,100,855', 'International': '$111,690,956', 'Worldwide': '$218,791,811'}"
485,2013,Dallas Buyers Club,/wiki/Dallas_Buyers_Club,False,"{'Domestic': '$27,298,285', 'International': '$27,900,000', 'Worldwide': '$55,198,285'}"
487,2013,Her ,/wiki/Her_(film),False,"{'Domestic': '$25,568,251', 'International': '$22,949,176', 'Worldwide': '$48,517,427'}"
588,2014,American Sniper,/wiki/American_Sniper,False,"{'Domestic': '$350,159,020', 'International': '$197,300,000', 'Worldwide': '$547,459,020'}"
497,2014,Whiplash ,/wiki/Whiplash_(2014_film),False,"{'Domestic': '$13,092,000', 'International': '$36,304,747', 'Worldwide': '$49,396,747'}"
496,2014,The Theory of Everything ,/wiki/The_Theory_of_Everything_(2014_film),False,"{'Domestic': '$35,893,537', 'International': '$87,833,151', 'Worldwide': '$123,726,688'}"
495,2014,Selma ,/wiki/Selma_(film),False,"{'Domestic': '$52,076,908', 'International': '$15,705,854', 'Worldwide': '$67,782,762'}"
494,2014,The Imitation Game,/wiki/The_Imitation_Game,False,"{'Domestic': '$91,125,683', 'International': '$142,430,025', 'Worldwide': '$233,555,708'}"
493,2014,The Grand Budapest Hotel,/wiki/The_Grand_Budapest_Hotel,False,"{'Domestic': '$59,301,324', 'International': '$113,780,865', 'Worldwide': '$173,082,189'}"
492,2014,Boyhood ,/wiki/Boyhood_(2014_film),False,"{'Domestic': '$25,352,281', 'International': '$22,785,385', 'Worldwide': '$48,137,666'}"
491,2014,Birdman ,/wiki/Birdman_(film),True,"{'Domestic': '$42,340,598', 'International': '$60,874,496', 'Worldwide': '$103,215,094'}"
589,2015,Mad Max: Fury Road,/wiki/Mad_Max:_Fury_Road,False,"{'Domestic': '$154,109,060', 'International': '$261,152,322', 'Worldwide': '$415,261,382'}"
498,2015,Spotlight ,/wiki/Spotlight_(film),True,"{'Domestic': '$45,055,776', 'International': '$53,634,478', 'Worldwide': '$98,690,254'}"
499,2015,The Big Short ,/wiki/The_Big_Short_(film),False,"{'Domestic': '$70,259,870', 'International': '$63,181,000', 'Worldwide': '$133,440,870'}"
500,2015,Bridge of Spies ,/wiki/Bridge_of_Spies_(film),False,"{'Domestic': '$72,313,754', 'International': '$93,164,594', 'Worldwide': '$165,478,348'}"
501,2015,Brooklyn ,/wiki/Brooklyn_(film),False,"{'Domestic': '$38,322,743', 'International': '$24,079,412', 'Worldwide': '$62,402,155'}"
502,2015,The Martian ,/wiki/The_Martian_(film),False,"{'Domestic': '$228,433,663', 'International': '$402,187,155', 'Worldwide': '$630,620,818'}"
503,2015,The Revenant ,/wiki/The_Revenant_(2015_film),False,"{'Domestic': '$183,637,894', 'International': '$349,312,609', 'Worldwide': '$532,950,503'}"
504,2015,Room ,/wiki/Room_(2015_film),False,"{'Domestic': '$14,677,654', 'International': '$20,724,104', 'Worldwide': '$35,401,758'}"
590,2016,La La Land,/wiki/La_La_Land,False,"{'Domestic': '$151,101,803', 'International': '$320,881,478', 'Worldwide': '$471,983,281'}"
512,2016,Manchester by the Sea ,/wiki/Manchester_by_the_Sea_(film),False,"{'Domestic': '$47,695,371', 'International': '$31,292,777', 'Worldwide': '$78,988,148'}"
511,2016,Lion ,/wiki/Lion_(2016_film),False,"{'Domestic': '$51,738,905', 'International': '$89,114,905', 'Worldwide': '$140,853,810'}"
510,2016,Hidden Figures,/wiki/Hidden_Figures,False,"{'Domestic': '$169,607,287', 'International': '$66,349,611', 'Worldwide': '$235,956,898'}"
509,2016,Hell or High Water ,/wiki/Hell_or_High_Water_(2016_film),False,"{'Domestic': '$27,007,844', 'International': '$10,991,831', 'Worldwide': '$37,999,675'}"
508,2016,Hacksaw Ridge,/wiki/Hacksaw_Ridge,False,"{'Domestic': '$67,209,615', 'International': '$113,354,021', 'Worldwide': '$180,563,636'}"
507,2016,Fences ,/wiki/Fences_(film),False,"{'Domestic': '$57,682,904', 'International': '$6,731,857', 'Worldwide': '$64,414,761'}"
506,2016,Arrival ,/wiki/Arrival_(film),False,"{'Domestic': '$100,546,139', 'International': '$102,842,047', 'Worldwide': '$203,388,186'}"
505,2016,Moonlight ,/wiki/Moonlight_(2016_film),True,"{'Domestic': '$27,854,932', 'International': '$37,317,679', 'Worldwide': '$65,172,611'}"
513,2017,The Shape of Water,/wiki/The_Shape_of_Water,True,"{'Domestic': '$63,859,435', 'International': '$131,473,877', 'Worldwide': '$195,333,312'}"
514,2017,Call Me by Your Name ,/wiki/Call_Me_by_Your_Name_(film),False,"{'Domestic': '$18,095,701', 'International': '$25,047,345', 'Worldwide': '$43,143,046'}"
515,2017,Darkest Hour ,/wiki/Darkest_Hour_(film),False,"{'Domestic': '$56,468,410', 'International': '$94,378,864', 'Worldwide': '$150,847,274'}"
516,2017,Dunkirk ,/wiki/Dunkirk_(2017_film),False,"{'Domestic': '$189,740,665', 'International': '$337,275,642', 'Worldwide': '$527,016,307'}"
517,2017,Get Out,/wiki/Get_Out,False,"{'Domestic': '$176,196,665', 'International': '$79,548,492', 'Worldwide': '$255,745,157'}"
518,2017,Lady Bird ,/wiki/Lady_Bird_(film),False,"{'Domestic': '$48,958,273', 'International': '$30,028,205', 'Worldwide': '$78,986,478'}"
519,2017,Phantom Thread,/wiki/Phantom_Thread,False,"{'Domestic': '$21,198,205', 'International': '$27,508,347', 'Worldwide': '$48,706,552'}"
520,2017,The Post ,/wiki/The_Post_(film),False,"{'Domestic': '$81,903,458', 'International': '$111,861,206', 'Worldwide': '$193,764,664'}"
521,2017,"Three Billboards Outside Ebbing, Missouri","/wiki/Three_Billboards_Outside_Ebbing,_Missouri",False,"{'Domestic': '$54,513,740', 'International': '$108,347,549', 'Worldwide': '$162,861,289'}"
529,2018,Vice ,/wiki/Vice_(2018_film),False,"{'Domestic': '$47,836,282', 'International': '$28,237,206', 'Worldwide': '$76,073,488'}"
522,2018,Green Book ,/wiki/Green_Book_(film),True,"{'Domestic': '$85,080,171', 'International': '$236,672,485', 'Worldwide': '$321,752,656'}"
523,2018,Black Panther ,/wiki/Black_Panther_(film),False,"{'Domestic': '$700,426,566', 'International': '$649,499,517', 'Worldwide': '$1,349,926,083'}"
524,2018,BlacKkKlansman,/wiki/BlacKkKlansman,False,"{'Domestic': '$49,275,340', 'International': '$44,138,369', 'Worldwide': '$93,413,709'}"
525,2018,Bohemian Rhapsody ,/wiki/Bohemian_Rhapsody_(film),False,"{'Domestic': '$216,668,042', 'International': '$694,141,269', 'Worldwide': '$910,809,311'}"
526,2018,The Favourite,/wiki/The_Favourite,False,"{'Domestic': '$34,366,783', 'International': '$61,551,923', 'Worldwide': '$95,918,706'}"
527,2018,Roma ,/wiki/Roma_(2018_film),False,"{'Domestic': 'N/A', 'International': '$1,140,769', 'Worldwide': '$1,140,769'}"
528,2018,A Star Is Born ,/wiki/A_Star_Is_Born_(2018_film),False,"{'Domestic': '$215,333,122', 'International': '$220,900,000', 'Worldwide': '$436,233,122'}"
536,2019,Marriage Story,/wiki/Marriage_Story,False,"{'Domestic': 'N/A', 'International': '$333,686', 'Worldwide': '$333,686'}"
535,2019,Little Women ,/wiki/Little_Women_(2019_film),False,"{'Domestic': '$108,101,214', 'International': '$110,742,431', 'Worldwide': '$218,843,645'}"
534,2019,Joker ,/wiki/Joker_(2019_film),False,"{'Domestic': '$335,477,657', 'International': '$738,980,625', 'Worldwide': '$1,074,458,282'}"
533,2019,Jojo Rabbit,/wiki/Jojo_Rabbit,False,"{'Domestic': '$33,370,906', 'International': '$60,386,703', 'Worldwide': '$93,757,609'}"
531,2019,Ford v Ferrari,/wiki/Ford_v_Ferrari,False,"{'Domestic': '$117,624,357', 'International': '$107,883,853', 'Worldwide': '$225,508,210'}"
530,2019,Parasite ,/wiki/Parasite_(2019_film),True,"{'Domestic': '$40,283,321', 'International': '$465', 'Worldwide': '$40,283,786'}"
537,2019,1917 ,/wiki/1917_(2019_film),False,"{'Domestic': '$159,227,644', 'International': '$225,349,777', 'Worldwide': '$384,577,421'}"
532,2019,The Irishman,/wiki/The_Irishman,False,"{'Domestic': 'N/A', 'International': '$968,853', 'Worldwide': '$968,853'}"
538,2019,Once Upon a Time in Hollywood,/wiki/Once_Upon_a_Time_in_Hollywood,False,"{'Domestic': '$142,502,728', 'International': '$235,114,870', 'Worldwide': '$377,617,598'}"
540,2020,The Father ,/wiki/The_Father_(2020_film),False,"{'Domestic': '$2,122,771', 'International': '$22,144,826', 'Worldwide': '$24,267,597'}"
546,2020,The Trial of the Chicago 7,/wiki/The_Trial_of_the_Chicago_7,False,"{'Domestic': 'N/A', 'International': 'N/A', 'Worldwide': 'N/A'}"
541,2020,Judas and the Black Messiah,/wiki/Judas_and_the_Black_Messiah,False,"{'Domestic': '$5,478,009', 'International': '$2,000,000', 'Worldwide': '$7,478,009'}"
539,2020,Nomadland ,/wiki/Nomadland_(film),True,"{'Domestic': '$3,700,000', 'International': '$35,758,207', 'Worldwide': '$39,458,207'}"
545,2020,Sound of Metal,/wiki/Sound_of_Metal,False,"{'Domestic': 'N/A', 'International': '$516,520', 'Worldwide': '$516,520'}"
542,2020,Mank,/wiki/Mank,False,"{'Domestic': 'N/A', 'International': 'N/A', 'Worldwide': 'N/A'}"
544,2020,Promising Young Woman,/wiki/Promising_Young_Woman,False,"{'Domestic': '$6,460,965', 'International': '$12,393,201', 'Worldwide': '$18,854,166'}"
543,2020,Minari ,/wiki/Minari_(film),False,"{'Domestic': '$3,110,580', 'International': '$12,201,865', 'Worldwide': '$15,312,445'}"
556,2021,West Side Story ,/wiki/West_Side_Story_(2021_film),False,"{'Domestic': '$38,530,322', 'International': '$37,485,849', 'Worldwide': '$76,016,171'}"
547,2021,CODA ,/wiki/CODA_(2021_film),True,"{'Domestic': 'N/A', 'International': '$1,911,296', 'Worldwide': '$1,911,296'}"
548,2021,Belfast ,/wiki/Belfast_(film),False,"{'Domestic': '$9,250,870', 'International': '$39,891,874', 'Worldwide': '$49,142,744'}"
549,2021,Don't Look Up,/wiki/Don%27t_Look_Up,False,"{'Domestic': 'N/A', 'International': '$791,863', 'Worldwide': '$791,863'}"
550,2021,Drive My Car ,/wiki/Drive_My_Car_(film),False,"{'Domestic': '$2,352,240', 'International': '$13,010,621', 'Worldwide': '$15,362,861'}"
551,2021,Dune ,/wiki/Dune_(2021_film),False,"{'Domestic': '$108,327,830', 'International': '$293,700,000', 'Worldwide': '$402,027,830'}"
552,2021,King Richard ,/wiki/King_Richard_(film),False,"{'Domestic': '$15,129,285', 'International': '$24,300,000', 'Worldwide': '$39,429,285'}"
553,2021,Licorice Pizza,/wiki/Licorice_Pizza,False,"{'Domestic': '$17,318,007', 'International': '$15,955,933', 'Worldwide': '$33,273,940'}"
554,2021,Nightmare Alley ,/wiki/Nightmare_Alley_(2021_film),False,"{'Domestic': '$11,338,107', 'International': '$28,291,088', 'Worldwide': '$39,629,195'}"
555,2021,The Power of the Dog ,/wiki/The_Power_of_the_Dog_(film),False,"{'Domestic': 'N/A', 'International': '$271,009', 'Worldwide': '$271,009'}"
558,2022,All Quiet on the Western Front ,/wiki/All_Quiet_on_the_Western_Front_(2022_film),False,"{'Domestic': 'N/A', 'International': 'N/A', 'Worldwide': 'N/A'}"
559,2022,Avatar: The Way of Water,/wiki/Avatar:_The_Way_of_Water,False,"{'Domestic': '$684,016,647', 'International': '$1,635,749,553', 'Worldwide': '$2,319,766,200'}"
560,2022,The Banshees of Inisherin,/wiki/The_Banshees_of_Inisherin,False,"{'Domestic': '$10,582,266', 'International': '$38,627,011', 'Worldwide': '$49,209,277'}"
561,2022,Elvis ,/wiki/Elvis_(2022_film),False,"{'Domestic': '$151,040,048', 'International': '$137,630,236', 'Worldwide': '$288,670,284'}"
562,2022,The Fabelmans,/wiki/The_Fabelmans,False,"{'Domestic': '$17,348,945', 'International': '$27,815,165', 'Worldwide': '$45,164,110'}"
563,2022,T√°r,/wiki/T%C3%A1r,False,"{'Domestic': '$6,773,650', 'International': '$20,768,031', 'Worldwide': '$27,541,681'}"
564,2022,Top Gun: Maverick,/wiki/Top_Gun:_Maverick,False,"{'Domestic': '$718,732,821', 'International': '$774,759,037', 'Worldwide': '$1,493,491,858'}"
565,2022,Triangle of Sadness,/wiki/Triangle_of_Sadness,False,"{'Domestic': '$4,608,096', 'International': '$21,007,774', 'Worldwide': '$25,615,870'}"
557,2022,Everything Everywhere All at Once,/wiki/Everything_Everywhere_All_at_Once,True,"{'Domestic': '$77,191,785', 'International': '$63,019,374', 'Worldwide': '$140,211,159'}"
566,2022,Women Talking ,/wiki/Women_Talking_(film),False,"{'Domestic': '$5,456,531', 'International': '$3,498,177', 'Worldwide': '$8,954,708'}"
