year,film,wiki,winner,rating,numVotes
1927,Wings ,/wiki/Wings_(1927_film),True,7.3,13576.0
1927,The Racket ,/wiki/The_Racket_(1928_film),False,6.7,3149.0
1927,7th Heaven ,/wiki/7th_Heaven_(1927_film),False,5.2,26223.0
1928,Alibi ,/wiki/Alibi_(1929_film),False,7.4,391.0
1928,Hollywood Revue,/wiki/Hollywood_Revue,False,5.8,2174.0
1928,The Patriot ,/wiki/The_Patriot_(1928_film),False,7.2,282275.0
1928,The Broadway Melody,/wiki/The_Broadway_Melody,True,5.6,7605.0
1928,In Old Arizona,/wiki/In_Old_Arizona,False,5.5,1199.0
1929,The Divorcee,/wiki/The_Divorcee,False,6.7,3366.0
1929,All Quiet on the Western Front ,/wiki/All_Quiet_on_the_Western_Front_(1930_film),True,8.1,65386.0
1929,The Big House ,/wiki/The_Big_House_(1930_film),False,6.8,4322.0
1929,Disraeli ,/wiki/Disraeli_(1929_film),False,6.1,1318.0
1929,The Love Parade,/wiki/The_Love_Parade,False,7.0,2469.0
1930,The Front Page ,/wiki/The_Front_Page_(1931_film),False,7.3,14295.0
1930,Cimarron ,/wiki/Cimarron_(1931_film),True,6.4,3233.0
1930,East Lynne ,/wiki/East_Lynne_(1931_film),False,7.0,41.0
1930,Skippy ,/wiki/Skippy_(film),False,6.4,1108.0
1930,Trader Horn ,/wiki/Trader_Horn_(1931_film),False,6.2,1058.0
1931,Grand Hotel ,/wiki/Grand_Hotel_(1932_film),True,8.1,836067.0
1931,Arrowsmith ,/wiki/Arrowsmith_(film),False,6.2,1836.0
1931,The Champ ,/wiki/The_Champ_(1931_film),False,6.8,8912.0
1931,Shanghai Express ,/wiki/Shanghai_Express_(film),False,7.3,9618.0
1931,One Hour with You,/wiki/One_Hour_with_You,False,7.1,2708.0
1931,The Smiling Lieutenant,/wiki/The_Smiling_Lieutenant,False,7.2,3952.0
1931,Bad Girl ,/wiki/Bad_Girl_(1931_film),False,5.4,809.0
1931,Five Star Final,/wiki/Five_Star_Final,False,7.3,2346.0
1932,Cavalcade ,/wiki/Cavalcade_(1933_film),True,5.8,5550.0
1932,42nd Street ,/wiki/42nd_Street_(film),False,7.3,12549.0
1932,A Farewell to Arms ,/wiki/A_Farewell_to_Arms_(1932_film),False,6.4,6451.0
1932,Little Women ,/wiki/Little_Women_(1933_film),False,7.8,218222.0
1932,Smilin' Through ,/wiki/Smilin%27_Through_(1932_film),False,6.9,1440.0
1932,State Fair ,/wiki/State_Fair_(1933_film),False,7.0,4325.0
1932,I Am a Fugitive from a Chain Gang,/wiki/I_Am_a_Fugitive_from_a_Chain_Gang,False,8.2,13840.0
1932,She Done Him Wrong,/wiki/She_Done_Him_Wrong,False,6.3,6571.0
1932,Lady for a Day,/wiki/Lady_for_a_Day,False,7.4,4409.0
1932,The Private Life of Henry VIII,/wiki/The_Private_Life_of_Henry_VIII,False,7.0,4580.0
1934,The Barretts of Wimpole Street ,/wiki/The_Barretts_of_Wimpole_Street_(1934_film),False,7.0,2001.0
1934,It Happened One Night,/wiki/It_Happened_One_Night,True,8.1,106884.0
1934,Flirtation Walk,/wiki/Flirtation_Walk,False,5.6,788.0
1934,The Gay Divorcee,/wiki/The_Gay_Divorcee,False,7.4,8252.0
1934,Here Comes the Navy,/wiki/Here_Comes_the_Navy,False,6.2,1097.0
1934,The House of Rothschild,/wiki/The_House_of_Rothschild,False,6.5,1239.0
1934,One Night of Love,/wiki/One_Night_of_Love,False,5.7,684.0
1934,Imitation of Life ,/wiki/Imitation_of_Life_(1934_film),False,7.8,17229.0
1934,The White Parade,/wiki/The_White_Parade,False,7.0,101.0
1934,The Thin Man ,/wiki/The_Thin_Man_(film),False,7.9,31222.0
1934,Viva Villa!,/wiki/Viva_Villa!,False,6.4,1484.0
1935,Broadway Melody of 1936,/wiki/Broadway_Melody_of_1936,False,6.8,1922.0
1935,Ruggles of Red Gap,/wiki/Ruggles_of_Red_Gap,False,7.6,4191.0
1935,Top Hat,/wiki/Top_Hat,False,7.7,19894.0
1935,Mutiny on the Bounty ,/wiki/Mutiny_on_the_Bounty_(1935_film),True,7.2,17072.0
1935,Alice Adams ,/wiki/Alice_Adams_(1935_film),False,6.9,4322.0
1935,Captain Blood ,/wiki/Captain_Blood_(1935_film),False,7.7,15076.0
1935,David Copperfield ,/wiki/David_Copperfield_(1935_film),False,7.7,4788.0
1935,The Informer ,/wiki/The_Informer_(1935_film),False,6.6,39509.0
1935,The Lives of a Bengal Lancer ,/wiki/The_Lives_of_a_Bengal_Lancer_(film),False,7.0,3109.0
1935,A Midsummer Night's Dream ,/wiki/A_Midsummer_Night%27s_Dream_(1935_film),False,6.4,26194.0
1935,Les Misérables ,/wiki/Les_Mis%C3%A9rables_(1935_film),False,7.5,336046.0
1935,Naughty Marietta ,/wiki/Naughty_Marietta_(film),False,6.5,1453.0
1936,Romeo and Juliet ,/wiki/Romeo_and_Juliet_(1936_film),False,7.6,33417.0
1936,San Francisco ,/wiki/San_Francisco_(1936_film),False,7.3,6371.0
1936,A Tale of Two Cities ,/wiki/A_Tale_of_Two_Cities_(1935_film),False,7.8,5988.0
1936,Mr. Deeds Goes to Town,/wiki/Mr._Deeds_Goes_to_Town,False,7.8,22250.0
1936,Libeled Lady,/wiki/Libeled_Lady,False,7.8,8492.0
1936,Anthony Adverse,/wiki/Anthony_Adverse,False,6.3,1927.0
1936,Three Smart Girls,/wiki/Three_Smart_Girls,False,6.6,1455.0
1936,The Great Ziegfeld,/wiki/The_Great_Ziegfeld,True,6.6,8565.0
1936,Dodsworth ,/wiki/Dodsworth_(film),False,7.8,9678.0
1936,The Story of Louis Pasteur,/wiki/The_Story_of_Louis_Pasteur,False,7.3,2972.0
1937,Lost Horizon ,/wiki/Lost_Horizon_(1937_film),False,7.6,13800.0
1937,Dead End ,/wiki/Dead_End_(1937_film),False,6.5,30273.0
1937,The Good Earth ,/wiki/The_Good_Earth_(film),False,7.5,5191.0
1937,A Star Is Born ,/wiki/A_Star_Is_Born_(1937_film),False,7.6,396752.0
1937,The Life of Emile Zola,/wiki/The_Life_of_Emile_Zola,True,7.2,8596.0
1937,The Awful Truth,/wiki/The_Awful_Truth,False,7.7,20443.0
1937,In Old Chicago,/wiki/In_Old_Chicago,False,6.7,2520.0
1937,One Hundred Men and a Girl,/wiki/One_Hundred_Men_and_a_Girl,False,6.7,1143.0
1937,Stage Door,/wiki/Stage_Door,False,7.7,8676.0
1937,Captains Courageous ,/wiki/Captains_Courageous_(1937_film),False,7.9,10308.0
1938,The Adventures of Robin Hood,/wiki/The_Adventures_of_Robin_Hood,False,7.9,52654.0
1938,Four Daughters,/wiki/Four_Daughters,False,6.9,2073.0
1938,La Grande Illusion,/wiki/La_Grande_Illusion,False,7.5,6.0
1938,Alexander's Ragtime Band ,/wiki/Alexander%27s_Ragtime_Band_(film),False,6.9,2215.0
1938,Test Pilot ,/wiki/Test_Pilot_(film),False,6.8,2577.0
1938,Pygmalion ,/wiki/Pygmalion_(1938_film),False,7.8,9161.0
1938,Jezebel ,/wiki/Jezebel_(1938_film),False,7.4,14308.0
1938,The Citadel ,/wiki/The_Citadel_(1938_film),False,6.3,10217.0
1938,Boys Town ,/wiki/Boys_Town_(film),False,7.2,6018.0
1938,You Can't Take It with You ,/wiki/You_Can%27t_Take_It_with_You_(film),True,7.8,26748.0
1939,The Wizard of Oz ,/wiki/The_Wizard_of_Oz_(1939_film),False,8.1,409552.0
1939,Wuthering Heights ,/wiki/Wuthering_Heights_(1939_film),False,7.5,18907.0
1939,"Goodbye, Mr. Chips ","/wiki/Goodbye,_Mr._Chips_(1939_film)",False,7.9,11095.0
1939,Gone with the Wind ,/wiki/Gone_with_the_Wind_(film),True,8.2,321925.0
1939,Love Affair ,/wiki/Love_Affair_(1939_film),False,6.0,4917.0
1939,Of Mice and Men ,/wiki/Of_Mice_and_Men_(1939_film),False,7.5,45096.0
1939,Stagecoach ,/wiki/Stagecoach_(1939_film),False,7.8,51137.0
1939,Dark Victory,/wiki/Dark_Victory,False,7.5,11751.0
1939,Mr. Smith Goes to Washington,/wiki/Mr._Smith_Goes_to_Washington,False,8.1,117350.0
1939,Ninotchka,/wiki/Ninotchka,False,7.8,21798.0
1940,Kitty Foyle ,/wiki/Kitty_Foyle_(film),False,6.9,3877.0
1940,"All This, and Heaven Too","/wiki/All_This,_and_Heaven_Too",False,7.4,5136.0
1940,The Great Dictator,/wiki/The_Great_Dictator,False,8.4,228018.0
1940,The Long Voyage Home,/wiki/The_Long_Voyage_Home,False,6.9,4647.0
1940,The Grapes of Wrath ,/wiki/The_Grapes_of_Wrath_(film),False,8.1,95957.0
1940,Rebecca ,/wiki/Rebecca_(1940_film),True,6.0,44096.0
1940,Our Town ,/wiki/Our_Town_(1940_film),False,6.5,2782.0
1940,The Philadelphia Story ,/wiki/The_Philadelphia_Story_(film),False,7.9,71352.0
1940,The Letter ,/wiki/The_Letter_(1940_film),False,7.5,13874.0
1940,Foreign Correspondent ,/wiki/Foreign_Correspondent_(film),False,7.4,22250.0
1941,How Green Was My Valley ,/wiki/How_Green_Was_My_Valley_(film),True,7.7,25272.0
1941,Citizen Kane,/wiki/Citizen_Kane,False,8.3,449408.0
1941,Here Comes Mr. Jordan,/wiki/Here_Comes_Mr._Jordan,False,7.6,6920.0
1941,Hold Back the Dawn,/wiki/Hold_Back_the_Dawn,False,7.3,2647.0
1941,The Little Foxes ,/wiki/The_Little_Foxes_(film),False,7.9,12487.0
1941,Suspicion ,/wiki/Suspicion_(1941_film),False,5.7,7271.0
1941,Sergeant York ,/wiki/Sergeant_York_(film),False,7.7,19063.0
1941,The Maltese Falcon ,/wiki/The_Maltese_Falcon_(1941_film),False,8.0,162017.0
1941,One Foot in Heaven,/wiki/One_Foot_in_Heaven,False,6.7,1416.0
1941,Blossoms in the Dust,/wiki/Blossoms_in_the_Dust,False,6.9,2164.0
1942,49th Parallel ,/wiki/49th_Parallel_(film),False,7.3,7142.0
1942,The Magnificent Ambersons ,/wiki/The_Magnificent_Ambersons_(film),False,7.6,25655.0
1942,The Pied Piper ,/wiki/The_Pied_Piper_(1942_film),False,6.4,843.0
1942,Random Harvest ,/wiki/Random_Harvest_(film),False,7.9,8003.0
1942,The Talk of the Town ,/wiki/The_Talk_of_the_Town_(1942_film),False,7.5,8692.0
1942,Wake Island ,/wiki/Wake_Island_(film),False,6.7,2104.0
1942,Yankee Doodle Dandy,/wiki/Yankee_Doodle_Dandy,False,7.6,16184.0
1942,Kings Row,/wiki/Kings_Row,False,7.5,4692.0
1942,The Pride of the Yankees,/wiki/The_Pride_of_the_Yankees,False,7.6,11409.0
1942,Mrs. Miniver,/wiki/Mrs._Miniver,True,7.6,18537.0
1943,In Which We Serve,/wiki/In_Which_We_Serve,False,7.2,6112.0
1943,The Song of Bernadette ,/wiki/The_Song_of_Bernadette_(film),False,7.6,7301.0
1943,Madame Curie ,/wiki/Madame_Curie_(film),False,7.2,3027.0
1943,The Human Comedy ,/wiki/The_Human_Comedy_(film),False,7.0,2298.0
1943,Heaven Can Wait ,/wiki/Heaven_Can_Wait_(1943_film),False,6.9,22323.0
1943,For Whom the Bell Tolls ,/wiki/For_Whom_the_Bell_Tolls_(film),False,6.8,9779.0
1943,The More the Merrier,/wiki/The_More_the_Merrier,False,7.6,7067.0
1943,The Ox-Bow Incident,/wiki/The_Ox-Bow_Incident,False,8.0,24061.0
1943,Watch on the Rhine,/wiki/Watch_on_the_Rhine,False,7.1,4699.0
1943,Casablanca ,/wiki/Casablanca_(film),True,8.5,582415.0
1944,Double Indemnity,/wiki/Double_Indemnity,False,8.3,160383.0
1944,Wilson ,/wiki/Wilson_(1944_film),False,5.8,10851.0
1944,Going My Way,/wiki/Going_My_Way,True,7.0,12561.0
1944,Gaslight ,/wiki/Gaslight_(1944_film),False,7.4,23550.0
1944,Since You Went Away,/wiki/Since_You_Went_Away,False,7.5,4786.0
1945,The Bells of St. Mary's,/wiki/The_Bells_of_St._Mary%27s,False,7.2,8704.0
1945,The Lost Weekend ,/wiki/The_Lost_Weekend_(film),True,7.9,38560.0
1945,Anchors Aweigh ,/wiki/Anchors_Aweigh_(film),False,7.0,9097.0
1945,Mildred Pierce ,/wiki/Mildred_Pierce_(film),False,7.9,27228.0
1946,It's a Wonderful Life,/wiki/It%27s_a_Wonderful_Life,False,8.6,470690.0
1946,Henry V ,/wiki/Henry_V_(1944_film),False,7.5,30647.0
1946,The Razor's Edge ,/wiki/The_Razor%27s_Edge_(1946_film),False,6.4,5665.0
1946,The Yearling ,/wiki/The_Yearling_(1946_film),False,7.2,6165.0
1946,The Best Years of Our Lives,/wiki/The_Best_Years_of_Our_Lives,True,8.1,66826.0
1947,Gentleman's Agreement,/wiki/Gentleman%27s_Agreement,True,7.2,17087.0
1947,The Bishop's Wife,/wiki/The_Bishop%27s_Wife,False,7.6,19305.0
1947,Miracle on 34th Street,/wiki/Miracle_on_34th_Street,False,7.9,51123.0
1947,Great Expectations ,/wiki/Great_Expectations_(1946_film),False,4.9,2169.0
1947,Crossfire ,/wiki/Crossfire_(film),False,5.7,2340.0
1948,The Red Shoes ,/wiki/The_Red_Shoes_(1948_film),False,8.1,36741.0
1948,The Snake Pit,/wiki/The_Snake_Pit,False,7.6,8019.0
1948,The Treasure of the Sierra Madre ,/wiki/The_Treasure_of_the_Sierra_Madre_(film),False,8.2,127703.0
1948,Johnny Belinda ,/wiki/Johnny_Belinda_(1948_film),False,7.7,5064.0
1948,Hamlet ,/wiki/Hamlet_(1948_film),True,7.7,38945.0
1949,Battleground ,/wiki/Battleground_(film),False,7.4,7548.0
1949,All the King's Men ,/wiki/All_the_King%27s_Men_(1949_film),True,6.1,25115.0
1949,The Heiress,/wiki/The_Heiress,False,8.1,16404.0
1949,Twelve O'Clock High,/wiki/Twelve_O%27Clock_High,False,7.7,15237.0
1949,A Letter to Three Wives,/wiki/A_Letter_to_Three_Wives,False,7.7,10176.0
1950,All About Eve,/wiki/All_About_Eve,True,8.2,133678.0
1950,Born Yesterday ,/wiki/Born_Yesterday_(1950_film),False,7.5,11779.0
1950,Father of the Bride ,/wiki/Father_of_the_Bride_(1950_film),False,6.5,80195.0
1950,King Solomon's Mines ,/wiki/King_Solomon%27s_Mines_(1950_film),False,5.2,14154.0
1951,A Place in the Sun ,/wiki/A_Place_in_the_Sun_(1951_film),False,7.7,23570.0
1951,Decision Before Dawn,/wiki/Decision_Before_Dawn,False,7.2,2824.0
1951,An American in Paris ,/wiki/An_American_in_Paris_(film),True,7.2,35210.0
1951,Quo Vadis ,/wiki/Quo_Vadis_(1951_film),False,7.1,15868.0
1951,A Streetcar Named Desire ,/wiki/A_Streetcar_Named_Desire_(1951_film),False,7.9,110938.0
1952,Ivanhoe ,/wiki/Ivanhoe_(1952_film),False,6.7,5233.0
1952,Moulin Rouge ,/wiki/Moulin_Rouge_(1952_film),False,7.6,290938.0
1952,The Quiet Man,/wiki/The_Quiet_Man,False,7.7,40321.0
1952,High Noon,/wiki/High_Noon,False,8.0,106601.0
1953,Julius Caesar ,/wiki/Julius_Caesar_(1953_film),False,7.2,12139.0
1953,The Robe ,/wiki/The_Robe_(film),False,6.7,11057.0
1953,Shane ,/wiki/Shane_(film),False,7.6,42337.0
1953,Roman Holiday,/wiki/Roman_Holiday,False,8.0,142075.0
1953,From Here to Eternity,/wiki/From_Here_to_Eternity,True,7.6,48692.0
1954,Seven Brides for Seven Brothers,/wiki/Seven_Brides_for_Seven_Brothers,False,7.3,25997.0
1954,The Caine Mutiny ,/wiki/The_Caine_Mutiny_(film),False,7.7,28651.0
1954,The Country Girl ,/wiki/The_Country_Girl_(1954_film),False,7.2,6315.0
1954,Three Coins in the Fountain ,/wiki/Three_Coins_in_the_Fountain_(film),False,6.2,3571.0
1954,On the Waterfront,/wiki/On_the_Waterfront,True,8.1,158120.0
1955,Love Is a Many-Splendored Thing ,/wiki/Love_Is_a_Many-Splendored_Thing_(film),False,6.4,5166.0
1955,Picnic ,/wiki/Picnic_(1955_film),False,7.0,9268.0
1955,Mister Roberts ,/wiki/Mister_Roberts_(1955_film),False,7.6,17541.0
1955,Marty ,/wiki/Marty_(film),True,7.7,25482.0
1955,The Rose Tattoo ,/wiki/The_Rose_Tattoo_(film),False,6.9,4275.0
1956,Giant ,/wiki/Giant_(1956_film),False,7.6,40537.0
1956,Friendly Persuasion ,/wiki/Friendly_Persuasion_(1956_film),False,7.3,7375.0
1956,Around the World in 80 Days ,/wiki/Around_the_World_in_80_Days_(1956_film),True,7.2,10809.0
1956,The Ten Commandments ,/wiki/The_Ten_Commandments_(1956_film),False,7.9,74236.0
1956,The King and I ,/wiki/The_King_and_I_(1956_film),False,7.4,27069.0
1957,12 Angry Men ,/wiki/12_Angry_Men_(1957_film),False,9.0,810542.0
1957,Peyton Place ,/wiki/Peyton_Place_(film),False,7.3,641.0
1957,Sayonara,/wiki/Sayonara,False,7.0,7148.0
1957,The Bridge on the River Kwai,/wiki/The_Bridge_on_the_River_Kwai,True,8.1,225058.0
1957,Witness for the Prosecution ,/wiki/Witness_for_the_Prosecution_(1957_film),False,8.4,129180.0
1958,Gigi ,/wiki/Gigi_(1958_film),True,6.6,23682.0
1958,Cat on a Hot Tin Roof ,/wiki/Cat_on_a_Hot_Tin_Roof_(1958_film),False,7.9,51321.0
1958,Separate Tables ,/wiki/Separate_Tables_(film),False,7.4,8172.0
1958,The Defiant Ones,/wiki/The_Defiant_Ones,False,7.6,16472.0
1958,Auntie Mame ,/wiki/Auntie_Mame_(film),False,7.9,11975.0
1959,Ben-Hur ,/wiki/Ben-Hur_(1959_film),True,8.1,244786.0
1959,Anatomy of a Murder,/wiki/Anatomy_of_a_Murder,False,8.0,68204.0
1959,The Nun's Story ,/wiki/The_Nun%27s_Story_(film),False,7.5,11179.0
1959,The Diary of Anne Frank ,/wiki/The_Diary_of_Anne_Frank_(1959_film),False,7.4,13207.0
1959,Room at the Top ,/wiki/Room_at_the_Top_(1959_film),False,7.5,6764.0
1960,The Apartment,/wiki/The_Apartment,True,8.3,185980.0
1960,The Alamo ,/wiki/The_Alamo_(1960_film),False,6.8,16655.0
1960,Sons and Lovers ,/wiki/Sons_and_Lovers_(film),False,7.1,1682.0
1960,The Sundowners ,/wiki/The_Sundowners_(1960_film),False,7.1,4534.0
1960,Elmer Gantry ,/wiki/Elmer_Gantry_(film),False,7.7,12179.0
1961,West Side Story ,/wiki/West_Side_Story_(1961_film),True,7.2,88103.0
1961,Fanny ,/wiki/Fanny_(1961_film),False,6.8,2476.0
1961,The Hustler,/wiki/The_Hustler,False,8.0,83970.0
1961,The Guns of Navarone ,/wiki/The_Guns_of_Navarone_(film),False,7.5,53091.0
1961,Judgment at Nuremberg,/wiki/Judgment_at_Nuremberg,False,8.3,79629.0
1962,To Kill a Mockingbird ,/wiki/To_Kill_a_Mockingbird_(film),False,8.3,321747.0
1962,The Longest Day ,/wiki/The_Longest_Day_(film),False,7.7,57334.0
1962,Lawrence of Arabia ,/wiki/Lawrence_of_Arabia_(film),True,8.3,300510.0
1962,Mutiny on the Bounty ,/wiki/Mutiny_on_the_Bounty_(1962_film),False,7.2,17072.0
1962,The Music Man ,/wiki/The_Music_Man_(1962_film),False,7.7,18321.0
1963,Tom Jones ,/wiki/Tom_Jones_(1963_film),True,4.8,412.0
1963,How the West Was Won ,/wiki/How_the_West_Was_Won_(film),False,7.0,22025.0
1963,Lilies of the Field ,/wiki/Lilies_of_the_Field_(1963_film),False,7.5,12527.0
1963,America America,/wiki/America_America,False,7.7,5743.0
1964,Mary Poppins ,/wiki/Mary_Poppins_(film),False,7.8,178103.0
1964,Dr. Strangelove,/wiki/Dr._Strangelove,False,7.2,32.0
1964,My Fair Lady ,/wiki/My_Fair_Lady_(film),True,7.8,98305.0
1964,Zorba the Greek ,/wiki/Zorba_the_Greek_(film),False,7.6,23260.0
1964,Becket ,/wiki/Becket_(1964_film),False,7.8,15266.0
1965,A Thousand Clowns,/wiki/A_Thousand_Clowns,False,7.3,3568.0
1965,The Sound of Music ,/wiki/The_Sound_of_Music_(film),True,8.1,244027.0
1965,Darling ,/wiki/Darling_(1965_film),False,6.2,113753.0
1965,Doctor Zhivago ,/wiki/Doctor_Zhivago_(film),False,7.9,79217.0
1965,Ship of Fools ,/wiki/Ship_of_Fools_(film),False,7.0,6517.0
1966,A Man for All Seasons ,/wiki/A_Man_for_All_Seasons_(1966_film),True,7.7,35822.0
1966,Alfie ,/wiki/Alfie_(1966_film),False,6.2,53899.0
1966,"The Russians Are Coming, the Russians Are Coming","/wiki/The_Russians_Are_Coming,_the_Russians_Are_Coming",False,7.0,9316.0
1966,The Sand Pebbles ,/wiki/The_Sand_Pebbles_(film),False,7.5,15652.0
1966,Who's Afraid of Virginia Woolf? ,/wiki/Who%27s_Afraid_of_Virginia_Woolf%3F_(film),False,8.0,77348.0
1967,Guess Who's Coming to Dinner,/wiki/Guess_Who%27s_Coming_to_Dinner,False,7.8,46782.0
1967,In the Heat of the Night ,/wiki/In_the_Heat_of_the_Night_(film),True,7.6,5649.0
1967,Bonnie and Clyde ,/wiki/Bonnie_and_Clyde_(film),False,7.7,116284.0
1967,The Graduate,/wiki/The_Graduate,False,8.0,279183.0
1967,Doctor Dolittle ,/wiki/Doctor_Dolittle_(1967_film),False,5.4,99350.0
1968,Oliver! ,/wiki/Oliver!_(film),True,7.4,39921.0
1968,Funny Girl ,/wiki/Funny_Girl_(film),False,7.3,23869.0
1968,The Lion in Winter ,/wiki/The_Lion_in_Winter_(1968_film),False,7.9,32541.0
1968,Romeo and Juliet ,/wiki/Romeo_and_Juliet_(1968_film),False,7.6,33417.0
1968,"Rachel, Rachel","/wiki/Rachel,_Rachel",False,7.1,3678.0
1969,"Hello, Dolly! ","/wiki/Hello,_Dolly!_(film)",False,7.0,16126.0
1969,Midnight Cowboy,/wiki/Midnight_Cowboy,True,7.8,114634.0
1969,Z ,/wiki/Z_(1969_film),False,8.2,29921.0
1969,Butch Cassidy and the Sundance Kid,/wiki/Butch_Cassidy_and_the_Sundance_Kid,False,8.0,220258.0
1969,Anne of the Thousand Days,/wiki/Anne_of_the_Thousand_Days,False,7.4,7796.0
1970,Five Easy Pieces,/wiki/Five_Easy_Pieces,False,7.4,38546.0
1970,Patton ,/wiki/Patton_(film),True,7.9,104860.0
1970,Airport ,/wiki/Airport_(1970_film),False,6.6,20129.0
1970,Love Story ,/wiki/Love_Story_(1970_film),False,6.9,35647.0
1970,M*A*S*H ,/wiki/M*A*S*H_(film),False,8.4,59843.0
1971,The Last Picture Show,/wiki/The_Last_Picture_Show,False,8.0,49803.0
1971,Nicholas and Alexandra,/wiki/Nicholas_and_Alexandra,False,7.2,5252.0
1971,The French Connection ,/wiki/The_French_Connection_(film),True,7.7,127344.0
1971,A Clockwork Orange ,/wiki/A_Clockwork_Orange_(film),False,8.3,846321.0
1971,Fiddler on the Roof ,/wiki/Fiddler_on_the_Roof_(film),False,8.0,45321.0
1972,The Godfather,/wiki/The_Godfather,True,9.2,1901221.0
1972,Cabaret ,/wiki/Cabaret_(1972_film),False,7.8,57026.0
1972,The Emigrants ,/wiki/The_Emigrants_(film),False,6.6,2037.0
1972,Sounder ,/wiki/Sounder_(film),False,7.5,4533.0
1972,Deliverance,/wiki/Deliverance,False,7.7,113602.0
1973,The Sting,/wiki/The_Sting,True,8.3,268838.0
1973,The Exorcist,/wiki/The_Exorcist,False,8.1,419343.0
1973,Cries and Whispers,/wiki/Cries_and_Whispers,False,8.0,156.0
1973,American Graffiti,/wiki/American_Graffiti,False,7.4,92993.0
1973,A Touch of Class ,/wiki/A_Touch_of_Class_(film),False,6.5,3301.0
1974,The Conversation,/wiki/The_Conversation,False,7.8,115409.0
1974,The Godfather Part II,/wiki/The_Godfather_Part_II,True,9.0,1296165.0
1974,Chinatown ,/wiki/Chinatown_(1974_film),False,8.2,334051.0
1974,Lenny ,/wiki/Lenny_(film),False,7.6,16725.0
1974,The Towering Inferno,/wiki/The_Towering_Inferno,False,7.0,45752.0
1975,Dog Day Afternoon,/wiki/Dog_Day_Afternoon,False,8.0,262946.0
1975,One Flew Over the Cuckoo's Nest ,/wiki/One_Flew_Over_the_Cuckoo%27s_Nest_(film),True,8.7,1026771.0
1975,Nashville ,/wiki/Nashville_(film),False,7.7,26514.0
1975,Jaws ,/wiki/Jaws_(film),False,8.1,622190.0
1975,Barry Lyndon,/wiki/Barry_Lyndon,False,8.1,173059.0
1976,All the President's Men ,/wiki/All_the_President%27s_Men_(film),False,7.9,119851.0
1976,Bound for Glory ,/wiki/Bound_for_Glory_(1976_film),False,7.3,5384.0
1976,Network ,/wiki/Network_(1976_film),False,8.1,163186.0
1976,Rocky,/wiki/Rocky,True,8.1,595986.0
1976,Taxi Driver,/wiki/Taxi_Driver,False,8.2,859335.0
1977,Annie Hall,/wiki/Annie_Hall,True,8.0,269843.0
1977,The Goodbye Girl,/wiki/The_Goodbye_Girl,False,7.4,15259.0
1977,Julia ,/wiki/Julia_(1977_film),False,8.3,9121.0
1977,Star Wars ,/wiki/Star_Wars_(film),False,7.0,21045.0
1977,The Turning Point ,/wiki/The_Turning_Point_(1977_film),False,6.8,4878.0
1978,Coming Home ,/wiki/Coming_Home_(1978_film),False,7.3,14023.0
1978,Heaven Can Wait ,/wiki/Heaven_Can_Wait_(1978_film),False,6.9,22323.0
1978,The Deer Hunter,/wiki/The_Deer_Hunter,True,8.1,345782.0
1978,An Unmarried Woman,/wiki/An_Unmarried_Woman,False,7.1,5645.0
1978,Midnight Express ,/wiki/Midnight_Express_(film),False,7.5,83992.0
1979,Norma Rae,/wiki/Norma_Rae,False,7.3,12155.0
1979,All That Jazz ,/wiki/All_That_Jazz_(film),False,7.8,33356.0
1979,Breaking Away,/wiki/Breaking_Away,False,7.7,24433.0
1979,Kramer vs. Kramer,/wiki/Kramer_vs._Kramer,True,7.8,149059.0
1979,Apocalypse Now,/wiki/Apocalypse_Now,False,8.5,680101.0
1980,Coal Miner's Daughter ,/wiki/Coal_Miner%27s_Daughter_(film),False,7.5,19545.0
1980,The Elephant Man ,/wiki/The_Elephant_Man_(film),False,8.2,247328.0
1980,Tess ,/wiki/Tess_(1979_film),False,7.3,17441.0
1980,Raging Bull,/wiki/Raging_Bull,False,8.1,361798.0
1980,Ordinary People,/wiki/Ordinary_People,True,7.7,54202.0
1981,Atlantic City ,/wiki/Atlantic_City_(1980_film),False,7.3,17563.0
1981,On Golden Pond ,/wiki/On_Golden_Pond_(1981_film),False,7.6,32992.0
1981,Reds ,/wiki/Reds_(film),False,7.3,23693.0
1981,Chariots of Fire,/wiki/Chariots_of_Fire,True,7.1,63236.0
1981,Raiders of the Lost Ark,/wiki/Raiders_of_the_Lost_Ark,False,8.4,983092.0
1982,Tootsie,/wiki/Tootsie,False,7.4,110342.0
1982,Missing ,/wiki/Missing_(1982_film),False,7.1,28473.0
1982,The Verdict,/wiki/The_Verdict,False,7.7,42737.0
1982,Gandhi ,/wiki/Gandhi_(film),True,8.0,236045.0
1982,E.T. the Extra-Terrestrial,/wiki/E.T._the_Extra-Terrestrial,False,7.9,419529.0
1983,Terms of Endearment,/wiki/Terms_of_Endearment,True,7.4,62572.0
1983,Tender Mercies,/wiki/Tender_Mercies,False,7.3,11219.0
1983,The Big Chill ,/wiki/The_Big_Chill_(film),False,7.1,39246.0
1983,The Dresser ,/wiki/The_Dresser_(1983_film),False,7.5,5467.0
1983,The Right Stuff ,/wiki/The_Right_Stuff_(film),False,7.8,63106.0
1984,Amadeus ,/wiki/Amadeus_(film),True,8.4,409043.0
1984,The Killing Fields ,/wiki/The_Killing_Fields_(film),False,7.8,57137.0
1984,A Passage to India ,/wiki/A_Passage_to_India_(film),False,7.3,19621.0
1984,Places in the Heart,/wiki/Places_in_the_Heart,False,7.4,12659.0
1984,A Soldier's Story,/wiki/A_Soldier%27s_Story,False,7.2,10773.0
1985,Out of Africa ,/wiki/Out_of_Africa_(film),True,7.1,82981.0
1985,Kiss of the Spider Woman ,/wiki/Kiss_of_the_Spider_Woman_(film),False,7.3,16686.0
1985,Witness ,/wiki/Witness_(1985_film),False,7.4,99282.0
1985,Prizzi's Honor,/wiki/Prizzi%27s_Honor,False,6.7,25391.0
1986,Platoon ,/wiki/Platoon_(film),True,8.1,422633.0
1986,Children of a Lesser God ,/wiki/Children_of_a_Lesser_God_(film),False,7.2,17827.0
1986,Hannah and Her Sisters,/wiki/Hannah_and_Her_Sisters,False,7.8,73255.0
1986,The Mission ,/wiki/The_Mission_(1986_film),False,7.4,63216.0
1986,A Room with a View ,/wiki/A_Room_with_a_View_(1985_film),False,7.2,45388.0
1987,Hope and Glory ,/wiki/Hope_and_Glory_(film),False,7.3,13963.0
1987,The Last Emperor,/wiki/The_Last_Emperor,True,7.7,106875.0
1987,Fatal Attraction,/wiki/Fatal_Attraction,False,6.9,90756.0
1987,Moonstruck,/wiki/Moonstruck,False,7.1,62814.0
1987,Broadcast News ,/wiki/Broadcast_News_(film),False,7.2,32519.0
1988,Rain Man,/wiki/Rain_Man,True,8.0,525305.0
1988,The Accidental Tourist ,/wiki/The_Accidental_Tourist_(film),False,6.7,16744.0
1988,Mississippi Burning,/wiki/Mississippi_Burning,False,7.8,103970.0
1988,Working Girl,/wiki/Working_Girl,False,6.8,59500.0
1988,Dangerous Liaisons,/wiki/Dangerous_Liaisons,False,7.6,72345.0
1989,Born on the Fourth of July ,/wiki/Born_on_the_Fourth_of_July_(film),False,7.2,110794.0
1989,Driving Miss Daisy,/wiki/Driving_Miss_Daisy,True,7.3,113308.0
1989,Dead Poets Society,/wiki/Dead_Poets_Society,False,8.1,507205.0
1989,Field of Dreams,/wiki/Field_of_Dreams,False,7.5,122493.0
1989,My Left Foot,/wiki/My_Left_Foot,False,8.0,46.0
1990,Dances with Wolves,/wiki/Dances_with_Wolves,True,8.0,275168.0
1990,Awakenings,/wiki/Awakenings,False,7.8,148174.0
1990,Ghost ,/wiki/Ghost_(1990_film),False,7.1,224994.0
1990,Goodfellas,/wiki/Goodfellas,False,6.9,25.0
1990,The Godfather Part III,/wiki/The_Godfather_Part_III,False,7.6,406431.0
1991,Bugsy,/wiki/Bugsy,False,6.8,29959.0
1991,JFK ,/wiki/JFK_(film),False,8.0,161615.0
1991,Beauty and the Beast ,/wiki/Beauty_and_the_Beast_(1991_film),False,7.1,318261.0
1991,The Silence of the Lambs ,/wiki/The_Silence_of_the_Lambs_(film),True,8.6,1464229.0
1991,The Prince of Tides,/wiki/The_Prince_of_Tides,False,6.8,18785.0
1992,Unforgiven,/wiki/Unforgiven,True,8.2,419562.0
1992,The Crying Game,/wiki/The_Crying_Game,False,7.2,57503.0
1992,A Few Good Men,/wiki/A_Few_Good_Men,False,7.7,272238.0
1992,Scent of a Woman ,/wiki/Scent_of_a_Woman_(1992_film),False,8.0,308964.0
1992,Howards End ,/wiki/Howards_End_(film),False,7.4,34027.0
1993,Schindler's List,/wiki/Schindler%27s_List,True,9.0,1380337.0
1993,The Piano,/wiki/The_Piano,False,7.5,91080.0
1993,The Fugitive ,/wiki/The_Fugitive_(1993_film),False,7.8,304022.0
1993,In the Name of the Father ,/wiki/In_the_Name_of_the_Father_(film),False,8.1,179554.0
1993,The Remains of the Day ,/wiki/The_Remains_of_the_Day_(film),False,7.8,78266.0
1994,The Shawshank Redemption,/wiki/The_Shawshank_Redemption,False,9.3,2734155.0
1994,Quiz Show ,/wiki/Quiz_Show_(film),False,7.5,71373.0
1994,Forrest Gump,/wiki/Forrest_Gump,True,8.8,2127602.0
1994,Four Weddings and a Funeral,/wiki/Four_Weddings_and_a_Funeral,False,7.1,158098.0
1994,Pulp Fiction,/wiki/Pulp_Fiction,False,8.9,2101050.0
1995,Apollo 13 ,/wiki/Apollo_13_(film),False,7.7,302775.0
1995,Babe ,/wiki/Babe_(film),False,6.9,129210.0
1995,Sense and Sensibility ,/wiki/Sense_and_Sensibility_(film),False,7.7,119907.0
1995,Braveheart,/wiki/Braveheart,True,8.4,1053011.0
1996,The English Patient ,/wiki/The_English_Patient_(film),True,7.4,194708.0
1996,Fargo ,/wiki/Fargo_(1996_film),False,8.9,382775.0
1996,Shine ,/wiki/Shine_(film),False,7.6,55253.0
1996,Jerry Maguire,/wiki/Jerry_Maguire,False,7.3,274713.0
1997,Titanic ,/wiki/Titanic_(1997_film),True,7.9,1217053.0
1997,L.A. Confidential ,/wiki/L.A._Confidential_(film),False,8.2,592245.0
1997,Good Will Hunting,/wiki/Good_Will_Hunting,False,8.3,998916.0
1997,The Full Monty,/wiki/The_Full_Monty,False,7.2,109248.0
1997,As Good as It Gets,/wiki/As_Good_as_It_Gets,False,7.7,306485.0
1998,Life Is Beautiful,/wiki/Life_Is_Beautiful,False,6.4,898.0
1998,Shakespeare in Love,/wiki/Shakespeare_in_Love,True,7.1,228967.0
1998,Elizabeth ,/wiki/Elizabeth_(film),False,7.4,102061.0
1998,The Thin Red Line ,/wiki/The_Thin_Red_Line_(1998_film),False,7.6,192494.0
1998,Saving Private Ryan,/wiki/Saving_Private_Ryan,False,8.6,1418419.0
1999,The Insider ,/wiki/The_Insider_(film),False,7.8,174681.0
1999,The Green Mile ,/wiki/The_Green_Mile_(film),False,8.6,1331825.0
1999,The Cider House Rules ,/wiki/The_Cider_House_Rules_(film),False,7.4,102011.0
1999,American Beauty ,/wiki/American_Beauty_(1999_film),True,8.3,1171981.0
1999,The Sixth Sense,/wiki/The_Sixth_Sense,False,8.2,1008296.0
2000,"Crouching Tiger, Hidden Dragon","/wiki/Crouching_Tiger,_Hidden_Dragon",False,8.0,1486.0
2000,Chocolat ,/wiki/Chocolat_(2000_film),False,7.3,195845.0
2000,Erin Brockovich ,/wiki/Erin_Brockovich_(film),False,7.4,206398.0
2000,Traffic ,/wiki/Traffic_(2000_film),False,7.6,212423.0
2000,Gladiator ,/wiki/Gladiator_(2000_film),True,8.5,1532742.0
2001,Gosford Park,/wiki/Gosford_Park,False,7.2,90392.0
2001,A Beautiful Mind ,/wiki/A_Beautiful_Mind_(film),True,8.2,948735.0
2001,In the Bedroom,/wiki/In_the_Bedroom,False,7.4,40938.0
2001,The Lord of the Rings: The Fellowship of the Ring,/wiki/The_Lord_of_the_Rings:_The_Fellowship_of_the_Ring,False,8.8,1909585.0
2001,Moulin Rouge!,/wiki/Moulin_Rouge!,False,7.6,290703.0
2002,The Hours ,/wiki/The_Hours_(film),False,7.5,134755.0
2002,Gangs of New York,/wiki/Gangs_of_New_York,False,7.5,452792.0
2002,The Lord of the Rings: The Two Towers,/wiki/The_Lord_of_the_Rings:_The_Two_Towers,False,8.8,1697780.0
2002,The Pianist ,/wiki/The_Pianist_(2002_film),False,8.5,853771.0
2002,Chicago ,/wiki/Chicago_(2002_film),True,8.0,59923.0
2003,Seabiscuit ,/wiki/Seabiscuit_(film),False,7.3,74983.0
2003,Mystic River ,/wiki/Mystic_River_(film),False,7.9,466921.0
2003,Lost in Translation ,/wiki/Lost_in_Translation_(film),False,7.7,466486.0
2003,Master and Commander: The Far Side of the World,/wiki/Master_and_Commander:_The_Far_Side_of_the_World,False,7.4,227829.0
2003,The Lord of the Rings: The Return of the King,/wiki/The_Lord_of_the_Rings:_The_Return_of_the_King,True,9.0,1880701.0
2004,Ray ,/wiki/Ray_(film),False,8.3,89664.0
2004,Sideways,/wiki/Sideways,False,7.5,195732.0
2004,The Aviator ,/wiki/The_Aviator_(2004_film),False,7.5,370586.0
2004,Finding Neverland ,/wiki/Finding_Neverland_(film),False,7.7,208829.0
2004,Million Dollar Baby,/wiki/Million_Dollar_Baby,True,8.1,698263.0
2005,Munich ,/wiki/Munich_(2005_film),False,7.5,231817.0
2005,"Good Night, and Good Luck","/wiki/Good_Night,_and_Good_Luck",False,7.4,99444.0
2005,Crash ,/wiki/Crash_(2004_film),True,6.4,63233.0
2005,Capote ,/wiki/Capote_(film),False,7.3,136266.0
2005,Brokeback Mountain,/wiki/Brokeback_Mountain,False,7.7,366493.0
2006,The Departed,/wiki/The_Departed,True,8.5,1351191.0
2006,Little Miss Sunshine,/wiki/Little_Miss_Sunshine,False,7.8,493690.0
2006,Babel ,/wiki/Babel_(film),False,7.5,308766.0
2006,The Queen ,/wiki/The_Queen_(2006_film),False,8.6,487015.0
2006,Letters from Iwo Jima,/wiki/Letters_from_Iwo_Jima,False,7.9,165887.0
2007,There Will Be Blood,/wiki/There_Will_Be_Blood,False,8.2,600122.0
2007,No Country for Old Men,/wiki/No_Country_for_Old_Men,True,8.2,997439.0
2007,Atonement ,/wiki/Atonement_(2007_film),False,7.8,286842.0
2007,Juno ,/wiki/Juno_(film),False,7.5,532244.0
2007,Michael Clayton ,/wiki/Michael_Clayton_(film),False,7.2,169507.0
2008,The Curious Case of Benjamin Button ,/wiki/The_Curious_Case_of_Benjamin_Button_(film),False,7.8,666645.0
2008,Frost/Nixon ,/wiki/Frost/Nixon_(film),False,7.7,110097.0
2008,The Reader ,/wiki/The_Reader_(2008_film),False,7.6,251339.0
2008,Slumdog Millionaire,/wiki/Slumdog_Millionaire,True,8.0,857226.0
2008,Milk ,/wiki/Milk_(2008_American_film),False,7.5,176098.0
2009,The Blind Side ,/wiki/The_Blind_Side_(film),False,7.6,343450.0
2009,Avatar ,/wiki/Avatar_(2009_film),False,7.7,376925.0
2009,The Hurt Locker,/wiki/The_Hurt_Locker,True,7.5,460137.0
2009,District 9,/wiki/District_9,False,7.9,693223.0
2009,An Education,/wiki/An_Education,False,7.3,136065.0
2009,Inglourious Basterds,/wiki/Inglourious_Basterds,False,8.3,1485428.0
2009,A Serious Man,/wiki/A_Serious_Man,False,7.0,145663.0
2009,Up in the Air ,/wiki/Up_in_the_Air_(2009_film),False,7.4,341623.0
2009,Up ,/wiki/Up_(2009_film),False,8.3,1066883.0
2009,Precious ,/wiki/Precious_(film),False,7.3,113275.0
2010,The Fighter,/wiki/The_Fighter,False,7.8,376098.0
2010,Inception,/wiki/Inception,False,8.8,2403153.0
2010,127 Hours,/wiki/127_Hours,False,7.5,385614.0
2010,Winter's Bone,/wiki/Winter%27s_Bone,False,7.1,145733.0
2010,The King's Speech,/wiki/The_King%27s_Speech,True,8.0,690511.0
2010,The Social Network,/wiki/The_Social_Network,False,7.8,720689.0
2010,Toy Story 3,/wiki/Toy_Story_3,False,8.3,852115.0
2010,Black Swan ,/wiki/Black_Swan_(film),False,8.0,787178.0
2010,True Grit ,/wiki/True_Grit_(2010_film),False,7.6,346416.0
2010,The Kids Are All Right ,/wiki/The_Kids_Are_All_Right_(film),False,7.0,132207.0
2011,The Artist ,/wiki/The_Artist_(film),True,7.9,244636.0
2011,Extremely Loud & Incredibly Close ,/wiki/Extremely_Loud_%26_Incredibly_Close_(film),False,6.9,103510.0
2011,The Help ,/wiki/The_Help_(film),False,8.1,471448.0
2011,Hugo ,/wiki/Hugo_(film),False,7.5,328364.0
2011,Moneyball ,/wiki/Moneyball_(film),False,7.6,438146.0
2011,The Tree of Life ,/wiki/The_Tree_of_Life_(film),False,6.8,180237.0
2011,War Horse ,/wiki/War_Horse_(film),False,7.2,161086.0
2011,Midnight in Paris,/wiki/Midnight_in_Paris,False,7.7,433605.0
2011,The Descendants,/wiki/The_Descendants,False,7.3,245160.0
2012,Les Misérables ,/wiki/Les_Mis%C3%A9rables_(2012_film),False,7.5,336046.0
2012,Amour ,/wiki/Amour_(2012_film),False,7.6,5848.0
2012,Beasts of the Southern Wild,/wiki/Beasts_of_the_Southern_Wild,False,7.2,84059.0
2012,Django Unchained,/wiki/Django_Unchained,False,8.4,1592500.0
2012,Silver Linings Playbook,/wiki/Silver_Linings_Playbook,False,7.7,720058.0
2012,Life of Pi ,/wiki/Life_of_Pi_(film),False,7.9,644279.0
2012,Zero Dark Thirty,/wiki/Zero_Dark_Thirty,False,7.4,308187.0
2012,Lincoln ,/wiki/Lincoln_(film),False,7.3,265354.0
2012,Argo ,/wiki/Argo_(2012_film),True,7.7,624042.0
2013,Dallas Buyers Club,/wiki/Dallas_Buyers_Club,False,7.9,498957.0
2013,American Hustle,/wiki/American_Hustle,False,7.2,487634.0
2013,Her ,/wiki/Her_(film),False,8.0,634291.0
2013,The Wolf of Wall Street ,/wiki/The_Wolf_of_Wall_Street_(2013_film),False,8.2,1458210.0
2013,Philomena ,/wiki/Philomena_(film),False,7.6,101853.0
2013,Nebraska ,/wiki/Nebraska_(film),False,7.7,120183.0
2013,Gravity ,/wiki/Gravity_(2013_film),False,7.7,839661.0
2013,Captain Phillips ,/wiki/Captain_Phillips_(film),False,7.8,472252.0
2013,12 Years a Slave ,/wiki/12_Years_a_Slave_(film),True,8.1,714599.0
2014,Selma ,/wiki/Selma_(film),False,7.5,93187.0
2014,Boyhood ,/wiki/Boyhood_(2014_film),False,7.9,359742.0
2014,Whiplash ,/wiki/Whiplash_(2014_film),False,8.5,900884.0
2014,The Theory of Everything ,/wiki/The_Theory_of_Everything_(2014_film),False,7.7,462950.0
2014,Birdman ,/wiki/Birdman_(film),True,7.7,644522.0
2014,The Grand Budapest Hotel,/wiki/The_Grand_Budapest_Hotel,False,8.1,834412.0
2014,American Sniper,/wiki/American_Sniper,False,7.3,500701.0
2014,The Imitation Game,/wiki/The_Imitation_Game,False,8.0,786691.0
2015,Spotlight ,/wiki/Spotlight_(film),True,8.1,481249.0
2015,Mad Max: Fury Road,/wiki/Mad_Max:_Fury_Road,False,8.1,1025879.0
2015,The Big Short ,/wiki/The_Big_Short_(film),False,7.8,445748.0
2015,Bridge of Spies ,/wiki/Bridge_of_Spies_(film),False,7.6,317865.0
2015,Brooklyn ,/wiki/Brooklyn_(film),False,8.4,331758.0
2015,The Martian ,/wiki/The_Martian_(film),False,8.0,877293.0
2015,The Revenant ,/wiki/The_Revenant_(2015_film),False,8.0,826071.0
2015,Room ,/wiki/Room_(2015_film),False,8.1,430907.0
2016,Moonlight ,/wiki/Moonlight_(2016_film),True,7.4,317509.0
2016,Arrival ,/wiki/Arrival_(film),False,7.9,716903.0
2016,Fences ,/wiki/Fences_(film),False,7.2,111985.0
2016,Hell or High Water ,/wiki/Hell_or_High_Water_(2016_film),False,7.6,238437.0
2016,Lion ,/wiki/Lion_(2016_film),False,8.0,242287.0
2016,Manchester by the Sea ,/wiki/Manchester_by_the_Sea_(film),False,7.8,292956.0
2016,Hacksaw Ridge,/wiki/Hacksaw_Ridge,False,8.1,546213.0
2016,Hidden Figures,/wiki/Hidden_Figures,False,7.8,239571.0
2016,La La Land,/wiki/La_La_Land,False,8.0,612272.0
2017,Call Me by Your Name ,/wiki/Call_Me_by_Your_Name_(film),False,7.8,287315.0
2017,Darkest Hour ,/wiki/Darkest_Hour_(film),False,7.4,208954.0
2017,"Three Billboards Outside Ebbing, Missouri","/wiki/Three_Billboards_Outside_Ebbing,_Missouri",False,8.1,523880.0
2017,Phantom Thread,/wiki/Phantom_Thread,False,7.4,137552.0
2017,Get Out,/wiki/Get_Out,False,7.7,636853.0
2017,The Shape of Water,/wiki/The_Shape_of_Water,True,7.3,430989.0
2017,Dunkirk ,/wiki/Dunkirk_(2017_film),False,7.8,680423.0
2017,Lady Bird ,/wiki/Lady_Bird_(film),False,7.4,303288.0
2017,The Post ,/wiki/The_Post_(film),False,7.2,156014.0
2018,Roma ,/wiki/Roma_(2018_film),False,7.7,163385.0
2018,A Star Is Born ,/wiki/A_Star_Is_Born_(2018_film),False,7.6,396752.0
2018,Green Book ,/wiki/Green_Book_(film),True,8.2,516910.0
2018,Black Panther ,/wiki/Black_Panther_(film),False,6.7,264664.0
2018,Bohemian Rhapsody ,/wiki/Bohemian_Rhapsody_(film),False,7.9,554739.0
2018,BlacKkKlansman,/wiki/BlacKkKlansman,False,7.5,272849.0
2018,The Favourite,/wiki/The_Favourite,False,7.5,207297.0
2018,Vice ,/wiki/Vice_(2018_film),False,7.2,153327.0
2019,1917 ,/wiki/1917_(2019_film),False,8.2,618335.0
2019,Little Women ,/wiki/Little_Women_(2019_film),False,7.8,218222.0
2019,Ford v Ferrari,/wiki/Ford_v_Ferrari,False,8.1,414412.0
2019,Parasite ,/wiki/Parasite_(2019_film),True,8.5,850243.0
2019,The Irishman,/wiki/The_Irishman,False,7.8,401561.0
2019,Once Upon a Time in Hollywood,/wiki/Once_Upon_a_Time_in_Hollywood,False,8.2,52.0
2019,Marriage Story,/wiki/Marriage_Story,False,7.9,322955.0
2019,Jojo Rabbit,/wiki/Jojo_Rabbit,False,7.9,407660.0
2019,Joker ,/wiki/Joker_(2019_film),False,8.4,1348529.0
2020,Nomadland ,/wiki/Nomadland_(film),True,7.3,169978.0
2020,The Father ,/wiki/The_Father_(2020_film),False,8.2,167233.0
2020,Minari ,/wiki/Minari_(film),False,7.4,86740.0
2020,Sound of Metal,/wiki/Sound_of_Metal,False,7.7,135976.0
2020,Promising Young Woman,/wiki/Promising_Young_Woman,False,7.5,186173.0
2020,Mank,/wiki/Mank,False,6.8,78058.0
2020,Judas and the Black Messiah,/wiki/Judas_and_the_Black_Messiah,False,7.4,84927.0
2020,The Trial of the Chicago 7,/wiki/The_Trial_of_the_Chicago_7,False,7.7,183226.0
2021,Drive My Car ,/wiki/Drive_My_Car_(film),False,7.6,57108.0
2021,Don't Look Up,/wiki/Don%27t_Look_Up,False,7.2,555062.0
2021,Licorice Pizza,/wiki/Licorice_Pizza,False,7.2,126385.0
2021,King Richard ,/wiki/King_Richard_(film),False,7.5,121695.0
2021,CODA ,/wiki/CODA_(2021_film),True,8.0,145243.0
2021,Nightmare Alley ,/wiki/Nightmare_Alley_(2021_film),False,7.0,152429.0
2021,The Power of the Dog ,/wiki/The_Power_of_the_Dog_(film),False,6.8,182145.0
2021,West Side Story ,/wiki/West_Side_Story_(2021_film),False,7.2,88103.0
2021,Dune ,/wiki/Dune_(2021_film),False,8.0,671939.0
2021,Belfast ,/wiki/Belfast_(film),False,7.3,80495.0
2022,All Quiet on the Western Front ,/wiki/All_Quiet_on_the_Western_Front_(2022_film),False,8.1,65386.0
2022,Top Gun: Maverick,/wiki/Top_Gun:_Maverick,False,8.3,577408.0
2022,Elvis ,/wiki/Elvis_(2022_film),False,7.3,207142.0
2022,Everything Everywhere All at Once,/wiki/Everything_Everywhere_All_at_Once,True,7.9,437015.0
2022,Avatar: The Way of Water,/wiki/Avatar:_The_Way_of_Water,False,7.7,369719.0
2022,The Banshees of Inisherin,/wiki/The_Banshees_of_Inisherin,False,7.7,202400.0
2022,The Fabelmans,/wiki/The_Fabelmans,False,7.6,85709.0
2022,Tár,/wiki/T%C3%A1r,False,7.5,69684.0
2022,Triangle of Sadness,/wiki/Triangle_of_Sadness,False,7.3,128812.0
2022,Women Talking ,/wiki/Women_Talking_(film),False,6.9,29341.0
