,year,film,wiki,winner,worldwide_box_office
0,1927,Wings ,/wiki/Wings_(1927_film),True,$746
1,1927,7th Heaven ,/wiki/7th_Heaven_(1927_film),False,"$79,808"
2,1927,The Racket ,/wiki/The_Racket_(1928_film),False,"$21,733,230"
3,1928,The Broadway Melody,/wiki/The_Broadway_Melody,True,"$223,723"
4,1928,Alibi ,/wiki/Alibi_(1929_film),False,"$42,915"
5,1928,In Old Arizona,/wiki/In_Old_Arizona,False,"$6,344"
6,1928,The Patriot ,/wiki/The_Patriot_(1928_film),False,"$215,294,342"
7,1929,The Love Parade,/wiki/The_Love_Parade,False,"$2,492,128"
8,1929,The Divorcee,/wiki/The_Divorcee,False,"$6,253"
9,1929,Disraeli ,/wiki/Disraeli_(1929_film),False,"$13,025,860"
10,1929,The Big House ,/wiki/The_Big_House_(1930_film),False,"$173,959,438"
11,1929,All Quiet on the Western Front ,/wiki/All_Quiet_on_the_Western_Front_(1930_film),True,N/A
12,1930,Cimarron ,/wiki/Cimarron_(1931_film),True,N/A
13,1930,The Front Page ,/wiki/The_Front_Page_(1931_film),False,N/A
14,1930,Skippy ,/wiki/Skippy_(film),False,"$621,931"
15,1931,The Smiling Lieutenant,/wiki/The_Smiling_Lieutenant,False,"$413,844"
16,1931,Shanghai Express ,/wiki/Shanghai_Express_(film),False,"$2,315,683"
17,1931,Five Star Final,/wiki/Five_Star_Final,False,"$3,039,022"
18,1931,Bad Girl ,/wiki/Bad_Girl_(1931_film),False,"$193,221"
19,1931,Grand Hotel ,/wiki/Grand_Hotel_(1932_film),True,"$173,082,189"
20,1931,The Champ ,/wiki/The_Champ_(1931_film),False,"$30,441,738"
21,1932,The Private Life of Henry VIII,/wiki/The_Private_Life_of_Henry_VIII,False,"$19,773"
22,1932,Cavalcade ,/wiki/Cavalcade_(1933_film),True,"$507,886"
23,1932,42nd Street ,/wiki/42nd_Street_(film),False,"$1,600"
24,1932,A Farewell to Arms ,/wiki/A_Farewell_to_Arms_(1932_film),False,N/A
25,1932,I Am a Fugitive from a Chain Gang,/wiki/I_Am_a_Fugitive_from_a_Chain_Gang,False,N/A
26,1932,Lady for a Day,/wiki/Lady_for_a_Day,False,"$383,872"
27,1932,Little Women ,/wiki/Little_Women_(1933_film),False,"$218,843,645"
28,1932,Smilin' Through ,/wiki/Smilin%27_Through_(1932_film),False,"$4,560"
29,1932,State Fair ,/wiki/State_Fair_(1933_film),False,N/A
30,1934,One Night of Love,/wiki/One_Night_of_Love,False,"$900,123"
31,1934,The Thin Man ,/wiki/The_Thin_Man_(film),False,N/A
32,1934,Imitation of Life ,/wiki/Imitation_of_Life_(1934_film),False,$365
33,1934,The White Parade,/wiki/The_White_Parade,False,"$2,492,128"
34,1934,The House of Rothschild,/wiki/The_House_of_Rothschild,False,"$21,577,624"
35,1934,The Barretts of Wimpole Street ,/wiki/The_Barretts_of_Wimpole_Street_(1934_film),False,"$406,878,233"
36,1934,The Gay Divorcee,/wiki/The_Gay_Divorcee,False,"$6,253"
37,1934,Cleopatra ,/wiki/Cleopatra_(1934_film),False,"$57,777,778"
38,1934,It Happened One Night,/wiki/It_Happened_One_Night,True,"$11,477"
39,1934,Here Comes the Navy,/wiki/Here_Comes_the_Navy,False,"$73,100,172"
40,1935,Top Hat,/wiki/Top_Hat,False,"$5,541"
41,1935,Les Misérables ,/wiki/Les_Mis%C3%A9rables_(1935_film),False,"$54,465,930"
42,1935,A Midsummer Night's Dream ,/wiki/A_Midsummer_Night%27s_Dream_(1935_film),False,"$24,711"
43,1935,The Lives of a Bengal Lancer ,/wiki/The_Lives_of_a_Bengal_Lancer_(film),False,"$135,168"
44,1935,David Copperfield ,/wiki/David_Copperfield_(1935_film),False,"$14,399,270"
45,1935,Captain Blood ,/wiki/Captain_Blood_(1935_film),False,N/A
46,1935,Alice Adams ,/wiki/Alice_Adams_(1935_film),False,N/A
47,1935,Mutiny on the Bounty ,/wiki/Mutiny_on_the_Bounty_(1935_film),True,N/A
48,1935,The Informer ,/wiki/The_Informer_(1935_film),False,"$2,927,708"
49,1936,A Tale of Two Cities ,/wiki/A_Tale_of_Two_Cities_(1935_film),False,"$1,062,878"
50,1936,The Story of Louis Pasteur,/wiki/The_Story_of_Louis_Pasteur,False,"$204,956"
51,1936,San Francisco ,/wiki/San_Francisco_(1936_film),False,"$18,823"
52,1936,Romeo and Juliet ,/wiki/Romeo_and_Juliet_(1936_film),False,"$6,292"
53,1936,Mr. Deeds Goes to Town,/wiki/Mr._Deeds_Goes_to_Town,False,"$8,362"
54,1936,The Great Ziegfeld,/wiki/The_Great_Ziegfeld,True,"$353,659,851"
55,1936,Libeled Lady,/wiki/Libeled_Lady,False,N/A
56,1937,Lost Horizon ,/wiki/Lost_Horizon_(1937_film),False,"$10,726,909"
57,1937,A Star Is Born ,/wiki/A_Star_Is_Born_(1937_film),False,"$436,233,122"
58,1937,Stage Door,/wiki/Stage_Door,False,"$8,835"
59,1937,One Hundred Men and a Girl,/wiki/One_Hundred_Men_and_a_Girl,False,"$167,780,960"
60,1937,In Old Chicago,/wiki/In_Old_Chicago,False,N/A
61,1937,Dead End ,/wiki/Dead_End_(1937_film),False,"$154,342"
62,1937,The Good Earth ,/wiki/The_Good_Earth_(film),False,N/A
63,1937,The Awful Truth,/wiki/The_Awful_Truth,False,N/A
64,1937,The Life of Emile Zola,/wiki/The_Life_of_Emile_Zola,True,"$99,783,556"
65,1938,Jezebel ,/wiki/Jezebel_(1938_film),False,N/A
66,1938,La Grande Illusion,/wiki/La_Grande_Illusion,False,"$20,356"
67,1938,Four Daughters,/wiki/Four_Daughters,False,"$2,778,028"
68,1938,The Citadel ,/wiki/The_Citadel_(1938_film),False,"$1,625,784"
69,1938,Boys Town ,/wiki/Boys_Town_(film),False,N/A
70,1938,The Adventures of Robin Hood,/wiki/The_Adventures_of_Robin_Hood,False,"$288,545"
71,1938,You Can't Take It with You ,/wiki/You_Can%27t_Take_It_with_You_(film),True,N/A
72,1939,Wuthering Heights ,/wiki/Wuthering_Heights_(1939_film),False,"$624,643"
73,1939,The Wizard of Oz ,/wiki/The_Wizard_of_Oz_(1939_film),False,"$25,637,669"
74,1939,Stagecoach ,/wiki/Stagecoach_(1939_film),False,N/A
75,1939,Of Mice and Men ,/wiki/Of_Mice_and_Men_(1939_film),False,"$5,471,088"
76,1939,Ninotchka,/wiki/Ninotchka,False,"$1,204"
77,1939,"Goodbye, Mr. Chips ","/wiki/Goodbye,_Mr._Chips_(1939_film)",False,"$106,269,971"
78,1939,Dark Victory,/wiki/Dark_Victory,False,N/A
79,1939,Gone with the Wind ,/wiki/Gone_with_the_Wind_(film),True,"$402,382,193"
80,1939,Mr. Smith Goes to Washington,/wiki/Mr._Smith_Goes_to_Washington,False,"$144,738"
81,1939,Love Affair ,/wiki/Love_Affair_(1939_film),False,"$18,272,894"
82,1940,The Philadelphia Story ,/wiki/The_Philadelphia_Story_(film),False,"$411,663"
83,1940,Rebecca ,/wiki/Rebecca_(1940_film),True,"$72,275"
84,1940,"All This, and Heaven Too","/wiki/All_This,_and_Heaven_Too",False,"$16,191,842"
85,1940,Foreign Correspondent ,/wiki/Foreign_Correspondent_(film),False,$623
86,1940,The Grapes of Wrath ,/wiki/The_Grapes_of_Wrath_(film),False,N/A
87,1940,The Great Dictator,/wiki/The_Great_Dictator,False,"$970,263"
88,1940,The Letter ,/wiki/The_Letter_(1940_film),False,"$16,455"
89,1940,The Long Voyage Home,/wiki/The_Long_Voyage_Home,False,N/A
90,1940,Our Town ,/wiki/Our_Town_(1940_film),False,"$2,643,251"
91,1941,Sergeant York ,/wiki/Sergeant_York_(film),False,"$16,364,924"
92,1941,Blossoms in the Dust,/wiki/Blossoms_in_the_Dust,False,"$727,639"
93,1941,Suspicion ,/wiki/Suspicion_(1941_film),False,"$269,915"
94,1941,The Maltese Falcon ,/wiki/The_Maltese_Falcon_(1941_film),False,"$34,691"
95,1941,How Green Was My Valley ,/wiki/How_Green_Was_My_Valley_(film),True,N/A
96,1941,Hold Back the Dawn,/wiki/Hold_Back_the_Dawn,False,N/A
97,1941,Here Comes Mr. Jordan,/wiki/Here_Comes_Mr._Jordan,False,N/A
98,1941,Citizen Kane,/wiki/Citizen_Kane,False,"$1,645,944"
99,1941,The Little Foxes ,/wiki/The_Little_Foxes_(film),False,"$4,583"
100,1942,The Talk of the Town ,/wiki/The_Talk_of_the_Town_(1942_film),False,N/A
101,1942,The Pride of the Yankees,/wiki/The_Pride_of_the_Yankees,False,N/A
102,1942,The Magnificent Ambersons ,/wiki/The_Magnificent_Ambersons_(film),False,"$162,360,636"
103,1942,Kings Row,/wiki/Kings_Row,False,"$49,591"
104,1942,49th Parallel ,/wiki/49th_Parallel_(film),False,N/A
105,1942,The Pied Piper ,/wiki/The_Pied_Piper_(1942_film),False,"$5,546,500"
106,1943,The More the Merrier,/wiki/The_More_the_Merrier,False,"$247,061"
107,1943,The Song of Bernadette ,/wiki/The_Song_of_Bernadette_(film),False,"$4,228,034"
108,1943,The Ox-Bow Incident,/wiki/The_Ox-Bow_Incident,False,"$98,201"
109,1943,Madame Curie ,/wiki/Madame_Curie_(film),False,"$3,515,958"
110,1943,Casablanca ,/wiki/Casablanca_(film),True,"$4,626,532"
111,1943,The Human Comedy ,/wiki/The_Human_Comedy_(film),False,N/A
112,1943,Heaven Can Wait ,/wiki/Heaven_Can_Wait_(1943_film),False,"$81,640,278"
113,1943,For Whom the Bell Tolls ,/wiki/For_Whom_the_Bell_Tolls_(film),False,N/A
114,1944,Going My Way,/wiki/Going_My_Way,True,"$2,221"
115,1944,Double Indemnity,/wiki/Double_Indemnity,False,"$14,651"
116,1944,Gaslight ,/wiki/Gaslight_(1944_film),False,"$37,591,674"
117,1944,Wilson ,/wiki/Wilson_(1944_film),False,"$848,646"
118,1945,Spellbound ,/wiki/Spellbound_(1945_film),False,"$18,875,078"
119,1945,Mildred Pierce ,/wiki/Mildred_Pierce_(film),False,"$10,128"
120,1945,The Bells of St. Mary's,/wiki/The_Bells_of_St._Mary%27s,False,"$21,337,978"
121,1945,Anchors Aweigh ,/wiki/Anchors_Aweigh_(film),False,N/A
122,1945,The Lost Weekend ,/wiki/The_Lost_Weekend_(film),True,N/A
123,1946,The Best Years of Our Lives,/wiki/The_Best_Years_of_Our_Lives,True,"$23,661,347"
124,1946,Henry V ,/wiki/Henry_V_(1944_film),False,"$10,161,099"
125,1946,It's a Wonderful Life,/wiki/It%27s_a_Wonderful_Life,False,"$8,574,081"
126,1946,The Razor's Edge ,/wiki/The_Razor%27s_Edge_(1946_film),False,"$6,551,987"
127,1946,The Yearling ,/wiki/The_Yearling_(1946_film),False,N/A
128,1947,The Bishop's Wife,/wiki/The_Bishop%27s_Wife,False,$16
129,1947,Crossfire ,/wiki/Crossfire_(film),False,"$456,350"
130,1947,Great Expectations ,/wiki/Great_Expectations_(1946_film),False,"$55,494,066"
131,1947,Miracle on 34th Street,/wiki/Miracle_on_34th_Street,False,$527
132,1948,The Snake Pit,/wiki/The_Snake_Pit,False,$560
133,1948,The Red Shoes ,/wiki/The_Red_Shoes_(1948_film),False,"$30,846"
134,1948,The Treasure of the Sierra Madre ,/wiki/The_Treasure_of_the_Sierra_Madre_(film),False,"$5,014,000"
135,1948,Hamlet ,/wiki/Hamlet_(1948_film),True,"$6,288,230"
136,1948,Johnny Belinda ,/wiki/Johnny_Belinda_(1948_film),False,N/A
137,1949,All the King's Men ,/wiki/All_the_King%27s_Men_(1949_film),True,"$9,451,623"
138,1949,Battleground ,/wiki/Battleground_(film),False,"$10,337"
139,1949,The Heiress,/wiki/The_Heiress,False,$158
140,1949,A Letter to Three Wives,/wiki/A_Letter_to_Three_Wives,False,"$14,768"
141,1949,Twelve O'Clock High,/wiki/Twelve_O%27Clock_High,False,N/A
142,1950,Sunset Boulevard ,/wiki/Sunset_Boulevard_(film),False,"$300,073"
143,1950,King Solomon's Mines ,/wiki/King_Solomon%27s_Mines_(1950_film),False,"$15,057,465"
144,1950,Father of the Bride ,/wiki/Father_of_the_Bride_(1950_film),False,"$89,325,780"
145,1950,All About Eve,/wiki/All_About_Eve,True,"$151,052"
146,1950,Born Yesterday ,/wiki/Born_Yesterday_(1950_film),False,"$17,952,857"
147,1951,An American in Paris ,/wiki/An_American_in_Paris_(film),True,"$272,619"
148,1951,Decision Before Dawn,/wiki/Decision_Before_Dawn,False,"$608,881"
149,1951,A Place in the Sun ,/wiki/A_Place_in_the_Sun_(1951_film),False,N/A
150,1951,Quo Vadis ,/wiki/Quo_Vadis_(1951_film),False,"$101,486"
151,1951,A Streetcar Named Desire ,/wiki/A_Streetcar_Named_Desire_(1951_film),False,"$49,523"
152,1952,Moulin Rouge ,/wiki/Moulin_Rouge_(1952_film),False,"$184,935,320"
153,1952,Ivanhoe ,/wiki/Ivanhoe_(1952_film),False,"$5,246"
154,1952,The Quiet Man,/wiki/The_Quiet_Man,False,N/A
155,1952,The Greatest Show on Earth ,/wiki/The_Greatest_Show_on_Earth_(film),True,"$36,000,000"
156,1952,High Noon,/wiki/High_Noon,False,N/A
157,1953,From Here to Eternity,/wiki/From_Here_to_Eternity,True,"$36,416"
158,1953,Julius Caesar ,/wiki/Julius_Caesar_(1953_film),False,"$10,831"
159,1953,The Robe ,/wiki/The_Robe_(film),False,"$36,010,866"
160,1953,Roman Holiday,/wiki/Roman_Holiday,False,"$6,607"
161,1953,Shane ,/wiki/Shane_(film),False,"$146,987"
162,1954,Three Coins in the Fountain ,/wiki/Three_Coins_in_the_Fountain_(film),False,"$46,808"
163,1954,Seven Brides for Seven Brothers,/wiki/Seven_Brides_for_Seven_Brothers,False,"$13,672"
164,1954,On the Waterfront,/wiki/On_the_Waterfront,True,N/A
165,1954,The Caine Mutiny ,/wiki/The_Caine_Mutiny_(film),False,"$21,750,000"
166,1954,The Country Girl ,/wiki/The_Country_Girl_(1954_film),False,"$98,005,666"
167,1955,Marty ,/wiki/Marty_(film),True,N/A
168,1955,Love Is a Many-Splendored Thing ,/wiki/Love_Is_a_Many-Splendored_Thing_(film),False,"$30,330"
169,1955,Mister Roberts ,/wiki/Mister_Roberts_(1955_film),False,N/A
170,1955,Picnic ,/wiki/Picnic_(1955_film),False,"$4,534"
171,1955,The Rose Tattoo ,/wiki/The_Rose_Tattoo_(film),False,"$29,174,648"
172,1956,The King and I ,/wiki/The_King_and_I_(1956_film),False,"$21,300,415"
173,1956,The Ten Commandments ,/wiki/The_Ten_Commandments_(1956_film),False,"$65,500,000"
174,1956,Giant ,/wiki/Giant_(1956_film),False,"$32,855,818"
175,1956,Around the World in 80 Days ,/wiki/Around_the_World_in_80_Days_(1956_film),True,"$72,178,895"
176,1957,The Bridge on the River Kwai,/wiki/The_Bridge_on_the_River_Kwai,True,"$27,200,000"
177,1957,12 Angry Men ,/wiki/12_Angry_Men_(1957_film),False,$955
178,1957,Sayonara,/wiki/Sayonara,False,"$50,888,729"
179,1957,Witness for the Prosecution ,/wiki/Witness_for_the_Prosecution_(1957_film),False,"$7,693"
180,1958,Separate Tables ,/wiki/Separate_Tables_(film),False,N/A
181,1958,The Defiant Ones,/wiki/The_Defiant_Ones,False,"$358,399"
182,1958,Cat on a Hot Tin Roof ,/wiki/Cat_on_a_Hot_Tin_Roof_(1958_film),False,N/A
183,1958,Gigi ,/wiki/Gigi_(1958_film),True,N/A
184,1958,Auntie Mame ,/wiki/Auntie_Mame_(film),False,N/A
185,1959,Ben-Hur ,/wiki/Ben-Hur_(1959_film),True,"$74,437,720"
186,1959,Anatomy of a Murder,/wiki/Anatomy_of_a_Murder,False,$194
187,1959,The Diary of Anne Frank ,/wiki/The_Diary_of_Anne_Frank_(1959_film),False,"$3,068,263"
188,1959,The Nun's Story ,/wiki/The_Nun%27s_Story_(film),False,"$365,582,797"
189,1960,The Sundowners ,/wiki/The_Sundowners_(1960_film),False,N/A
190,1960,Sons and Lovers ,/wiki/Sons_and_Lovers_(film),False,"$414,351,546"
191,1960,The Alamo ,/wiki/The_Alamo_(1960_film),False,"$6,334"
192,1960,Elmer Gantry ,/wiki/Elmer_Gantry_(film),False,$64
193,1960,The Apartment,/wiki/The_Apartment,True,"$18,778,738"
194,1961,West Side Story ,/wiki/West_Side_Story_(1961_film),True,"$76,016,171"
195,1961,Fanny ,/wiki/Fanny_(1961_film),False,"$371,657"
196,1961,The Guns of Navarone ,/wiki/The_Guns_of_Navarone_(film),False,N/A
197,1961,The Hustler,/wiki/The_Hustler,False,N/A
198,1961,Judgment at Nuremberg,/wiki/Judgment_at_Nuremberg,False,"$12,180"
199,1962,Lawrence of Arabia ,/wiki/Lawrence_of_Arabia_(film),True,"$45,720,631"
200,1962,The Longest Day ,/wiki/The_Longest_Day_(film),False,N/A
201,1962,The Music Man ,/wiki/The_Music_Man_(1962_film),False,N/A
202,1962,Mutiny on the Bounty ,/wiki/Mutiny_on_the_Bounty_(1962_film),False,N/A
203,1962,To Kill a Mockingbird ,/wiki/To_Kill_a_Mockingbird_(film),False,"$599,146"
204,1963,How the West Was Won ,/wiki/How_the_West_Was_Won_(film),False,"$76,729"
205,1963,Lilies of the Field ,/wiki/Lilies_of_the_Field_(1963_film),False,"$2,476,539"
206,1963,America America,/wiki/America_America,False,"$370,569,774"
207,1963,Cleopatra ,/wiki/Cleopatra_(1963_film),False,"$57,777,778"
208,1964,My Fair Lady ,/wiki/My_Fair_Lady_(film),True,"$72,632,653"
209,1964,Becket ,/wiki/Becket_(1964_film),False,"$149,327"
210,1964,Dr. Strangelove,/wiki/Dr._Strangelove,False,"$9,523,464"
211,1964,Mary Poppins ,/wiki/Mary_Poppins_(film),False,"$103,082,380"
212,1964,Zorba the Greek ,/wiki/Zorba_the_Greek_(film),False,N/A
213,1965,The Sound of Music ,/wiki/The_Sound_of_Music_(film),True,"$159,437,744"
214,1965,Darling ,/wiki/Darling_(1965_film),False,"$87,609,403"
215,1965,Doctor Zhivago ,/wiki/Doctor_Zhivago_(film),False,"$111,922,142"
216,1965,Ship of Fools ,/wiki/Ship_of_Fools_(film),False,"$2,198,044"
217,1965,A Thousand Clowns,/wiki/A_Thousand_Clowns,False,"$3,427,211"
218,1966,The Sand Pebbles ,/wiki/The_Sand_Pebbles_(film),False,N/A
219,1966,Who's Afraid of Virginia Woolf? ,/wiki/Who%27s_Afraid_of_Virginia_Woolf%3F_(film),False,"$28,005,068"
220,1966,"The Russians Are Coming, the Russians Are Coming","/wiki/The_Russians_Are_Coming,_the_Russians_Are_Coming",False,"$221,359"
221,1966,A Man for All Seasons ,/wiki/A_Man_for_All_Seasons_(1966_film),True,N/A
222,1966,Alfie ,/wiki/Alfie_(1966_film),False,"$35,060,882"
223,1967,The Graduate,/wiki/The_Graduate,False,"$105,015,008"
224,1967,Doctor Dolittle ,/wiki/Doctor_Dolittle_(1967_film),False,"$294,456,605"
225,1967,Guess Who's Coming to Dinner,/wiki/Guess_Who%27s_Coming_to_Dinner,False,"$56,666,667"
226,1967,In the Heat of the Night ,/wiki/In_the_Heat_of_the_Night_(film),True,"$27,669"
227,1967,Bonnie and Clyde ,/wiki/Bonnie_and_Clyde_(film),False,N/A
228,1968,Oliver! ,/wiki/Oliver!_(film),True,N/A
229,1968,Funny Girl ,/wiki/Funny_Girl_(film),False,"$52,224,636"
230,1968,The Lion in Winter ,/wiki/The_Lion_in_Winter_(1968_film),False,"$18,177"
231,1968,"Rachel, Rachel","/wiki/Rachel,_Rachel",False,"$9,200,168"
232,1968,Romeo and Juliet ,/wiki/Romeo_and_Juliet_(1968_film),False,"$6,292"
233,1969,"Hello, Dolly! ","/wiki/Hello,_Dolly!_(film)",False,"$400,881"
234,1969,Butch Cassidy and the Sundance Kid,/wiki/Butch_Cassidy_and_the_Sundance_Kid,False,"$102,311,293"
235,1969,Z ,/wiki/Z_(1969_film),False,"$49,209,277"
236,1969,Midnight Cowboy,/wiki/Midnight_Cowboy,True,"$44,801,177"
237,1969,Anne of the Thousand Days,/wiki/Anne_of_the_Thousand_Days,False,N/A
238,1970,Patton ,/wiki/Patton_(film),True,"$61,749,765"
239,1970,Airport ,/wiki/Airport_(1970_film),False,"$100,489,151"
240,1970,Five Easy Pieces,/wiki/Five_Easy_Pieces,False,N/A
241,1970,Love Story ,/wiki/Love_Story_(1970_film),False,"$106,550,690"
242,1970,M*A*S*H ,/wiki/M*A*S*H_(film),False,"$81,600,000"
243,1971,The French Connection ,/wiki/The_French_Connection_(film),True,"$51,700,666"
244,1971,A Clockwork Orange ,/wiki/A_Clockwork_Orange_(film),False,"$26,960,374"
245,1971,Fiddler on the Roof ,/wiki/Fiddler_on_the_Roof_(film),False,"$10,405,457"
246,1971,The Last Picture Show,/wiki/The_Last_Picture_Show,False,"$29,146,131"
247,1971,Nicholas and Alexandra,/wiki/Nicholas_and_Alexandra,False,"$1,323,126"
248,1972,Sounder ,/wiki/Sounder_(film),False,"$2,562,285"
249,1972,The Emigrants ,/wiki/The_Emigrants_(film),False,"$587,351"
250,1972,The Godfather,/wiki/The_Godfather,True,"$250,341,816"
251,1972,Cabaret ,/wiki/Cabaret_(1972_film),False,"$108,405"
252,1972,Deliverance,/wiki/Deliverance,False,"$4,534"
253,1973,The Sting,/wiki/The_Sting,True,"$156,000,000"
254,1973,American Graffiti,/wiki/American_Graffiti,False,"$115,000,889"
255,1973,Cries and Whispers,/wiki/Cries_and_Whispers,False,"$26,968"
256,1973,A Touch of Class ,/wiki/A_Touch_of_Class_(film),False,"$22,026,369"
257,1973,The Exorcist,/wiki/The_Exorcist,False,"$66,231,892"
258,1974,The Godfather Part II,/wiki/The_Godfather_Part_II,True,"$47,961,919"
259,1974,Chinatown ,/wiki/Chinatown_(1974_film),False,"$29,226,502"
260,1974,The Conversation,/wiki/The_Conversation,False,"$4,696,729"
261,1974,Lenny ,/wiki/Lenny_(film),False,N/A
262,1974,The Towering Inferno,/wiki/The_Towering_Inferno,False,"$116,000,000"
263,1975,Nashville ,/wiki/Nashville_(film),False,"$9,991,258"
264,1975,Dog Day Afternoon,/wiki/Dog_Day_Afternoon,False,"$50,000,000"
265,1975,Barry Lyndon,/wiki/Barry_Lyndon,False,"$234,077"
266,1975,One Flew Over the Cuckoo's Nest ,/wiki/One_Flew_Over_the_Cuckoo%27s_Nest_(film),True,"$109,114,817"
267,1975,Jaws ,/wiki/Jaws_(film),False,"$476,512,065"
268,1976,Bound for Glory ,/wiki/Bound_for_Glory_(1976_film),False,"$10,173,682"
269,1976,Network ,/wiki/Network_(1976_film),False,"$23,690,757"
270,1976,Taxi Driver,/wiki/Taxi_Driver,False,"$28,573,323"
271,1976,Rocky,/wiki/Rocky,True,"$117,250,402"
272,1976,All the President's Men ,/wiki/All_the_President%27s_Men_(film),False,"$70,600,000"
273,1977,Annie Hall,/wiki/Annie_Hall,True,"$38,288,028"
274,1977,The Goodbye Girl,/wiki/The_Goodbye_Girl,False,"$98,005,666"
275,1977,Julia ,/wiki/Julia_(1977_film),False,"$20,714,400"
276,1977,Star Wars ,/wiki/Star_Wars_(film),False,"$775,398,007"
277,1977,The Turning Point ,/wiki/The_Turning_Point_(1977_film),False,"$25,933,445"
278,1978,Midnight Express ,/wiki/Midnight_Express_(film),False,"$35,000,000"
279,1978,An Unmarried Woman,/wiki/An_Unmarried_Woman,False,N/A
280,1978,Coming Home ,/wiki/Coming_Home_(1978_film),False,"$32,653,905"
281,1978,The Deer Hunter,/wiki/The_Deer_Hunter,True,"$49,074,379"
282,1978,Heaven Can Wait ,/wiki/Heaven_Can_Wait_(1978_film),False,"$81,640,278"
283,1979,Kramer vs. Kramer,/wiki/Kramer_vs._Kramer,True,"$106,260,000"
284,1979,All That Jazz ,/wiki/All_That_Jazz_(film),False,"$37,823,676"
285,1979,Apocalypse Now,/wiki/Apocalypse_Now,False,"$104,880,868"
286,1979,Breaking Away,/wiki/Breaking_Away,False,"$16,424,918"
287,1979,Norma Rae,/wiki/Norma_Rae,False,"$22,228,000"
288,1980,Ordinary People,/wiki/Ordinary_People,True,"$54,766,923"
289,1980,Coal Miner's Daughter ,/wiki/Coal_Miner%27s_Daughter_(film),False,"$67,182,787"
290,1980,The Elephant Man ,/wiki/The_Elephant_Man_(film),False,"$26,023,860"
291,1980,Raging Bull,/wiki/Raging_Bull,False,"$23,403,912"
292,1980,Tess ,/wiki/Tess_(1979_film),False,"$20,101,247"
293,1981,Reds ,/wiki/Reds_(film),False,"$40,382,788"
294,1981,Raiders of the Lost Ark,/wiki/Raiders_of_the_Lost_Ark,False,"$389,925,971"
295,1981,Chariots of Fire,/wiki/Chariots_of_Fire,True,"$59,303,359"
296,1981,Atlantic City ,/wiki/Atlantic_City_(1980_film),False,"$12,729,675"
297,1981,On Golden Pond ,/wiki/On_Golden_Pond_(1981_film),False,"$119,285,432"
298,1982,Gandhi ,/wiki/Gandhi_(film),True,"$52,767,889"
299,1982,E.T. the Extra-Terrestrial,/wiki/E.T._the_Extra-Terrestrial,False,"$792,910,554"
300,1982,The Verdict,/wiki/The_Verdict,False,"$53,993,738"
301,1982,Missing ,/wiki/Missing_(1982_film),False,"$48,568,018"
302,1982,Tootsie,/wiki/Tootsie,False,"$177,200,271"
303,1983,The Dresser ,/wiki/The_Dresser_(1983_film),False,"$5,310,748"
304,1983,The Right Stuff ,/wiki/The_Right_Stuff_(film),False,"$21,192,315"
305,1983,Tender Mercies,/wiki/Tender_Mercies,False,"$8,443,124"
306,1983,Terms of Endearment,/wiki/Terms_of_Endearment,True,"$108,423,749"
307,1983,The Big Chill ,/wiki/The_Big_Chill_(film),False,"$56,399,659"
308,1984,Amadeus ,/wiki/Amadeus_(film),True,"$52,066,791"
309,1984,The Killing Fields ,/wiki/The_Killing_Fields_(film),False,"$34,700,291"
310,1984,A Passage to India ,/wiki/A_Passage_to_India_(film),False,"$27,201,487"
311,1984,Places in the Heart,/wiki/Places_in_the_Heart,False,"$34,901,614"
312,1984,A Soldier's Story,/wiki/A_Soldier%27s_Story,False,"$21,821,347"
313,1985,Kiss of the Spider Woman ,/wiki/Kiss_of_the_Spider_Woman_(film),False,"$17,009,654"
314,1985,Prizzi's Honor,/wiki/Prizzi%27s_Honor,False,"$26,657,534"
315,1985,The Color Purple ,/wiki/The_Color_Purple_(1985_film),False,N/A
316,1985,Out of Africa ,/wiki/Out_of_Africa_(film),True,"$227,514,205"
317,1985,Witness ,/wiki/Witness_(1985_film),False,"$68,706,993"
318,1986,Children of a Lesser God ,/wiki/Children_of_a_Lesser_God_(film),False,"$31,853,080"
319,1986,Hannah and Her Sisters,/wiki/Hannah_and_Her_Sisters,False,"$40,084,041"
320,1986,The Mission ,/wiki/The_Mission_(1986_film),False,"$17,502,499"
321,1986,A Room with a View ,/wiki/A_Room_with_a_View_(1985_film),False,"$21,041,453"
322,1986,Platoon ,/wiki/Platoon_(film),True,"$138,545,632"
323,1987,The Last Emperor,/wiki/The_Last_Emperor,True,"$43,993,869"
324,1987,Broadcast News ,/wiki/Broadcast_News_(film),False,"$67,331,309"
325,1987,Hope and Glory ,/wiki/Hope_and_Glory_(film),False,"$10,021,120"
326,1987,Moonstruck,/wiki/Moonstruck,False,"$80,642,217"
327,1987,Fatal Attraction,/wiki/Fatal_Attraction,False,"$320,145,693"
328,1988,Rain Man,/wiki/Rain_Man,True,"$354,825,435"
329,1988,Working Girl,/wiki/Working_Girl,False,"$102,953,112"
330,1988,The Accidental Tourist ,/wiki/The_Accidental_Tourist_(film),False,"$32,632,093"
331,1988,Dangerous Liaisons,/wiki/Dangerous_Liaisons,False,"$34,670,720"
332,1988,Mississippi Burning,/wiki/Mississippi_Burning,False,"$34,603,943"
333,1989,Field of Dreams,/wiki/Field_of_Dreams,False,"$84,431,625"
334,1989,Born on the Fourth of July ,/wiki/Born_on_the_Fourth_of_July_(film),False,"$161,001,698"
335,1989,Dead Poets Society,/wiki/Dead_Poets_Society,False,"$235,860,116"
336,1989,Driving Miss Daisy,/wiki/Driving_Miss_Daisy,True,"$145,793,296"
337,1989,My Left Foot,/wiki/My_Left_Foot,False,"$14,743,391"
338,1990,Ghost ,/wiki/Ghost_(1990_film),False,"$505,703,557"
339,1990,Awakenings,/wiki/Awakenings,False,"$52,096,475"
340,1990,Goodfellas,/wiki/Goodfellas,False,"$47,036,784"
341,1990,Dances with Wolves,/wiki/Dances_with_Wolves,True,"$424,208,848"
342,1990,The Godfather Part III,/wiki/The_Godfather_Part_III,False,"$136,861,392"
343,1991,Beauty and the Beast ,/wiki/Beauty_and_the_Beast_(1991_film),False,"$1,266,115,964"
344,1991,The Silence of the Lambs ,/wiki/The_Silence_of_the_Lambs_(film),True,"$272,742,922"
345,1991,Bugsy,/wiki/Bugsy,False,"$49,114,016"
346,1991,JFK ,/wiki/JFK_(film),False,"$205,405,498"
347,1991,The Prince of Tides,/wiki/The_Prince_of_Tides,False,"$74,787,599"
348,1992,Scent of a Woman ,/wiki/Scent_of_a_Woman_(1992_film),False,"$134,095,253"
349,1992,A Few Good Men,/wiki/A_Few_Good_Men,False,"$243,240,178"
350,1992,Unforgiven,/wiki/Unforgiven,True,"$159,167,799"
351,1992,The Crying Game,/wiki/The_Crying_Game,False,"$62,548,947"
352,1992,Howards End ,/wiki/Howards_End_(film),False,"$26,341,736"
353,1993,The Piano,/wiki/The_Piano,False,"$40,185,556"
354,1993,The Remains of the Day ,/wiki/The_Remains_of_the_Day_(film),False,"$23,237,911"
355,1993,In the Name of the Father ,/wiki/In_the_Name_of_the_Father_(film),False,"$65,796,862"
356,1993,The Fugitive ,/wiki/The_Fugitive_(1993_film),False,"$368,875,760"
357,1993,Schindler's List,/wiki/Schindler%27s_List,True,"$322,161,245"
358,1994,The Shawshank Redemption,/wiki/The_Shawshank_Redemption,False,"$28,884,504"
359,1994,Forrest Gump,/wiki/Forrest_Gump,True,"$678,226,465"
360,1994,Four Weddings and a Funeral,/wiki/Four_Weddings_and_a_Funeral,False,"$245,700,832"
361,1994,Pulp Fiction,/wiki/Pulp_Fiction,False,"$213,928,762"
362,1994,Quiz Show ,/wiki/Quiz_Show_(film),False,"$24,822,619"
363,1995,Il Postino: The Postman,/wiki/Il_Postino:_The_Postman,False,"$21,898,920"
364,1995,Braveheart,/wiki/Braveheart,True,"$213,216,216"
365,1995,Apollo 13 ,/wiki/Apollo_13_(film),False,"$355,237,933"
366,1995,Babe ,/wiki/Babe_(film),False,"$254,134,910"
367,1995,Sense and Sensibility ,/wiki/Sense_and_Sensibility_(film),False,"$134,582,776"
368,1996,Fargo ,/wiki/Fargo_(1996_film),False,"$60,611,975"
369,1996,Jerry Maguire,/wiki/Jerry_Maguire,False,"$273,552,592"
370,1996,The English Patient ,/wiki/The_English_Patient_(film),True,"$231,976,425"
371,1996,Shine ,/wiki/Shine_(film),False,"$35,999,081"
372,1996,Secrets & Lies ,/wiki/Secrets_%26_Lies_(film),False,"$13,417,292"
373,1997,L.A. Confidential ,/wiki/L.A._Confidential_(film),False,"$126,216,940"
374,1997,Good Will Hunting,/wiki/Good_Will_Hunting,False,"$225,933,435"
375,1997,As Good as It Gets,/wiki/As_Good_as_It_Gets,False,"$314,178,011"
376,1997,The Full Monty,/wiki/The_Full_Monty,False,"$257,938,649"
377,1997,Titanic ,/wiki/Titanic_(1997_film),True,"$2,264,743,257"
378,1998,The Thin Red Line ,/wiki/The_Thin_Red_Line_(1998_film),False,"$98,126,565"
379,1998,Life Is Beautiful,/wiki/Life_Is_Beautiful,False,"$230,099,013"
380,1998,Elizabeth ,/wiki/Elizabeth_(film),False,"$82,150,642"
381,1998,Shakespeare in Love,/wiki/Shakespeare_in_Love,True,"$289,317,794"
382,1998,Saving Private Ryan,/wiki/Saving_Private_Ryan,False,"$482,349,603"
383,1999,The Green Mile ,/wiki/The_Green_Mile_(film),False,"$286,801,374"
384,1999,The Insider ,/wiki/The_Insider_(film),False,"$60,289,912"
385,1999,American Beauty ,/wiki/American_Beauty_(1999_film),True,"$356,296,601"
386,1999,The Sixth Sense,/wiki/The_Sixth_Sense,False,"$672,806,432"
387,1999,The Cider House Rules ,/wiki/The_Cider_House_Rules_(film),False,"$88,545,092"
388,2000,Chocolat ,/wiki/Chocolat_(2000_film),False,"$152,700,626"
389,2000,Traffic ,/wiki/Traffic_(2000_film),False,"$207,515,725"
390,2000,Erin Brockovich ,/wiki/Erin_Brockovich_(film),False,"$256,271,286"
391,2000,"Crouching Tiger, Hidden Dragon","/wiki/Crouching_Tiger,_Hidden_Dragon",False,"$213,977,285"
392,2000,Gladiator ,/wiki/Gladiator_(2000_film),True,"$503,162,313"
393,2001,Moulin Rouge!,/wiki/Moulin_Rouge!,False,"$184,935,320"
394,2001,The Lord of the Rings: The Fellowship of the Ring,/wiki/The_Lord_of_the_Rings:_The_Fellowship_of_the_Ring,False,"$898,204,420"
395,2001,In the Bedroom,/wiki/In_the_Bedroom,False,"$44,763,181"
396,2001,Gosford Park,/wiki/Gosford_Park,False,"$87,754,044"
397,2001,A Beautiful Mind ,/wiki/A_Beautiful_Mind_(film),True,"$316,791,257"
398,2002,The Pianist ,/wiki/The_Pianist_(2002_film),False,"$120,072,577"
399,2002,The Lord of the Rings: The Two Towers,/wiki/The_Lord_of_the_Rings:_The_Two_Towers,False,"$947,944,270"
400,2002,Gangs of New York,/wiki/Gangs_of_New_York,False,"$193,772,504"
401,2002,Chicago ,/wiki/Chicago_(2002_film),True,"$306,776,732"
402,2002,The Hours ,/wiki/The_Hours_(film),False,"$108,846,072"
403,2003,The Lord of the Rings: The Return of the King,/wiki/The_Lord_of_the_Rings:_The_Return_of_the_King,True,"$1,147,633,833"
404,2003,Lost in Translation ,/wiki/Lost_in_Translation_(film),False,"$118,686,937"
405,2003,Master and Commander: The Far Side of the World,/wiki/Master_and_Commander:_The_Far_Side_of_the_World,False,"$211,622,535"
406,2003,Mystic River ,/wiki/Mystic_River_(film),False,"$156,595,191"
407,2003,Seabiscuit ,/wiki/Seabiscuit_(film),False,"$148,336,445"
408,2004,Ray ,/wiki/Ray_(film),False,"$123,971,376"
409,2004,Sideways,/wiki/Sideways,False,"$109,706,931"
410,2004,Finding Neverland ,/wiki/Finding_Neverland_(film),False,"$116,650,613"
411,2004,The Aviator ,/wiki/The_Aviator_(2004_film),False,"$213,719,942"
412,2004,Million Dollar Baby,/wiki/Million_Dollar_Baby,True,"$216,763,646"
413,2005,"Good Night, and Good Luck","/wiki/Good_Night,_and_Good_Luck",False,"$54,641,191"
414,2005,Capote ,/wiki/Capote_(film),False,"$49,327,405"
415,2005,Brokeback Mountain,/wiki/Brokeback_Mountain,False,"$178,062,759"
416,2005,Crash ,/wiki/Crash_(2004_film),True,"$2,671,855"
417,2005,Munich ,/wiki/Munich_(2005_film),False,"$130,982,129"
418,2006,Babel ,/wiki/Babel_(film),False,"$135,330,182"
419,2006,Little Miss Sunshine,/wiki/Little_Miss_Sunshine,False,"$101,058,954"
420,2006,The Departed,/wiki/The_Departed,True,"$291,480,452"
421,2006,The Queen ,/wiki/The_Queen_(2006_film),False,"$124,923,153"
422,2006,Letters from Iwo Jima,/wiki/Letters_from_Iwo_Jima,False,"$68,673,228"
423,2007,Michael Clayton ,/wiki/Michael_Clayton_(film),False,"$92,991,835"
424,2007,No Country for Old Men,/wiki/No_Country_for_Old_Men,True,"$171,627,434"
425,2007,Atonement ,/wiki/Atonement_(2007_film),False,"$131,016,624"
426,2007,Juno ,/wiki/Juno_(film),False,"$232,372,681"
427,2007,There Will Be Blood,/wiki/There_Will_Be_Blood,False,"$76,182,388"
428,2008,Slumdog Millionaire,/wiki/Slumdog_Millionaire,True,"$378,410,542"
429,2008,The Reader ,/wiki/The_Reader_(2008_film),False,"$108,902,486"
430,2008,Milk ,/wiki/Milk_(2008_American_film),False,"$54,589,558"
431,2008,Frost/Nixon ,/wiki/Frost/Nixon_(film),False,"$27,426,335"
432,2008,The Curious Case of Benjamin Button ,/wiki/The_Curious_Case_of_Benjamin_Button_(film),False,"$335,802,786"
433,2009,Up ,/wiki/Up_(2009_film),False,"$735,099,102"
434,2009,Inglourious Basterds,/wiki/Inglourious_Basterds,False,"$321,457,747"
435,2009,An Education,/wiki/An_Education,False,"$26,096,852"
436,2009,District 9,/wiki/District_9,False,"$210,888,950"
437,2009,The Blind Side ,/wiki/The_Blind_Side_(film),False,"$309,231,694"
438,2009,Avatar ,/wiki/Avatar_(2009_film),False,"$2,923,706,026"
439,2009,The Hurt Locker,/wiki/The_Hurt_Locker,True,"$49,259,766"
440,2009,Precious ,/wiki/Precious_(film),False,"$63,649,529"
441,2009,Up in the Air ,/wiki/Up_in_the_Air_(2009_film),False,"$166,842,739"
442,2009,A Serious Man,/wiki/A_Serious_Man,False,"$31,430,334"
443,2010,Winter's Bone,/wiki/Winter%27s_Bone,False,"$13,796,834"
444,2010,True Grit ,/wiki/True_Grit_(2010_film),False,"$252,276,927"
445,2010,The Social Network,/wiki/The_Social_Network,False,"$224,920,375"
446,2010,127 Hours,/wiki/127_Hours,False,"$60,738,797"
447,2010,The Kids Are All Right ,/wiki/The_Kids_Are_All_Right_(film),False,"$34,758,951"
448,2010,The Fighter,/wiki/The_Fighter,False,"$129,190,869"
449,2010,Black Swan ,/wiki/Black_Swan_(film),False,"$329,398,046"
450,2010,The King's Speech,/wiki/The_King%27s_Speech,True,"$484,068,861"
451,2010,Inception,/wiki/Inception,False,"$870,110,523"
452,2010,Toy Story 3,/wiki/Toy_Story_3,False,"$1,067,316,101"
453,2011,Hugo ,/wiki/Hugo_(film),False,"$185,770,310"
454,2011,War Horse ,/wiki/War_Horse_(film),False,"$177,584,879"
455,2011,The Artist ,/wiki/The_Artist_(film),True,"$133,471,171"
456,2011,The Descendants,/wiki/The_Descendants,False,"$177,243,185"
457,2011,Extremely Loud & Incredibly Close ,/wiki/Extremely_Loud_%26_Incredibly_Close_(film),False,"$55,247,881"
458,2011,The Help ,/wiki/The_Help_(film),False,"$216,639,112"
459,2011,Midnight in Paris,/wiki/Midnight_in_Paris,False,"$151,672,318"
460,2011,Moneyball ,/wiki/Moneyball_(film),False,"$110,206,216"
461,2011,The Tree of Life ,/wiki/The_Tree_of_Life_(film),False,"$58,409,247"
462,2012,Django Unchained,/wiki/Django_Unchained,False,"$426,074,373"
463,2012,Lincoln ,/wiki/Lincoln_(film),False,"$275,293,450"
464,2012,Life of Pi ,/wiki/Life_of_Pi_(film),False,"$609,016,565"
465,2012,Zero Dark Thirty,/wiki/Zero_Dark_Thirty,False,"$132,820,716"
466,2012,Amour ,/wiki/Amour_(2012_film),False,"$29,664,140"
467,2012,Argo ,/wiki/Argo_(2012_film),True,"$232,325,503"
468,2012,Les Misérables ,/wiki/Les_Mis%C3%A9rables_(2012_film),False,"$54,465,930"
469,2012,Beasts of the Southern Wild,/wiki/Beasts_of_the_Southern_Wild,False,"$21,107,746"
470,2012,Silver Linings Playbook,/wiki/Silver_Linings_Playbook,False,"$236,412,453"
471,2013,Gravity ,/wiki/Gravity_(2013_film),False,"$748,049,949"
472,2013,12 Years a Slave ,/wiki/12_Years_a_Slave_(film),True,"$187,733,202"
473,2013,American Hustle,/wiki/American_Hustle,False,"$251,171,807"
474,2013,The Wolf of Wall Street ,/wiki/The_Wolf_of_Wall_Street_(2013_film),False,"$406,878,233"
475,2013,Philomena ,/wiki/Philomena_(film),False,"$100,129,872"
476,2013,Nebraska ,/wiki/Nebraska_(film),False,"$27,682,872"
477,2013,Captain Phillips ,/wiki/Captain_Phillips_(film),False,"$218,791,811"
478,2013,Dallas Buyers Club,/wiki/Dallas_Buyers_Club,False,"$55,198,285"
479,2013,Her ,/wiki/Her_(film),False,"$48,517,427"
480,2014,American Sniper,/wiki/American_Sniper,False,"$547,459,020"
481,2014,Whiplash ,/wiki/Whiplash_(2014_film),False,"$49,396,747"
482,2014,The Theory of Everything ,/wiki/The_Theory_of_Everything_(2014_film),False,"$123,726,688"
483,2014,Selma ,/wiki/Selma_(film),False,"$67,782,762"
484,2014,The Imitation Game,/wiki/The_Imitation_Game,False,"$233,555,708"
485,2014,The Grand Budapest Hotel,/wiki/The_Grand_Budapest_Hotel,False,"$173,082,189"
486,2014,Boyhood ,/wiki/Boyhood_(2014_film),False,"$48,137,666"
487,2014,Birdman ,/wiki/Birdman_(film),True,"$103,215,094"
488,2015,Mad Max: Fury Road,/wiki/Mad_Max:_Fury_Road,False,"$415,261,382"
489,2015,Spotlight ,/wiki/Spotlight_(film),True,"$98,690,254"
490,2015,The Big Short ,/wiki/The_Big_Short_(film),False,"$133,440,870"
491,2015,Bridge of Spies ,/wiki/Bridge_of_Spies_(film),False,"$165,478,348"
492,2015,Brooklyn ,/wiki/Brooklyn_(film),False,"$62,402,155"
493,2015,The Martian ,/wiki/The_Martian_(film),False,"$630,620,818"
494,2015,The Revenant ,/wiki/The_Revenant_(2015_film),False,"$532,950,503"
495,2015,Room ,/wiki/Room_(2015_film),False,"$35,401,758"
496,2016,La La Land,/wiki/La_La_Land,False,"$471,983,281"
497,2016,Manchester by the Sea ,/wiki/Manchester_by_the_Sea_(film),False,"$78,988,148"
498,2016,Lion ,/wiki/Lion_(2016_film),False,"$140,853,810"
499,2016,Hidden Figures,/wiki/Hidden_Figures,False,"$235,956,898"
500,2016,Hell or High Water ,/wiki/Hell_or_High_Water_(2016_film),False,"$37,999,675"
501,2016,Hacksaw Ridge,/wiki/Hacksaw_Ridge,False,"$180,563,636"
502,2016,Fences ,/wiki/Fences_(film),False,"$64,414,761"
503,2016,Arrival ,/wiki/Arrival_(film),False,"$203,388,186"
504,2016,Moonlight ,/wiki/Moonlight_(2016_film),True,"$65,172,611"
505,2017,The Shape of Water,/wiki/The_Shape_of_Water,True,"$195,333,312"
506,2017,Call Me by Your Name ,/wiki/Call_Me_by_Your_Name_(film),False,"$43,143,046"
507,2017,Darkest Hour ,/wiki/Darkest_Hour_(film),False,"$150,847,274"
508,2017,Dunkirk ,/wiki/Dunkirk_(2017_film),False,"$527,016,307"
509,2017,Get Out,/wiki/Get_Out,False,"$255,745,157"
510,2017,Lady Bird ,/wiki/Lady_Bird_(film),False,"$78,986,478"
511,2017,Phantom Thread,/wiki/Phantom_Thread,False,"$48,706,552"
512,2017,The Post ,/wiki/The_Post_(film),False,"$193,764,664"
513,2017,"Three Billboards Outside Ebbing, Missouri","/wiki/Three_Billboards_Outside_Ebbing,_Missouri",False,"$162,861,289"
514,2018,Vice ,/wiki/Vice_(2018_film),False,"$76,073,488"
515,2018,Green Book ,/wiki/Green_Book_(film),True,"$321,752,656"
516,2018,Black Panther ,/wiki/Black_Panther_(film),False,"$1,349,926,083"
517,2018,BlacKkKlansman,/wiki/BlacKkKlansman,False,"$93,413,709"
518,2018,Bohemian Rhapsody ,/wiki/Bohemian_Rhapsody_(film),False,"$910,809,311"
519,2018,The Favourite,/wiki/The_Favourite,False,"$95,918,706"
520,2018,Roma ,/wiki/Roma_(2018_film),False,"$1,140,769"
521,2018,A Star Is Born ,/wiki/A_Star_Is_Born_(2018_film),False,"$436,233,122"
522,2019,Marriage Story,/wiki/Marriage_Story,False,"$333,686"
523,2019,Little Women ,/wiki/Little_Women_(2019_film),False,"$218,843,645"
524,2019,Joker ,/wiki/Joker_(2019_film),False,"$1,074,458,282"
525,2019,Jojo Rabbit,/wiki/Jojo_Rabbit,False,"$93,757,609"
526,2019,Ford v Ferrari,/wiki/Ford_v_Ferrari,False,"$225,508,210"
527,2019,Parasite ,/wiki/Parasite_(2019_film),True,"$40,283,786"
528,2019,1917 ,/wiki/1917_(2019_film),False,"$384,577,421"
529,2019,The Irishman,/wiki/The_Irishman,False,"$968,853"
530,2019,Once Upon a Time in Hollywood,/wiki/Once_Upon_a_Time_in_Hollywood,False,"$377,617,598"
531,2020,The Father ,/wiki/The_Father_(2020_film),False,"$24,267,597"
532,2020,The Trial of the Chicago 7,/wiki/The_Trial_of_the_Chicago_7,False,N/A
533,2020,Judas and the Black Messiah,/wiki/Judas_and_the_Black_Messiah,False,"$7,478,009"
534,2020,Nomadland ,/wiki/Nomadland_(film),True,"$39,458,207"
535,2020,Sound of Metal,/wiki/Sound_of_Metal,False,"$516,520"
536,2020,Mank,/wiki/Mank,False,N/A
537,2020,Promising Young Woman,/wiki/Promising_Young_Woman,False,"$18,854,166"
538,2020,Minari ,/wiki/Minari_(film),False,"$15,312,445"
539,2021,West Side Story ,/wiki/West_Side_Story_(2021_film),False,"$76,016,171"
540,2021,CODA ,/wiki/CODA_(2021_film),True,"$1,911,296"
541,2021,Belfast ,/wiki/Belfast_(film),False,"$49,142,744"
542,2021,Don't Look Up,/wiki/Don%27t_Look_Up,False,"$791,863"
543,2021,Drive My Car ,/wiki/Drive_My_Car_(film),False,"$15,362,861"
544,2021,Dune ,/wiki/Dune_(2021_film),False,"$402,027,830"
545,2021,King Richard ,/wiki/King_Richard_(film),False,"$39,429,285"
546,2021,Licorice Pizza,/wiki/Licorice_Pizza,False,"$33,273,940"
547,2021,Nightmare Alley ,/wiki/Nightmare_Alley_(2021_film),False,"$39,629,195"
548,2021,The Power of the Dog ,/wiki/The_Power_of_the_Dog_(film),False,"$271,009"
549,2022,All Quiet on the Western Front ,/wiki/All_Quiet_on_the_Western_Front_(2022_film),False,N/A
550,2022,Avatar: The Way of Water,/wiki/Avatar:_The_Way_of_Water,False,"$2,319,766,200"
551,2022,The Banshees of Inisherin,/wiki/The_Banshees_of_Inisherin,False,"$49,209,277"
552,2022,Elvis ,/wiki/Elvis_(2022_film),False,"$288,670,284"
553,2022,The Fabelmans,/wiki/The_Fabelmans,False,"$45,164,110"
554,2022,Tár,/wiki/T%C3%A1r,False,"$27,541,681"
555,2022,Top Gun: Maverick,/wiki/Top_Gun:_Maverick,False,"$1,493,491,858"
556,2022,Triangle of Sadness,/wiki/Triangle_of_Sadness,False,"$25,615,870"
557,2022,Everything Everywhere All at Once,/wiki/Everything_Everywhere_All_at_Once,True,"$140,211,159"
558,2022,Women Talking ,/wiki/Women_Talking_(film),False,"$8,954,708"
