,film,genres,rating,numVotes,year,wiki,winner,worldwide_box_office
0,Wings ,"action,drama,romance,war",7.3,13576.0,1927,/wiki/Wings_(1927_film),True,$746
1,7th Heaven ,drama,5.2,26223.0,1927,/wiki/7th_Heaven_(1927_film),False,"$79,808"
2,The Racket ,"drama,fantasy,mystery,sci-fi,thriller",6.7,3149.0,1927,/wiki/The_Racket_(1928_film),False,"$21,733,230"
3,The Broadway Melody,"Drama,Musical,Romance",5.6,7605.0,1928,/wiki/The_Broadway_Melody,True,"$223,723"
4,Alibi ,"crime,thriller",7.4,391.0,1928,/wiki/Alibi_(1929_film),False,"$42,915"
5,In Old Arizona,"Short,Western",5.5,1199.0,1928,/wiki/In_Old_Arizona,False,"$6,344"
6,The Patriot ,"action,drama,history,war",7.2,282275.0,1928,/wiki/The_Patriot_(1928_film),False,"$215,294,342"
7,All Quiet on the Western Front ,"drama,war",8.1,65386.0,1929,/wiki/All_Quiet_on_the_Western_Front_(1930_film),True,
8,All Quiet on the Western Front ,"drama,war",8.1,65386.0,2022,/wiki/All_Quiet_on_the_Western_Front_(2022_film),False,
15,The Big House ,"action,comedy,crime",6.8,4322.0,1929,/wiki/The_Big_House_(1930_film),False,"$173,959,438"
16,Disraeli ,"crime,drama,thriller",6.1,1318.0,1929,/wiki/Disraeli_(1929_film),False,"$13,025,860"
17,The Divorcee,"Comedy,Drama,Western",6.7,3366.0,1929,/wiki/The_Divorcee,False,"$6,253"
18,The Love Parade,"Comedy,Musical,Romance",7.0,2469.0,1929,/wiki/The_Love_Parade,False,"$2,492,128"
19,Cimarron ,"drama,western",6.4,3233.0,1930,/wiki/Cimarron_(1931_film),True,
20,The Front Page ,"comedy,drama,romance",7.3,14295.0,1930,/wiki/The_Front_Page_(1931_film),False,
21,Skippy ,"comedy,drama,romance",6.4,1108.0,1930,/wiki/Skippy_(film),False,"$621,931"
22,Grand Hotel ,"adventure,comedy,crime",8.1,836067.0,1931,/wiki/Grand_Hotel_(1932_film),True,"$173,082,189"
23,Bad Girl ,"drama,sport",5.4,809.0,1931,/wiki/Bad_Girl_(1931_film),False,"$193,221"
24,The Champ ,"drama,sport",6.8,8912.0,1931,/wiki/The_Champ_(1931_film),False,"$30,441,738"
25,Five Star Final,"Crime,Drama,Music",7.3,2346.0,1931,/wiki/Five_Star_Final,False,"$3,039,022"
26,Shanghai Express ,"adventure,comedy,crime,drama,romance",7.3,9618.0,1931,/wiki/Shanghai_Express_(film),False,"$2,315,683"
27,The Smiling Lieutenant,"Comedy,Musical,Romance",7.2,3952.0,1931,/wiki/The_Smiling_Lieutenant,False,"$413,844"
28,Cavalcade ,"biography,drama",5.8,5550.0,1932,/wiki/Cavalcade_(1933_film),True,"$507,886"
29,42nd Street ,"comedy,drama,music,musical,romance",7.3,12549.0,1932,/wiki/42nd_Street_(film),False,"$1,600"
30,A Farewell to Arms ,"drama,romance,war",6.4,6451.0,1932,/wiki/A_Farewell_to_Arms_(1932_film),False,
31,I Am a Fugitive from a Chain Gang,"Crime,Drama,Film-Noir",8.2,13840.0,1932,/wiki/I_Am_a_Fugitive_from_a_Chain_Gang,False,
32,Lady for a Day,"Comedy,Drama",7.4,4409.0,1932,/wiki/Lady_for_a_Day,False,"$383,872"
33,Little Women ,"drama,romance",7.8,218222.0,1932,/wiki/Little_Women_(1933_film),False,"$218,843,645"
34,Little Women ,"drama,romance",7.8,218222.0,2019,/wiki/Little_Women_(2019_film),False,"$218,843,645"
41,The Private Life of Henry VIII,Drama,7.0,4580.0,1932,/wiki/The_Private_Life_of_Henry_VIII,False,"$19,773"
42,Smilin' Through ,"biography,documentary,history",6.9,1440.0,1932,/wiki/Smilin%27_Through_(1932_film),False,"$4,560"
43,State Fair ,"comedy,drama,musical,romance",7.0,4325.0,1932,/wiki/State_Fair_(1933_film),False,
44,It Happened One Night,"Comedy,Drama,Family",8.1,106884.0,1934,/wiki/It_Happened_One_Night,True,"$11,477"
45,The Barretts of Wimpole Street ,"biography,comedy,crime,drama",7.0,2001.0,1934,/wiki/The_Barretts_of_Wimpole_Street_(1934_film),False,"$406,878,233"
46,The Gay Divorcee,"Comedy,Musical,Romance",7.4,8252.0,1934,/wiki/The_Gay_Divorcee,False,"$6,253"
47,Here Comes the Navy,"Comedy,Drama,Romance",6.2,1097.0,1934,/wiki/Here_Comes_the_Navy,False,"$73,100,172"
48,The House of Rothschild,"Biography,Drama,History",6.5,1239.0,1934,/wiki/The_House_of_Rothschild,False,"$21,577,624"
49,Imitation of Life ,drama,7.8,17229.0,1934,/wiki/Imitation_of_Life_(1934_film),False,$365
50,One Night of Love,"Comedy,Music,Romance",5.7,684.0,1934,/wiki/One_Night_of_Love,False,"$900,123"
51,The Thin Man ,"comedy,crime,mystery,romance",7.9,31222.0,1934,/wiki/The_Thin_Man_(film),False,
52,The White Parade,Drama,7.0,101.0,1934,/wiki/The_White_Parade,False,"$2,492,128"
53,Mutiny on the Bounty ,"adventure,drama,history,romance",7.2,17072.0,1935,/wiki/Mutiny_on_the_Bounty_(1935_film),True,
54,Mutiny on the Bounty ,"adventure,drama,history,romance",7.2,17072.0,1962,/wiki/Mutiny_on_the_Bounty_(1962_film),False,
61,Alice Adams ,"comedy,drama,romance",6.9,4322.0,1935,/wiki/Alice_Adams_(1935_film),False,
62,Captain Blood ,"action,adventure,history,romance",7.7,15076.0,1935,/wiki/Captain_Blood_(1935_film),False,
63,David Copperfield ,"comedy,drama",7.7,4788.0,1935,/wiki/David_Copperfield_(1935_film),False,"$14,399,270"
64,The Informer ,"action,crime,drama,thriller",6.6,39509.0,1935,/wiki/The_Informer_(1935_film),False,"$2,927,708"
65,The Lives of a Bengal Lancer ,[],7.0,3109.0,1935,/wiki/The_Lives_of_a_Bengal_Lancer_(film),False,"$135,168"
66,A Midsummer Night's Dream ,[],6.4,26194.0,1935,/wiki/A_Midsummer_Night%27s_Dream_(1935_film),False,"$24,711"
67,Les Misérables ,"crime,drama,thriller",7.5,336046.0,1935,/wiki/Les_Mis%C3%A9rables_(1935_film),False,"$54,465,930"
68,Les Misérables ,"crime,drama,thriller",7.5,336046.0,2012,/wiki/Les_Mis%C3%A9rables_(2012_film),False,"$54,465,930"
75,Top Hat,"Comedy,Musical,Romance",7.7,19894.0,1935,/wiki/Top_Hat,False,"$5,541"
76,The Great Ziegfeld,"Biography,Documentary,History",6.6,8565.0,1936,/wiki/The_Great_Ziegfeld,True,"$353,659,851"
77,Libeled Lady,"Comedy,Romance",7.8,8492.0,1936,/wiki/Libeled_Lady,False,
78,Mr. Deeds Goes to Town,"Comedy,Drama,Romance",7.8,22250.0,1936,/wiki/Mr._Deeds_Goes_to_Town,False,"$8,362"
79,Romeo and Juliet ,"drama,romance",7.6,33417.0,1936,/wiki/Romeo_and_Juliet_(1936_film),False,"$6,292"
80,Romeo and Juliet ,"drama,romance",7.6,33417.0,1968,/wiki/Romeo_and_Juliet_(1968_film),False,"$6,292"
87,San Francisco ,"drama,history,romance",7.3,6371.0,1936,/wiki/San_Francisco_(1936_film),False,"$18,823"
88,The Story of Louis Pasteur,"Biography,Drama,History",7.3,2972.0,1936,/wiki/The_Story_of_Louis_Pasteur,False,"$204,956"
89,A Tale of Two Cities ,"drama,horror,mystery,thriller",7.8,5988.0,1936,/wiki/A_Tale_of_Two_Cities_(1935_film),False,"$1,062,878"
90,The Life of Emile Zola,"Comedy,Drama",7.2,8596.0,1937,/wiki/The_Life_of_Emile_Zola,True,"$99,783,556"
91,The Awful Truth,"Action,Drama,Mystery",7.7,20443.0,1937,/wiki/The_Awful_Truth,False,
92,Dead End ,"horror,thriller",6.5,30273.0,1937,/wiki/Dead_End_(1937_film),False,"$154,342"
93,The Good Earth ,"drama,romance",7.5,5191.0,1937,/wiki/The_Good_Earth_(film),False,
94,In Old Chicago,"Action,Drama,Musical",6.7,2520.0,1937,/wiki/In_Old_Chicago,False,
95,Lost Horizon ,"drama,romance",7.6,13800.0,1937,/wiki/Lost_Horizon_(1937_film),False,"$10,726,909"
96,One Hundred Men and a Girl,"Comedy,Drama,Music",6.7,1143.0,1937,/wiki/One_Hundred_Men_and_a_Girl,False,"$167,780,960"
97,Stage Door,"Comedy,Drama,Musical",7.7,8676.0,1937,/wiki/Stage_Door,False,"$8,835"
98,A Star Is Born ,"drama,music,romance",7.6,396752.0,1937,/wiki/A_Star_Is_Born_(1937_film),False,"$436,233,122"
99,A Star Is Born ,"drama,music,romance",7.6,396752.0,2018,/wiki/A_Star_Is_Born_(2018_film),False,"$436,233,122"
106,You Can't Take It with You ,"comedy,drama,romance",7.8,26748.0,1938,/wiki/You_Can%27t_Take_It_with_You_(film),True,
107,The Adventures of Robin Hood,"Action,Adventure,Family",7.9,52654.0,1938,/wiki/The_Adventures_of_Robin_Hood,False,"$288,545"
108,Boys Town ,"biography,drama,family,music",7.2,6018.0,1938,/wiki/Boys_Town_(film),False,
109,The Citadel ,"drama,history,war",6.3,10217.0,1938,/wiki/The_Citadel_(1938_film),False,"$1,625,784"
110,Four Daughters,"Drama,Fantasy,Short",6.9,2073.0,1938,/wiki/Four_Daughters,False,"$2,778,028"
111,La Grande Illusion,"Comedy,Romance",7.5,6.0,1938,/wiki/La_Grande_Illusion,False,"$20,356"
112,Jezebel ,"drama,romance",7.4,14308.0,1938,/wiki/Jezebel_(1938_film),False,
113,Gone with the Wind ,"drama,romance,war",8.2,321925.0,1939,/wiki/Gone_with_the_Wind_(film),True,"$402,382,193"
114,Dark Victory,"Drama,Horror,Mystery",7.5,11751.0,1939,/wiki/Dark_Victory,False,
115,"Goodbye, Mr. Chips ","drama,music",7.9,11095.0,1939,"/wiki/Goodbye,_Mr._Chips_(1939_film)",False,"$106,269,971"
116,Love Affair ,"comedy,drama,romance",6.0,4917.0,1939,/wiki/Love_Affair_(1939_film),False,"$18,272,894"
117,Mr. Smith Goes to Washington,"Documentary,Talk-Show",8.1,117350.0,1939,/wiki/Mr._Smith_Goes_to_Washington,False,"$144,738"
118,Ninotchka,"Comedy,Drama",7.8,21798.0,1939,/wiki/Ninotchka,False,"$1,204"
119,Of Mice and Men ,"drama,western",7.5,45096.0,1939,/wiki/Of_Mice_and_Men_(1939_film),False,"$5,471,088"
120,Stagecoach ,"adventure,drama,western",7.8,51137.0,1939,/wiki/Stagecoach_(1939_film),False,
121,The Wizard of Oz ,"adventure,family,fantasy,musical",8.1,409552.0,1939,/wiki/The_Wizard_of_Oz_(1939_film),False,"$25,637,669"
122,Wuthering Heights ,"drama,romance",7.5,18907.0,1939,/wiki/Wuthering_Heights_(1939_film),False,"$624,643"
123,Rebecca ,"drama,film-noir,mystery,romance,thriller",6.0,44096.0,1940,/wiki/Rebecca_(1940_film),True,"$72,275"
124,"All This, and Heaven Too","Drama,Romance",7.4,5136.0,1940,"/wiki/All_This,_and_Heaven_Too",False,"$16,191,842"
125,Foreign Correspondent ,"action,romance,thriller,war",7.4,22250.0,1940,/wiki/Foreign_Correspondent_(film),False,$623
126,The Grapes of Wrath ,drama,8.1,95957.0,1940,/wiki/The_Grapes_of_Wrath_(film),False,
127,The Great Dictator,"Comedy,Drama,War",8.4,228018.0,1940,/wiki/The_Great_Dictator,False,"$970,263"
128,The Letter ,"crime,drama,film-noir,mystery,romance",7.5,13874.0,1940,/wiki/The_Letter_(1940_film),False,"$16,455"
129,The Long Voyage Home,"Drama,War",6.9,4647.0,1940,/wiki/The_Long_Voyage_Home,False,
130,Our Town ,"crime,mystery,thriller",6.5,2782.0,1940,/wiki/Our_Town_(1940_film),False,"$2,643,251"
131,The Philadelphia Story ,"comedy,romance",7.9,71352.0,1940,/wiki/The_Philadelphia_Story_(film),False,"$411,663"
132,How Green Was My Valley ,"drama,family",7.7,25272.0,1941,/wiki/How_Green_Was_My_Valley_(film),True,
133,Blossoms in the Dust,"Biography,Drama,Romance",6.9,2164.0,1941,/wiki/Blossoms_in_the_Dust,False,"$727,639"
134,Citizen Kane,"Comedy,Short",8.3,449408.0,1941,/wiki/Citizen_Kane,False,"$1,645,944"
135,Here Comes Mr. Jordan,"Comedy,Fantasy,Romance",7.6,6920.0,1941,/wiki/Here_Comes_Mr._Jordan,False,
136,Hold Back the Dawn,"Drama,Romance",7.3,2647.0,1941,/wiki/Hold_Back_the_Dawn,False,
137,The Little Foxes ,drama,7.9,12487.0,1941,/wiki/The_Little_Foxes_(film),False,"$4,583"
138,The Maltese Falcon ,"crime,film-noir,mystery,romance",8.0,162017.0,1941,/wiki/The_Maltese_Falcon_(1941_film),False,"$34,691"
139,Sergeant York ,"biography,drama,history,romance,war",7.7,19063.0,1941,/wiki/Sergeant_York_(film),False,"$16,364,924"
140,Suspicion ,"crime,drama,mystery,thriller",5.7,7271.0,1941,/wiki/Suspicion_(1941_film),False,"$269,915"
141,49th Parallel ,"drama,thriller,war",7.3,7142.0,1942,/wiki/49th_Parallel_(film),False,
142,Kings Row,Drama,7.5,4692.0,1942,/wiki/Kings_Row,False,"$49,591"
143,The Magnificent Ambersons ,"action,adventure,drama,western",7.6,25655.0,1942,/wiki/The_Magnificent_Ambersons_(film),False,"$162,360,636"
144,The Pied Piper ,"horror,mystery,thriller",6.4,843.0,1942,/wiki/The_Pied_Piper_(1942_film),False,"$5,546,500"
145,The Pride of the Yankees,"Biography,Drama,Romance",7.6,11409.0,1942,/wiki/The_Pride_of_the_Yankees,False,
146,The Talk of the Town ,"comedy,drama,romance,thriller",7.5,8692.0,1942,/wiki/The_Talk_of_the_Town_(1942_film),False,
147,Casablanca ,"drama,romance,war",8.5,582415.0,1943,/wiki/Casablanca_(film),True,"$4,626,532"
148,For Whom the Bell Tolls ,"adventure,drama,history,romance,war",6.8,9779.0,1943,/wiki/For_Whom_the_Bell_Tolls_(film),False,
149,Heaven Can Wait ,"comedy,fantasy,romance,sport",6.9,22323.0,1943,/wiki/Heaven_Can_Wait_(1943_film),False,"$81,640,278"
150,Heaven Can Wait ,"comedy,fantasy,romance,sport",6.9,22323.0,1978,/wiki/Heaven_Can_Wait_(1978_film),False,"$81,640,278"
157,The Human Comedy ,"comedy,drama,family,romance,war",7.0,2298.0,1943,/wiki/The_Human_Comedy_(film),False,
158,Madame Curie ,"biography,drama,music,romance",7.2,3027.0,1943,/wiki/Madame_Curie_(film),False,"$3,515,958"
159,The More the Merrier,"Action,Adventure,Animation",7.6,7067.0,1943,/wiki/The_More_the_Merrier,False,"$247,061"
160,The Ox-Bow Incident,"Drama,Western",8.0,24061.0,1943,/wiki/The_Ox-Bow_Incident,False,"$98,201"
161,The Song of Bernadette ,"adventure,animation,drama,family,fantasy",7.6,7301.0,1943,/wiki/The_Song_of_Bernadette_(film),False,"$4,228,034"
162,Going My Way,"Comedy,Romance,Short",7.0,12561.0,1944,/wiki/Going_My_Way,True,"$2,221"
163,Double Indemnity,"Comedy,Fantasy,Sci-Fi",8.3,160383.0,1944,/wiki/Double_Indemnity,False,"$14,651"
164,Gaslight ,"comedy,drama,romance",7.4,23550.0,1944,/wiki/Gaslight_(1944_film),False,"$37,591,674"
165,Wilson ,"comedy,drama",5.8,10851.0,1944,/wiki/Wilson_(1944_film),False,"$848,646"
166,The Lost Weekend ,"drama,film-noir",7.9,38560.0,1945,/wiki/The_Lost_Weekend_(film),True,
167,Anchors Aweigh ,"comedy,fantasy,musical",7.0,9097.0,1945,/wiki/Anchors_Aweigh_(film),False,
168,The Bells of St. Mary's,"Action,Adventure,Crime",7.2,8704.0,1945,/wiki/The_Bells_of_St._Mary%27s,False,"$21,337,978"
169,Mildred Pierce ,"crime,drama,film-noir,mystery,romance",7.9,27228.0,1945,/wiki/Mildred_Pierce_(film),False,"$10,128"
170,The Best Years of Our Lives,"Drama,Romance,War",8.1,66826.0,1946,/wiki/The_Best_Years_of_Our_Lives,True,"$23,661,347"
171,Henry V ,"biography,drama,history,war",7.5,30647.0,1946,/wiki/Henry_V_(1944_film),False,"$10,161,099"
172,It's a Wonderful Life,"Action,Adventure,Animation",8.6,470690.0,1946,/wiki/It%27s_a_Wonderful_Life,False,"$8,574,081"
173,The Razor's Edge ,"drama,romance,war",6.4,5665.0,1946,/wiki/The_Razor%27s_Edge_(1946_film),False,"$6,551,987"
174,The Yearling ,"drama,family,western",7.2,6165.0,1946,/wiki/The_Yearling_(1946_film),False,
175,The Bishop's Wife,"Comedy,Drama,Fantasy",7.6,19305.0,1947,/wiki/The_Bishop%27s_Wife,False,$16
176,Crossfire ,"action,crime,drama",5.7,2340.0,1947,/wiki/Crossfire_(film),False,"$456,350"
177,Great Expectations ,"drama,romance",4.9,2169.0,1947,/wiki/Great_Expectations_(1946_film),False,"$55,494,066"
178,Miracle on 34th Street,"Comedy,Fantasy,Sci-Fi",7.9,51123.0,1947,/wiki/Miracle_on_34th_Street,False,$527
179,Hamlet ,drama,7.7,38945.0,1948,/wiki/Hamlet_(1948_film),True,"$6,288,230"
180,Johnny Belinda ,drama,7.7,5064.0,1948,/wiki/Johnny_Belinda_(1948_film),False,
181,The Red Shoes ,"drama,music,romance",8.1,36741.0,1948,/wiki/The_Red_Shoes_(1948_film),False,"$30,846"
182,The Snake Pit,"Adventure,Drama,Family",7.6,8019.0,1948,/wiki/The_Snake_Pit,False,$560
183,The Treasure of the Sierra Madre ,"adventure,drama,western",8.2,127703.0,1948,/wiki/The_Treasure_of_the_Sierra_Madre_(film),False,"$5,014,000"
184,All the King's Men ,"drama,thriller",6.1,25115.0,1949,/wiki/All_the_King%27s_Men_(1949_film),True,"$9,451,623"
185,Battleground ,documentary,7.4,7548.0,1949,/wiki/Battleground_(film),False,"$10,337"
186,The Heiress,"Adventure,Crime,Mystery",8.1,16404.0,1949,/wiki/The_Heiress,False,$158
187,A Letter to Three Wives,"Comedy,Drama,Romance",7.7,10176.0,1949,/wiki/A_Letter_to_Three_Wives,False,"$14,768"
188,Twelve O'Clock High,"Drama,War",7.7,15237.0,1949,/wiki/Twelve_O%27Clock_High,False,
189,All About Eve,"Drama,Family,Sci-Fi",8.2,133678.0,1950,/wiki/All_About_Eve,True,"$151,052"
190,Born Yesterday ,"comedy,romance",7.5,11779.0,1950,/wiki/Born_Yesterday_(1950_film),False,"$17,952,857"
191,Father of the Bride ,"comedy,family,romance",6.5,80195.0,1950,/wiki/Father_of_the_Bride_(1950_film),False,"$89,325,780"
192,King Solomon's Mines ,"action,adventure,comedy,romance",5.2,14154.0,1950,/wiki/King_Solomon%27s_Mines_(1950_film),False,"$15,057,465"
193,An American in Paris ,"drama,musical,romance",7.2,35210.0,1951,/wiki/An_American_in_Paris_(film),True,"$272,619"
194,Decision Before Dawn,"Drama,War",7.2,2824.0,1951,/wiki/Decision_Before_Dawn,False,"$608,881"
195,A Place in the Sun ,"drama,romance",7.7,23570.0,1951,/wiki/A_Place_in_the_Sun_(1951_film),False,
196,Quo Vadis ,"biography,drama,romance",7.1,15868.0,1951,/wiki/Quo_Vadis_(1951_film),False,"$101,486"
197,A Streetcar Named Desire ,drama,7.9,110938.0,1951,/wiki/A_Streetcar_Named_Desire_(1951_film),False,"$49,523"
198,High Noon,"Action,Crime,Drama",8.0,106601.0,1952,/wiki/High_Noon,False,
199,Ivanhoe ,"comedy,drama",6.7,5233.0,1952,/wiki/Ivanhoe_(1952_film),False,"$5,246"
200,Moulin Rouge ,"drama,musical,romance",7.6,290938.0,1952,/wiki/Moulin_Rouge_(1952_film),False,"$184,935,320"
201,The Quiet Man,"Action,Crime,Drama",7.7,40321.0,1952,/wiki/The_Quiet_Man,False,
202,From Here to Eternity,"Drama,Romance,War",7.6,48692.0,1953,/wiki/From_Here_to_Eternity,True,"$36,416"
203,Julius Caesar ,"drama,history",7.2,12139.0,1953,/wiki/Julius_Caesar_(1953_film),False,"$10,831"
204,The Robe ,"drama,history,romance",6.7,11057.0,1953,/wiki/The_Robe_(film),False,"$36,010,866"
205,Roman Holiday,"Comedy,Drama,Romance",8.0,142075.0,1953,/wiki/Roman_Holiday,False,"$6,607"
206,Shane ,"biography,documentary,music",7.6,42337.0,1953,/wiki/Shane_(film),False,"$146,987"
207,On the Waterfront,"Crime,Drama,Thriller",8.1,158120.0,1954,/wiki/On_the_Waterfront,True,
208,The Caine Mutiny ,"drama,war",7.7,28651.0,1954,/wiki/The_Caine_Mutiny_(film),False,"$21,750,000"
209,The Country Girl ,"comedy,drama,romance",7.2,6315.0,1954,/wiki/The_Country_Girl_(1954_film),False,"$98,005,666"
210,Seven Brides for Seven Brothers,"Comedy,Drama,Musical",7.3,25997.0,1954,/wiki/Seven_Brides_for_Seven_Brothers,False,"$13,672"
211,Three Coins in the Fountain ,"action,adventure,drama",6.2,3571.0,1954,/wiki/Three_Coins_in_the_Fountain_(film),False,"$46,808"
212,Marty ,"drama,romance",7.7,25482.0,1955,/wiki/Marty_(film),True,
213,Love Is a Many-Splendored Thing ,"biography,drama,romance,war",6.4,5166.0,1955,/wiki/Love_Is_a_Many-Splendored_Thing_(film),False,"$30,330"
214,Mister Roberts ,"comedy,drama,war",7.6,17541.0,1955,/wiki/Mister_Roberts_(1955_film),False,
215,Picnic ,"adventure,drama,thriller",7.0,9268.0,1955,/wiki/Picnic_(1955_film),False,"$4,534"
216,The Rose Tattoo ,"drama,music,romance",6.9,4275.0,1955,/wiki/The_Rose_Tattoo_(film),False,"$29,174,648"
217,Around the World in 80 Days ,"action,adventure,comedy,family,western",7.2,10809.0,1956,/wiki/Around_the_World_in_80_Days_(1956_film),True,"$72,178,895"
218,Giant ,"drama,western",7.6,40537.0,1956,/wiki/Giant_(1956_film),False,"$32,855,818"
219,The King and I ,"biography,drama,musical,romance",7.4,27069.0,1956,/wiki/The_King_and_I_(1956_film),False,"$21,300,415"
220,The Ten Commandments ,"adventure,drama,family,history",7.9,74236.0,1956,/wiki/The_Ten_Commandments_(1956_film),False,"$65,500,000"
221,The Bridge on the River Kwai,"Adventure,Drama,War",8.1,225058.0,1957,/wiki/The_Bridge_on_the_River_Kwai,True,"$27,200,000"
222,12 Angry Men ,"crime,drama",9.0,810542.0,1957,/wiki/12_Angry_Men_(1957_film),False,$955
223,Sayonara,"Comedy,Drama,Family",7.0,7148.0,1957,/wiki/Sayonara,False,"$50,888,729"
224,Witness for the Prosecution ,"crime,drama,mystery,thriller",8.4,129180.0,1957,/wiki/Witness_for_the_Prosecution_(1957_film),False,"$7,693"
225,Gigi ,"comedy,musical,romance",6.6,23682.0,1958,/wiki/Gigi_(1958_film),True,
226,Auntie Mame ,"comedy,drama,romance",7.9,11975.0,1958,/wiki/Auntie_Mame_(film),False,
227,Cat on a Hot Tin Roof ,drama,7.9,51321.0,1958,/wiki/Cat_on_a_Hot_Tin_Roof_(1958_film),False,
228,The Defiant Ones,"Action,Adventure,Comedy",7.6,16472.0,1958,/wiki/The_Defiant_Ones,False,"$358,399"
229,Separate Tables ,"drama,romance",7.4,8172.0,1958,/wiki/Separate_Tables_(film),False,
230,Ben-Hur ,"adventure,drama",8.1,244786.0,1959,/wiki/Ben-Hur_(1959_film),True,"$74,437,720"
231,Anatomy of a Murder,"Comedy,Crime,Drama",8.0,68204.0,1959,/wiki/Anatomy_of_a_Murder,False,$194
232,The Diary of Anne Frank ,drama,7.4,13207.0,1959,/wiki/The_Diary_of_Anne_Frank_(1959_film),False,"$3,068,263"
233,The Nun's Story ,"horror,mystery,thriller",7.5,11179.0,1959,/wiki/The_Nun%27s_Story_(film),False,"$365,582,797"
234,The Apartment,"Comedy,Documentary,Short",8.3,185980.0,1960,/wiki/The_Apartment,True,"$18,778,738"
235,The Alamo ,"adventure,drama,history,war,western",6.8,16655.0,1960,/wiki/The_Alamo_(1960_film),False,"$6,334"
236,Elmer Gantry ,drama,7.7,12179.0,1960,/wiki/Elmer_Gantry_(film),False,$64
237,Sons and Lovers ,"action,adventure,comedy,thriller",7.1,1682.0,1960,/wiki/Sons_and_Lovers_(film),False,"$414,351,546"
238,The Sundowners ,drama,7.1,4534.0,1960,/wiki/The_Sundowners_(1960_film),False,
239,West Side Story ,"crime,drama,musical,romance",7.2,88103.0,1961,/wiki/West_Side_Story_(1961_film),True,"$76,016,171"
240,West Side Story ,"crime,drama,musical,romance",7.2,88103.0,2021,/wiki/West_Side_Story_(2021_film),False,"$76,016,171"
247,Fanny ,drama,6.8,2476.0,1961,/wiki/Fanny_(1961_film),False,"$371,657"
248,The Guns of Navarone ,"action,adventure,drama,war",7.5,53091.0,1961,/wiki/The_Guns_of_Navarone_(film),False,
249,The Hustler,"Comedy,Drama,Family",8.0,83970.0,1961,/wiki/The_Hustler,False,
250,Judgment at Nuremberg,"Comedy,Crime,Drama",8.3,79629.0,1961,/wiki/Judgment_at_Nuremberg,False,"$12,180"
251,Lawrence of Arabia ,"adventure,biography,drama,war",8.3,300510.0,1962,/wiki/Lawrence_of_Arabia_(film),True,"$45,720,631"
252,The Longest Day ,"action,drama,history,war",7.7,57334.0,1962,/wiki/The_Longest_Day_(film),False,
253,The Music Man ,"comedy,family,musical,romance",7.7,18321.0,1962,/wiki/The_Music_Man_(1962_film),False,
254,To Kill a Mockingbird ,"crime,drama",8.3,321747.0,1962,/wiki/To_Kill_a_Mockingbird_(film),False,"$599,146"
255,America America,"Action,Crime,Drama",7.7,5743.0,1963,/wiki/America_America,False,"$370,569,774"
256,How the West Was Won ,western,7.0,22025.0,1963,/wiki/How_the_West_Was_Won_(film),False,"$76,729"
257,Lilies of the Field ,"comedy,drama",7.5,12527.0,1963,/wiki/Lilies_of_the_Field_(1963_film),False,"$2,476,539"
258,My Fair Lady ,"drama,family,musical,romance",7.8,98305.0,1964,/wiki/My_Fair_Lady_(film),True,"$72,632,653"
259,Becket ,"biography,drama,history",7.8,15266.0,1964,/wiki/Becket_(1964_film),False,"$149,327"
260,Dr. Strangelove,"Comedy,Crime,Drama",7.2,32.0,1964,/wiki/Dr._Strangelove,False,"$9,523,464"
261,Mary Poppins ,"comedy,family,fantasy,musical",7.8,178103.0,1964,/wiki/Mary_Poppins_(film),False,"$103,082,380"
262,Zorba the Greek ,"comedy,drama",7.6,23260.0,1964,/wiki/Zorba_the_Greek_(film),False,
263,The Sound of Music ,"biography,drama,family,musical,romance",8.1,244027.0,1965,/wiki/The_Sound_of_Music_(film),True,"$159,437,744"
264,Darling ,"drama,thriller",6.2,113753.0,1965,/wiki/Darling_(1965_film),False,"$87,609,403"
265,Doctor Zhivago ,"drama,romance,war",7.9,79217.0,1965,/wiki/Doctor_Zhivago_(film),False,"$111,922,142"
266,Ship of Fools ,comedy,7.0,6517.0,1965,/wiki/Ship_of_Fools_(film),False,"$2,198,044"
267,A Thousand Clowns,"Comedy,Drama,Romance",7.3,3568.0,1965,/wiki/A_Thousand_Clowns,False,"$3,427,211"
268,A Man for All Seasons ,"biography,drama,history",7.7,35822.0,1966,/wiki/A_Man_for_All_Seasons_(1966_film),True,
269,Alfie ,"comedy,drama,romance",6.2,53899.0,1966,/wiki/Alfie_(1966_film),False,"$35,060,882"
270,"The Russians Are Coming, the Russians Are Coming","comedy,crime",7.0,9316.0,1966,"/wiki/The_Russians_Are_Coming,_the_Russians_Are_Coming",False,"$221,359"
271,The Sand Pebbles ,"adventure,drama,romance,war",7.5,15652.0,1966,/wiki/The_Sand_Pebbles_(film),False,
272,Who's Afraid of Virginia Woolf? ,drama,8.0,77348.0,1966,/wiki/Who%27s_Afraid_of_Virginia_Woolf%3F_(film),False,"$28,005,068"
273,In the Heat of the Night ,"drama,mystery,thriller",7.6,5649.0,1967,/wiki/In_the_Heat_of_the_Night_(film),True,"$27,669"
274,Bonnie and Clyde ,"action,biography,crime,drama",7.7,116284.0,1967,/wiki/Bonnie_and_Clyde_(film),False,
275,Doctor Dolittle ,"comedy,family,fantasy",5.4,99350.0,1967,/wiki/Doctor_Dolittle_(1967_film),False,"$294,456,605"
276,The Graduate,"Comedy,Drama,Romance",8.0,279183.0,1967,/wiki/The_Graduate,False,"$105,015,008"
277,Guess Who's Coming to Dinner,"Adventure,Drama,Romance",7.8,46782.0,1967,/wiki/Guess_Who%27s_Coming_to_Dinner,False,"$56,666,667"
278,Oliver! ,"drama,family,musical",7.4,39921.0,1968,/wiki/Oliver!_(film),True,
279,Funny Girl ,"biography,comedy,drama,musical,romance",7.3,23869.0,1968,/wiki/Funny_Girl_(film),False,"$52,224,636"
280,The Lion in Winter ,"biography,drama,history",7.9,32541.0,1968,/wiki/The_Lion_in_Winter_(1968_film),False,"$18,177"
281,"Rachel, Rachel","Drama,Romance",7.1,3678.0,1968,"/wiki/Rachel,_Rachel",False,"$9,200,168"
282,Midnight Cowboy,"Comedy,Family",7.8,114634.0,1969,/wiki/Midnight_Cowboy,True,"$44,801,177"
283,Anne of the Thousand Days,"Biography,Drama,History",7.4,7796.0,1969,/wiki/Anne_of_the_Thousand_Days,False,
284,Butch Cassidy and the Sundance Kid,"Biography,Crime,Drama",8.0,220258.0,1969,/wiki/Butch_Cassidy_and_the_Sundance_Kid,False,"$102,311,293"
285,"Hello, Dolly! ","adventure,comedy,musical,romance",7.0,16126.0,1969,"/wiki/Hello,_Dolly!_(film)",False,"$400,881"
286,Z ,"comedy,drama",8.2,29921.0,1969,/wiki/Z_(1969_film),False,"$49,209,277"
287,Patton ,"biography,drama,war",7.9,104860.0,1970,/wiki/Patton_(film),True,"$61,749,765"
288,Airport ,"action,drama,thriller",6.6,20129.0,1970,/wiki/Airport_(1970_film),False,"$100,489,151"
289,Five Easy Pieces,"Crime,Drama,Mystery",7.4,38546.0,1970,/wiki/Five_Easy_Pieces,False,
290,Love Story ,"drama,romance",6.9,35647.0,1970,/wiki/Love_Story_(1970_film),False,"$106,550,690"
291,M*A*S*H ,"comedy,drama,war",8.4,59843.0,1970,/wiki/M*A*S*H_(film),False,"$81,600,000"
292,The French Connection ,"action,crime,drama,thriller",7.7,127344.0,1971,/wiki/The_French_Connection_(film),True,"$51,700,666"
293,A Clockwork Orange ,"crime,sci-fi",8.3,846321.0,1971,/wiki/A_Clockwork_Orange_(film),False,"$26,960,374"
294,Fiddler on the Roof ,"drama,family,musical,romance",8.0,45321.0,1971,/wiki/Fiddler_on_the_Roof_(film),False,"$10,405,457"
295,The Last Picture Show,"Horror,Short",8.0,49803.0,1971,/wiki/The_Last_Picture_Show,False,"$29,146,131"
296,Nicholas and Alexandra,"Biography,Documentary,Short",7.2,5252.0,1971,/wiki/Nicholas_and_Alexandra,False,"$1,323,126"
297,The Godfather,"Crime,Drama,Mystery",9.2,1901221.0,1972,/wiki/The_Godfather,True,"$250,341,816"
298,Cabaret ,"drama,music,musical,romance",7.8,57026.0,1972,/wiki/Cabaret_(1972_film),False,"$108,405"
299,Deliverance,"Action,Crime,Drama",7.7,113602.0,1972,/wiki/Deliverance,False,"$4,534"
300,The Emigrants ,"drama,history",6.6,2037.0,1972,/wiki/The_Emigrants_(film),False,"$587,351"
301,Sounder ,"action,comedy,crime",7.5,4533.0,1972,/wiki/Sounder_(film),False,"$2,562,285"
302,The Sting,"Comedy,Crime,Drama",8.3,268838.0,1973,/wiki/The_Sting,True,"$156,000,000"
303,American Graffiti,"Biography,Documentary",7.4,92993.0,1973,/wiki/American_Graffiti,False,"$115,000,889"
304,Cries and Whispers,"Comedy,Drama,Mystery",8.0,156.0,1973,/wiki/Cries_and_Whispers,False,"$26,968"
305,The Exorcist,"Drama,Horror,Mystery",8.1,419343.0,1973,/wiki/The_Exorcist,False,"$66,231,892"
306,A Touch of Class ,"comedy,romance",6.5,3301.0,1973,/wiki/A_Touch_of_Class_(film),False,"$22,026,369"
307,The Godfather Part II,"Crime,Drama",9.0,1296165.0,1974,/wiki/The_Godfather_Part_II,True,"$47,961,919"
308,Chinatown ,"drama,mystery,thriller",8.2,334051.0,1974,/wiki/Chinatown_(1974_film),False,"$29,226,502"
309,The Conversation,"Drama,Horror,Short",7.8,115409.0,1974,/wiki/The_Conversation,False,"$4,696,729"
310,Lenny ,"biography,drama",7.6,16725.0,1974,/wiki/Lenny_(film),False,
311,The Towering Inferno,"Action,Drama,Thriller",7.0,45752.0,1974,/wiki/The_Towering_Inferno,False,"$116,000,000"
312,One Flew Over the Cuckoo's Nest ,drama,8.7,1026771.0,1975,/wiki/One_Flew_Over_the_Cuckoo%27s_Nest_(film),True,"$109,114,817"
313,Barry Lyndon,"Adventure,Drama,War",8.1,173059.0,1975,/wiki/Barry_Lyndon,False,"$234,077"
314,Dog Day Afternoon,"Adventure,Animation,Comedy",8.0,262946.0,1975,/wiki/Dog_Day_Afternoon,False,"$50,000,000"
315,Jaws ,"adventure,mystery,thriller",8.1,622190.0,1975,/wiki/Jaws_(film),False,"$476,512,065"
316,Nashville ,"comedy,drama,music",7.7,26514.0,1975,/wiki/Nashville_(film),False,"$9,991,258"
317,Rocky,"Comedy,Family,Fantasy",8.1,595986.0,1976,/wiki/Rocky,True,"$117,250,402"
318,All the President's Men ,"drama,history,thriller",7.9,119851.0,1976,/wiki/All_the_President%27s_Men_(film),False,"$70,600,000"
319,Bound for Glory ,"drama,history,war,western",7.3,5384.0,1976,/wiki/Bound_for_Glory_(1976_film),False,"$10,173,682"
320,Network ,drama,8.1,163186.0,1976,/wiki/Network_(1976_film),False,"$23,690,757"
321,Taxi Driver,"Drama,Fantasy,Horror",8.2,859335.0,1976,/wiki/Taxi_Driver,False,"$28,573,323"
322,Annie Hall,"Documentary,Short",8.0,269843.0,1977,/wiki/Annie_Hall,True,"$38,288,028"
323,The Goodbye Girl,"Comedy,Drama,Romance",7.4,15259.0,1977,/wiki/The_Goodbye_Girl,False,"$98,005,666"
324,Julia ,drama,8.3,9121.0,1977,/wiki/Julia_(1977_film),False,"$20,714,400"
325,Star Wars ,"action,adventure,fantasy,sci-fi",7.0,21045.0,1977,/wiki/Star_Wars_(film),False,"$775,398,007"
326,The Turning Point ,"drama,music,romance",6.8,4878.0,1977,/wiki/The_Turning_Point_(1977_film),False,"$25,933,445"
327,The Deer Hunter,"Comedy,Drama,Horror",8.1,345782.0,1978,/wiki/The_Deer_Hunter,True,"$49,074,379"
328,Coming Home ,"drama,romance,war",7.3,14023.0,1978,/wiki/Coming_Home_(1978_film),False,"$32,653,905"
329,Midnight Express ,"biography,crime,drama,thriller",7.5,83992.0,1978,/wiki/Midnight_Express_(film),False,"$35,000,000"
330,An Unmarried Woman,"Comedy,Drama,Romance",7.1,5645.0,1978,/wiki/An_Unmarried_Woman,False,
331,Kramer vs. Kramer,"Crime,Drama,Reality-TV",7.8,149059.0,1979,/wiki/Kramer_vs._Kramer,True,"$106,260,000"
332,All That Jazz ,"drama,music,musical",7.8,33356.0,1979,/wiki/All_That_Jazz_(film),False,"$37,823,676"
333,Apocalypse Now,"Drama,Mystery,War",8.5,680101.0,1979,/wiki/Apocalypse_Now,False,"$104,880,868"
334,Breaking Away,"Crime,Documentary,Mystery",7.7,24433.0,1979,/wiki/Breaking_Away,False,"$16,424,918"
335,Norma Rae,"Action,Crime,Drama",7.3,12155.0,1979,/wiki/Norma_Rae,False,"$22,228,000"
336,Ordinary People,"Adventure,Comedy,Drama",7.7,54202.0,1980,/wiki/Ordinary_People,True,"$54,766,923"
337,Coal Miner's Daughter ,"biography,drama,music",7.5,19545.0,1980,/wiki/Coal_Miner%27s_Daughter_(film),False,"$67,182,787"
338,The Elephant Man ,"biography,drama",8.2,247328.0,1980,/wiki/The_Elephant_Man_(film),False,"$26,023,860"
339,Raging Bull,"Biography,Drama,Sport",8.1,361798.0,1980,/wiki/Raging_Bull,False,"$23,403,912"
340,Tess ,"drama,romance",7.3,17441.0,1980,/wiki/Tess_(1979_film),False,"$20,101,247"
341,Chariots of Fire,"Biography,Drama,Sport",7.1,63236.0,1981,/wiki/Chariots_of_Fire,True,"$59,303,359"
342,Atlantic City ,"crime,drama,romance",7.3,17563.0,1981,/wiki/Atlantic_City_(1980_film),False,"$12,729,675"
343,On Golden Pond ,drama,7.6,32992.0,1981,/wiki/On_Golden_Pond_(1981_film),False,"$119,285,432"
344,Raiders of the Lost Ark,"Animation,Comedy,Short",8.4,983092.0,1981,/wiki/Raiders_of_the_Lost_Ark,False,"$389,925,971"
345,Reds ,"biography,drama,history,romance",7.3,23693.0,1981,/wiki/Reds_(film),False,"$40,382,788"
346,Gandhi ,"biography,drama,history",8.0,236045.0,1982,/wiki/Gandhi_(film),True,"$52,767,889"
347,E.T. the Extra-Terrestrial,"Adventure,Family,Sci-Fi",7.9,419529.0,1982,/wiki/E.T._the_Extra-Terrestrial,False,"$792,910,554"
348,Missing ,"drama,mystery,thriller",7.1,28473.0,1982,/wiki/Missing_(1982_film),False,"$48,568,018"
349,Tootsie,"Comedy,Drama,Romance",7.4,110342.0,1982,/wiki/Tootsie,False,"$177,200,271"
350,The Verdict,"Drama,Romance,Short",7.7,42737.0,1982,/wiki/The_Verdict,False,"$53,993,738"
351,Terms of Endearment,"Comedy,Drama,Mystery",7.4,62572.0,1983,/wiki/Terms_of_Endearment,True,"$108,423,749"
352,The Big Chill ,"comedy,drama",7.1,39246.0,1983,/wiki/The_Big_Chill_(film),False,"$56,399,659"
353,The Dresser ,drama,7.5,5467.0,1983,/wiki/The_Dresser_(1983_film),False,"$5,310,748"
354,The Right Stuff ,"adventure,biography,drama,history",7.8,63106.0,1983,/wiki/The_Right_Stuff_(film),False,"$21,192,315"
355,Tender Mercies,"Crime,Drama",7.3,11219.0,1983,/wiki/Tender_Mercies,False,"$8,443,124"
356,Amadeus ,"biography,drama,music",8.4,409043.0,1984,/wiki/Amadeus_(film),True,"$52,066,791"
357,The Killing Fields ,"biography,drama,history,war",7.8,57137.0,1984,/wiki/The_Killing_Fields_(film),False,"$34,700,291"
358,A Passage to India ,"adventure,drama,history",7.3,19621.0,1984,/wiki/A_Passage_to_India_(film),False,"$27,201,487"
359,Places in the Heart,Drama,7.4,12659.0,1984,/wiki/Places_in_the_Heart,False,"$34,901,614"
360,A Soldier's Story,"Crime,Drama,Mystery",7.2,10773.0,1984,/wiki/A_Soldier%27s_Story,False,"$21,821,347"
361,Out of Africa ,"biography,drama,romance",7.1,82981.0,1985,/wiki/Out_of_Africa_(film),True,"$227,514,205"
362,Kiss of the Spider Woman ,drama,7.3,16686.0,1985,/wiki/Kiss_of_the_Spider_Woman_(film),False,"$17,009,654"
363,Prizzi's Honor,"Comedy,Crime,Drama",6.7,25391.0,1985,/wiki/Prizzi%27s_Honor,False,"$26,657,534"
364,Witness ,"drama,romance,thriller",7.4,99282.0,1985,/wiki/Witness_(1985_film),False,"$68,706,993"
365,Platoon ,"drama,war",8.1,422633.0,1986,/wiki/Platoon_(film),True,"$138,545,632"
366,Children of a Lesser God ,"drama,romance",7.2,17827.0,1986,/wiki/Children_of_a_Lesser_God_(film),False,"$31,853,080"
367,Hannah and Her Sisters,"Comedy,Drama",7.8,73255.0,1986,/wiki/Hannah_and_Her_Sisters,False,"$40,084,041"
368,The Mission ,"adventure,drama,history",7.4,63216.0,1986,/wiki/The_Mission_(1986_film),False,"$17,502,499"
369,A Room with a View ,"drama,romance",7.2,45388.0,1986,/wiki/A_Room_with_a_View_(1985_film),False,"$21,041,453"
370,The Last Emperor,"Biography,Drama,History",7.7,106875.0,1987,/wiki/The_Last_Emperor,True,"$43,993,869"
371,Broadcast News ,"comedy,drama,romance",7.2,32519.0,1987,/wiki/Broadcast_News_(film),False,"$67,331,309"
372,Fatal Attraction,"Comedy,Drama,Family",6.9,90756.0,1987,/wiki/Fatal_Attraction,False,"$320,145,693"
373,Hope and Glory ,"comedy,drama,romance",7.3,13963.0,1987,/wiki/Hope_and_Glory_(film),False,"$10,021,120"
374,Moonstruck,"Crime,Drama,Horror",7.1,62814.0,1987,/wiki/Moonstruck,False,"$80,642,217"
375,Rain Man,"Comedy,Talk-Show",8.0,525305.0,1988,/wiki/Rain_Man,True,"$354,825,435"
376,The Accidental Tourist ,"drama,romance",6.7,16744.0,1988,/wiki/The_Accidental_Tourist_(film),False,"$32,632,093"
377,Dangerous Liaisons,"Drama,History,Mystery",7.6,72345.0,1988,/wiki/Dangerous_Liaisons,False,"$34,670,720"
378,Mississippi Burning,"Crime,Drama,Mystery",7.8,103970.0,1988,/wiki/Mississippi_Burning,False,"$34,603,943"
379,Working Girl,"Documentary,Drama,Short",6.8,59500.0,1988,/wiki/Working_Girl,False,"$102,953,112"
380,Driving Miss Daisy,"Comedy,Drama,Romance",7.3,113308.0,1989,/wiki/Driving_Miss_Daisy,True,"$145,793,296"
381,Born on the Fourth of July ,"biography,drama,war",7.2,110794.0,1989,/wiki/Born_on_the_Fourth_of_July_(film),False,"$161,001,698"
382,Dead Poets Society,"Comedy,Drama",8.1,507205.0,1989,/wiki/Dead_Poets_Society,False,"$235,860,116"
383,Field of Dreams,"Adventure,Documentary,Family",7.5,122493.0,1989,/wiki/Field_of_Dreams,False,"$84,431,625"
384,My Left Foot,"Action,Comedy,Drama",8.0,46.0,1989,/wiki/My_Left_Foot,False,"$14,743,391"
385,Dances with Wolves,"Adventure,Drama,Western",8.0,275168.0,1990,/wiki/Dances_with_Wolves,True,"$424,208,848"
386,Awakenings,"Action,Drama,Sci-Fi",7.8,148174.0,1990,/wiki/Awakenings,False,"$52,096,475"
387,Ghost ,"drama,fantasy,romance,thriller",7.1,224994.0,1990,/wiki/Ghost_(1990_film),False,"$505,703,557"
388,The Godfather Part III,"Crime,Drama",7.6,406431.0,1990,/wiki/The_Godfather_Part_III,False,"$136,861,392"
389,Goodfellas,"Biography,Crime,Drama",6.9,25.0,1990,/wiki/Goodfellas,False,"$47,036,784"
390,The Silence of the Lambs ,"crime,drama,thriller",8.6,1464229.0,1991,/wiki/The_Silence_of_the_Lambs_(film),True,"$272,742,922"
391,Beauty and the Beast ,"adventure,family,fantasy,musical,romance",7.1,318261.0,1991,/wiki/Beauty_and_the_Beast_(1991_film),False,"$1,266,115,964"
392,Bugsy,"Biography,Crime,Drama",6.8,29959.0,1991,/wiki/Bugsy,False,"$49,114,016"
393,JFK ,"drama,history,thriller",8.0,161615.0,1991,/wiki/JFK_(film),False,"$205,405,498"
394,The Prince of Tides,"Drama,Romance",6.8,18785.0,1991,/wiki/The_Prince_of_Tides,False,"$74,787,599"
395,Unforgiven,"Crime,Drama,Short",8.2,419562.0,1992,/wiki/Unforgiven,True,"$159,167,799"
396,The Crying Game,"Comedy,Drama,Romance",7.2,57503.0,1992,/wiki/The_Crying_Game,False,"$62,548,947"
397,A Few Good Men,"News,Talk-Show,War",7.7,272238.0,1992,/wiki/A_Few_Good_Men,False,"$243,240,178"
398,Howards End ,"drama,romance",7.4,34027.0,1992,/wiki/Howards_End_(film),False,"$26,341,736"
399,Scent of a Woman ,drama,8.0,308964.0,1992,/wiki/Scent_of_a_Woman_(1992_film),False,"$134,095,253"
400,Schindler's List,"Biography,Drama,History",9.0,1380337.0,1993,/wiki/Schindler%27s_List,True,"$322,161,245"
401,The Fugitive ,"action,crime,drama,mystery,thriller",7.8,304022.0,1993,/wiki/The_Fugitive_(1993_film),False,"$368,875,760"
402,In the Name of the Father ,"biography,crime,drama",8.1,179554.0,1993,/wiki/In_the_Name_of_the_Father_(film),False,"$65,796,862"
403,The Piano,"Drama,Musical,Short",7.5,91080.0,1993,/wiki/The_Piano,False,"$40,185,556"
404,The Remains of the Day ,"drama,romance",7.8,78266.0,1993,/wiki/The_Remains_of_the_Day_(film),False,"$23,237,911"
405,Forrest Gump,"Documentary,Family,History",8.8,2127602.0,1994,/wiki/Forrest_Gump,True,"$678,226,465"
406,Four Weddings and a Funeral,"Comedy,Drama,Romance",7.1,158098.0,1994,/wiki/Four_Weddings_and_a_Funeral,False,"$245,700,832"
407,Pulp Fiction,"Comedy,Reality-TV,Talk-Show",8.9,2101050.0,1994,/wiki/Pulp_Fiction,False,"$213,928,762"
408,Quiz Show ,"biography,drama,history",7.5,71373.0,1994,/wiki/Quiz_Show_(film),False,"$24,822,619"
409,The Shawshank Redemption,"Comedy,Talk-Show",9.3,2734155.0,1994,/wiki/The_Shawshank_Redemption,False,"$28,884,504"
410,Braveheart,"Comedy,Documentary,History",8.4,1053011.0,1995,/wiki/Braveheart,True,"$213,216,216"
411,Apollo 13 ,"adventure,drama,history",7.7,302775.0,1995,/wiki/Apollo_13_(film),False,"$355,237,933"
412,Babe ,"comedy,drama,family",6.9,129210.0,1995,/wiki/Babe_(film),False,"$254,134,910"
413,Sense and Sensibility ,"drama,romance",7.7,119907.0,1995,/wiki/Sense_and_Sensibility_(film),False,"$134,582,776"
414,The English Patient ,"drama,romance,war",7.4,194708.0,1996,/wiki/The_English_Patient_(film),True,"$231,976,425"
415,Fargo ,"crime,thriller",8.9,382775.0,1996,/wiki/Fargo_(1996_film),False,"$60,611,975"
416,Jerry Maguire,"Comedy,Drama,Romance",7.3,274713.0,1996,/wiki/Jerry_Maguire,False,"$273,552,592"
417,Shine ,"biography,drama,music,romance",7.6,55253.0,1996,/wiki/Shine_(film),False,"$35,999,081"
418,Titanic ,"drama,romance",7.9,1217053.0,1997,/wiki/Titanic_(1997_film),True,"$2,264,743,257"
419,As Good as It Gets,"Comedy,Drama,Romance",7.7,306485.0,1997,/wiki/As_Good_as_It_Gets,False,"$314,178,011"
420,The Full Monty,"Comedy,Drama",7.2,109248.0,1997,/wiki/The_Full_Monty,False,"$257,938,649"
421,Good Will Hunting,"Action,Adventure,Comedy",8.3,998916.0,1997,/wiki/Good_Will_Hunting,False,"$225,933,435"
422,L.A. Confidential ,"crime,drama,mystery,thriller",8.2,592245.0,1997,/wiki/L.A._Confidential_(film),False,"$126,216,940"
423,Shakespeare in Love,"Comedy,Drama,History",7.1,228967.0,1998,/wiki/Shakespeare_in_Love,True,"$289,317,794"
424,Elizabeth ,"biography,drama,history",7.4,102061.0,1998,/wiki/Elizabeth_(film),False,"$82,150,642"
425,Life Is Beautiful,"Drama,Romance,Short",6.4,898.0,1998,/wiki/Life_Is_Beautiful,False,"$230,099,013"
426,Saving Private Ryan,"Comedy,Documentary,History",8.6,1418419.0,1998,/wiki/Saving_Private_Ryan,False,"$482,349,603"
427,The Thin Red Line ,"drama,history,war",7.6,192494.0,1998,/wiki/The_Thin_Red_Line_(1998_film),False,"$98,126,565"
428,American Beauty ,drama,8.3,1171981.0,1999,/wiki/American_Beauty_(1999_film),True,"$356,296,601"
429,The Cider House Rules ,"drama,romance",7.4,102011.0,1999,/wiki/The_Cider_House_Rules_(film),False,"$88,545,092"
430,The Green Mile ,"crime,drama,fantasy,mystery",8.6,1331825.0,1999,/wiki/The_Green_Mile_(film),False,"$286,801,374"
431,The Insider ,"biography,drama,thriller",7.8,174681.0,1999,/wiki/The_Insider_(film),False,"$60,289,912"
432,The Sixth Sense,"Drama,Mystery,Thriller",8.2,1008296.0,1999,/wiki/The_Sixth_Sense,False,"$672,806,432"
433,Gladiator ,"action,adventure,drama",8.5,1532742.0,2000,/wiki/Gladiator_(2000_film),True,"$503,162,313"
434,Chocolat ,"drama,romance",7.3,195845.0,2000,/wiki/Chocolat_(2000_film),False,"$152,700,626"
435,"Crouching Tiger, Hidden Dragon","Action,Adventure,Drama",8.0,1486.0,2000,"/wiki/Crouching_Tiger,_Hidden_Dragon",False,"$213,977,285"
436,Erin Brockovich ,"biography,drama",7.4,206398.0,2000,/wiki/Erin_Brockovich_(film),False,"$256,271,286"
437,Traffic ,"crime,drama,thriller",7.6,212423.0,2000,/wiki/Traffic_(2000_film),False,"$207,515,725"
438,A Beautiful Mind ,"biography,drama",8.2,948735.0,2001,/wiki/A_Beautiful_Mind_(film),True,"$316,791,257"
439,Gosford Park,"Comedy,Drama,Mystery",7.2,90392.0,2001,/wiki/Gosford_Park,False,"$87,754,044"
440,In the Bedroom,"Comedy,Drama,Short",7.4,40938.0,2001,/wiki/In_the_Bedroom,False,"$44,763,181"
441,The Lord of the Rings: The Fellowship of the Ring,"Action,Adventure,Fantasy",8.8,1909585.0,2001,/wiki/The_Lord_of_the_Rings:_The_Fellowship_of_the_Ring,False,"$898,204,420"
442,Moulin Rouge!,"Drama,Musical,Romance",7.6,290703.0,2001,/wiki/Moulin_Rouge!,False,"$184,935,320"
443,Chicago ,"comedy,crime,musical",8.0,59923.0,2002,/wiki/Chicago_(2002_film),True,"$306,776,732"
444,Gangs of New York,"Documentary,History",7.5,452792.0,2002,/wiki/Gangs_of_New_York,False,"$193,772,504"
445,The Hours ,"drama,romance",7.5,134755.0,2002,/wiki/The_Hours_(film),False,"$108,846,072"
446,The Lord of the Rings: The Two Towers,"Action,Adventure,Drama",8.8,1697780.0,2002,/wiki/The_Lord_of_the_Rings:_The_Two_Towers,False,"$947,944,270"
447,The Pianist ,"biography,drama,music,war",8.5,853771.0,2002,/wiki/The_Pianist_(2002_film),False,"$120,072,577"
448,The Lord of the Rings: The Return of the King,"Action,Adventure,Drama",9.0,1880701.0,2003,/wiki/The_Lord_of_the_Rings:_The_Return_of_the_King,True,"$1,147,633,833"
449,Lost in Translation ,"comedy,drama",7.7,466486.0,2003,/wiki/Lost_in_Translation_(film),False,"$118,686,937"
450,Master and Commander: The Far Side of the World,"Action,Adventure,Drama",7.4,227829.0,2003,/wiki/Master_and_Commander:_The_Far_Side_of_the_World,False,"$211,622,535"
451,Mystic River ,"crime,drama,mystery,thriller",7.9,466921.0,2003,/wiki/Mystic_River_(film),False,"$156,595,191"
452,Seabiscuit ,"drama,history,sport",7.3,74983.0,2003,/wiki/Seabiscuit_(film),False,"$148,336,445"
453,Million Dollar Baby,"Comedy,Drama,Music",8.1,698263.0,2004,/wiki/Million_Dollar_Baby,True,"$216,763,646"
454,The Aviator ,"biography,drama",7.5,370586.0,2004,/wiki/The_Aviator_(2004_film),False,"$213,719,942"
455,Finding Neverland ,"biography,drama,family",7.7,208829.0,2004,/wiki/Finding_Neverland_(film),False,"$116,650,613"
456,Ray ,"biography,drama,music",8.3,89664.0,2004,/wiki/Ray_(film),False,"$123,971,376"
457,Sideways,"Crime,Drama,Mystery",7.5,195732.0,2004,/wiki/Sideways,False,"$109,706,931"
458,Crash ,drama,6.4,63233.0,2005,/wiki/Crash_(2004_film),True,"$2,671,855"
459,Brokeback Mountain,"Animation,Comedy,Short",7.7,366493.0,2005,/wiki/Brokeback_Mountain,False,"$178,062,759"
460,Capote ,"biography,crime,drama,history",7.3,136266.0,2005,/wiki/Capote_(film),False,"$49,327,405"
461,"Good Night, and Good Luck",Drama,7.4,99444.0,2005,"/wiki/Good_Night,_and_Good_Luck",False,"$54,641,191"
462,Munich ,"action,drama,history,thriller",7.5,231817.0,2005,/wiki/Munich_(2005_film),False,"$130,982,129"
463,The Departed,"Crime,Drama,Thriller",8.5,1351191.0,2006,/wiki/The_Departed,True,"$291,480,452"
464,Babel ,drama,7.5,308766.0,2006,/wiki/Babel_(film),False,"$135,330,182"
465,Letters from Iwo Jima,"Action,Adventure,Drama",7.9,165887.0,2006,/wiki/Letters_from_Iwo_Jima,False,"$68,673,228"
466,Little Miss Sunshine,"Animation,Family,Short",7.8,493690.0,2006,/wiki/Little_Miss_Sunshine,False,"$101,058,954"
467,The Queen ,"biography,drama",8.6,487015.0,2006,/wiki/The_Queen_(2006_film),False,"$124,923,153"
468,No Country for Old Men,"Animation,Comedy,Short",8.2,997439.0,2007,/wiki/No_Country_for_Old_Men,True,"$171,627,434"
469,Atonement ,"drama,mystery,romance,war",7.8,286842.0,2007,/wiki/Atonement_(2007_film),False,"$131,016,624"
470,Juno ,"comedy,drama",7.5,532244.0,2007,/wiki/Juno_(film),False,"$232,372,681"
471,Michael Clayton ,"crime,drama,mystery,thriller",7.2,169507.0,2007,/wiki/Michael_Clayton_(film),False,"$92,991,835"
472,There Will Be Blood,"Action,Adventure,Drama",8.2,600122.0,2007,/wiki/There_Will_Be_Blood,False,"$76,182,388"
473,Slumdog Millionaire,"Crime,Drama,Romance",8.0,857226.0,2008,/wiki/Slumdog_Millionaire,True,"$378,410,542"
474,The Curious Case of Benjamin Button ,"drama,fantasy,romance",7.8,666645.0,2008,/wiki/The_Curious_Case_of_Benjamin_Button_(film),False,"$335,802,786"
475,Frost/Nixon ,"biography,drama,history",7.7,110097.0,2008,/wiki/Frost/Nixon_(film),False,"$27,426,335"
476,Milk ,"biography,drama,history",7.5,176098.0,2008,/wiki/Milk_(2008_American_film),False,"$54,589,558"
477,The Reader ,"drama,romance",7.6,251339.0,2008,/wiki/The_Reader_(2008_film),False,"$108,902,486"
478,The Hurt Locker,"Drama,Thriller,War",7.5,460137.0,2009,/wiki/The_Hurt_Locker,True,"$49,259,766"
479,Avatar ,"action,adventure,fantasy,sci-fi",7.7,376925.0,2009,/wiki/Avatar_(2009_film),False,"$2,923,706,026"
480,The Blind Side ,"biography,drama,sport",7.6,343450.0,2009,/wiki/The_Blind_Side_(film),False,"$309,231,694"
481,District 9,"Action,Sci-Fi,Thriller",7.9,693223.0,2009,/wiki/District_9,False,"$210,888,950"
482,An Education,"Comedy,Drama,Romance",7.3,136065.0,2009,/wiki/An_Education,False,"$26,096,852"
483,Inglourious Basterds,"Adventure,Drama,War",8.3,1485428.0,2009,/wiki/Inglourious_Basterds,False,"$321,457,747"
484,Precious ,drama,7.3,113275.0,2009,/wiki/Precious_(film),False,"$63,649,529"
485,A Serious Man,"Comedy,Drama",7.0,145663.0,2009,/wiki/A_Serious_Man,False,"$31,430,334"
486,Up ,"adventure,animation,comedy,drama,family",8.3,1066883.0,2009,/wiki/Up_(2009_film),False,"$735,099,102"
487,Up in the Air ,"comedy,drama,romance",7.4,341623.0,2009,/wiki/Up_in_the_Air_(2009_film),False,"$166,842,739"
488,The King's Speech,"Biography,Drama,History",8.0,690511.0,2010,/wiki/The_King%27s_Speech,True,"$484,068,861"
489,Black Swan ,"drama,thriller",8.0,787178.0,2010,/wiki/Black_Swan_(film),False,"$329,398,046"
490,The Fighter,"Action,Adventure,Fantasy",7.8,376098.0,2010,/wiki/The_Fighter,False,"$129,190,869"
491,Inception,"Comedy,Reality-TV,Talk-Show",8.8,2403153.0,2010,/wiki/Inception,False,"$870,110,523"
492,The Kids Are All Right ,"comedy,drama,romance",7.0,132207.0,2010,/wiki/The_Kids_Are_All_Right_(film),False,"$34,758,951"
493,127 Hours,"Documentary,News",7.5,385614.0,2010,/wiki/127_Hours,False,"$60,738,797"
494,The Social Network,"Comedy,Drama,Game-Show",7.8,720689.0,2010,/wiki/The_Social_Network,False,"$224,920,375"
495,Toy Story 3,"Comedy,Family,Short",8.3,852115.0,2010,/wiki/Toy_Story_3,False,"$1,067,316,101"
496,True Grit ,"drama,western",7.6,346416.0,2010,/wiki/True_Grit_(2010_film),False,"$252,276,927"
497,Winter's Bone,"Drama,Mystery",7.1,145733.0,2010,/wiki/Winter%27s_Bone,False,"$13,796,834"
498,The Artist ,"comedy,drama,romance",7.9,244636.0,2011,/wiki/The_Artist_(film),True,"$133,471,171"
499,The Descendants,"Biography,Documentary,History",7.3,245160.0,2011,/wiki/The_Descendants,False,"$177,243,185"
500,Extremely Loud & Incredibly Close ,"adventure,drama,mystery",6.9,103510.0,2011,/wiki/Extremely_Loud_%26_Incredibly_Close_(film),False,"$55,247,881"
501,The Help ,drama,8.1,471448.0,2011,/wiki/The_Help_(film),False,"$216,639,112"
502,Hugo ,"adventure,drama,family,fantasy,mystery",7.5,328364.0,2011,/wiki/Hugo_(film),False,"$185,770,310"
503,Midnight in Paris,"Comedy,Documentary,Drama",7.7,433605.0,2011,/wiki/Midnight_in_Paris,False,"$151,672,318"
504,Moneyball ,"biography,drama,sport",7.6,438146.0,2011,/wiki/Moneyball_(film),False,"$110,206,216"
505,The Tree of Life ,"drama,fantasy",6.8,180237.0,2011,/wiki/The_Tree_of_Life_(film),False,"$58,409,247"
506,War Horse ,"action,adventure,drama,history,war",7.2,161086.0,2011,/wiki/War_Horse_(film),False,"$177,584,879"
507,Argo ,"biography,drama,thriller",7.7,624042.0,2012,/wiki/Argo_(2012_film),True,"$232,325,503"
508,Amour ,drama,7.6,5848.0,2012,/wiki/Amour_(2012_film),False,"$29,664,140"
509,Beasts of the Southern Wild,"Adventure,Drama,Fantasy",7.2,84059.0,2012,/wiki/Beasts_of_the_Southern_Wild,False,"$21,107,746"
510,Django Unchained,"Drama,Western",8.4,1592500.0,2012,/wiki/Django_Unchained,False,"$426,074,373"
511,Life of Pi ,"adventure,drama,fantasy",7.9,644279.0,2012,/wiki/Life_of_Pi_(film),False,"$609,016,565"
512,Lincoln ,"biography,drama,history,war",7.3,265354.0,2012,/wiki/Lincoln_(film),False,"$275,293,450"
513,Silver Linings Playbook,"Comedy,Drama,Romance",7.7,720058.0,2012,/wiki/Silver_Linings_Playbook,False,"$236,412,453"
514,Zero Dark Thirty,"Comedy,Documentary,Mystery",7.4,308187.0,2012,/wiki/Zero_Dark_Thirty,False,"$132,820,716"
515,12 Years a Slave ,"biography,drama,history",8.1,714599.0,2013,/wiki/12_Years_a_Slave_(film),True,"$187,733,202"
516,American Hustle,"Reality-TV,Talk-Show",7.2,487634.0,2013,/wiki/American_Hustle,False,"$251,171,807"
517,Captain Phillips ,"action,biography,crime,drama,thriller",7.8,472252.0,2013,/wiki/Captain_Phillips_(film),False,"$218,791,811"
518,Dallas Buyers Club,"Comedy,Talk-Show",7.9,498957.0,2013,/wiki/Dallas_Buyers_Club,False,"$55,198,285"
519,Gravity ,"drama,sci-fi,thriller",7.7,839661.0,2013,/wiki/Gravity_(2013_film),False,"$748,049,949"
520,Her ,"drama,romance,sci-fi",8.0,634291.0,2013,/wiki/Her_(film),False,"$48,517,427"
521,Nebraska ,drama,7.7,120183.0,2013,/wiki/Nebraska_(film),False,"$27,682,872"
522,Philomena ,"biography,comedy,drama",7.6,101853.0,2013,/wiki/Philomena_(film),False,"$100,129,872"
523,The Wolf of Wall Street ,"biography,comedy,crime,drama",8.2,1458210.0,2013,/wiki/The_Wolf_of_Wall_Street_(2013_film),False,"$406,878,233"
524,Birdman ,"comedy,drama",7.7,644522.0,2014,/wiki/Birdman_(film),True,"$103,215,094"
525,American Sniper,"Action,Biography,Drama",7.3,500701.0,2014,/wiki/American_Sniper,False,"$547,459,020"
526,Boyhood ,drama,7.9,359742.0,2014,/wiki/Boyhood_(2014_film),False,"$48,137,666"
527,The Grand Budapest Hotel,"Adventure,Comedy,Crime",8.1,834412.0,2014,/wiki/The_Grand_Budapest_Hotel,False,"$173,082,189"
528,The Imitation Game,"Comedy,Drama,Game-Show",8.0,786691.0,2014,/wiki/The_Imitation_Game,False,"$233,555,708"
529,Selma ,"biography,drama,history",7.5,93187.0,2014,/wiki/Selma_(film),False,"$67,782,762"
530,The Theory of Everything ,"biography,drama,romance",7.7,462950.0,2014,/wiki/The_Theory_of_Everything_(2014_film),False,"$123,726,688"
531,Whiplash ,"drama,music",8.5,900884.0,2014,/wiki/Whiplash_(2014_film),False,"$49,396,747"
532,Spotlight ,"biography,crime,drama",8.1,481249.0,2015,/wiki/Spotlight_(film),True,"$98,690,254"
533,The Big Short ,"biography,comedy,drama,history",7.8,445748.0,2015,/wiki/The_Big_Short_(film),False,"$133,440,870"
534,Bridge of Spies ,"drama,history,thriller,war",7.6,317865.0,2015,/wiki/Bridge_of_Spies_(film),False,"$165,478,348"
535,Brooklyn ,"drama,romance",8.4,331758.0,2015,/wiki/Brooklyn_(film),False,"$62,402,155"
536,Mad Max: Fury Road,"Action,Adventure,Sci-Fi",8.1,1025879.0,2015,/wiki/Mad_Max:_Fury_Road,False,"$415,261,382"
537,The Martian ,"adventure,drama,sci-fi",8.0,877293.0,2015,/wiki/The_Martian_(film),False,"$630,620,818"
538,The Revenant ,"action,adventure,drama,western",8.0,826071.0,2015,/wiki/The_Revenant_(2015_film),False,"$532,950,503"
539,Room ,"drama,thriller",8.1,430907.0,2015,/wiki/Room_(2015_film),False,"$35,401,758"
540,Moonlight ,drama,7.4,317509.0,2016,/wiki/Moonlight_(2016_film),True,"$65,172,611"
541,Arrival ,"drama,mystery,sci-fi",7.9,716903.0,2016,/wiki/Arrival_(film),False,"$203,388,186"
542,Fences ,drama,7.2,111985.0,2016,/wiki/Fences_(film),False,"$64,414,761"
543,Hacksaw Ridge,"Biography,Drama,History",8.1,546213.0,2016,/wiki/Hacksaw_Ridge,False,"$180,563,636"
544,Hell or High Water ,"crime,drama,thriller,western",7.6,238437.0,2016,/wiki/Hell_or_High_Water_(2016_film),False,"$37,999,675"
545,Hidden Figures,"Comedy,Drama,Game-Show",7.8,239571.0,2016,/wiki/Hidden_Figures,False,"$235,956,898"
546,La La Land,"Comedy,Drama,Romance",8.0,612272.0,2016,/wiki/La_La_Land,False,"$471,983,281"
547,Lion ,"biography,drama",8.0,242287.0,2016,/wiki/Lion_(2016_film),False,"$140,853,810"
548,Manchester by the Sea ,drama,7.8,292956.0,2016,/wiki/Manchester_by_the_Sea_(film),False,"$78,988,148"
549,The Shape of Water,"Comedy,Drama,Sci-Fi",7.3,430989.0,2017,/wiki/The_Shape_of_Water,True,"$195,333,312"
550,Call Me by Your Name ,"drama,romance",7.8,287315.0,2017,/wiki/Call_Me_by_Your_Name_(film),False,"$43,143,046"
551,Darkest Hour ,"biography,drama,war",7.4,208954.0,2017,/wiki/Darkest_Hour_(film),False,"$150,847,274"
552,Dunkirk ,"action,drama,history,thriller,war",7.8,680423.0,2017,/wiki/Dunkirk_(2017_film),False,"$527,016,307"
553,Get Out,"Animation,Comedy,Crime",7.7,636853.0,2017,/wiki/Get_Out,False,"$255,745,157"
554,Lady Bird ,"comedy,drama",7.4,303288.0,2017,/wiki/Lady_Bird_(film),False,"$78,986,478"
555,Phantom Thread,"Comedy,News",7.4,137552.0,2017,/wiki/Phantom_Thread,False,"$48,706,552"
556,The Post ,"biography,drama,history,thriller,war",7.2,156014.0,2017,/wiki/The_Post_(film),False,"$193,764,664"
557,"Three Billboards Outside Ebbing, Missouri","Comedy,Crime,Drama",8.1,523880.0,2017,"/wiki/Three_Billboards_Outside_Ebbing,_Missouri",False,"$162,861,289"
558,Green Book ,"biography,comedy,drama,music",8.2,516910.0,2018,/wiki/Green_Book_(film),True,"$321,752,656"
559,Black Panther ,"action,adventure,sci-fi",6.7,264664.0,2018,/wiki/Black_Panther_(film),False,"$1,349,926,083"
560,BlacKkKlansman,"Biography,Comedy,Crime",7.5,272849.0,2018,/wiki/BlacKkKlansman,False,"$93,413,709"
561,Bohemian Rhapsody ,"biography,drama,music",7.9,554739.0,2018,/wiki/Bohemian_Rhapsody_(film),False,"$910,809,311"
562,The Favourite,"Drama,Family,Romance",7.5,207297.0,2018,/wiki/The_Favourite,False,"$95,918,706"
563,Roma ,drama,7.7,163385.0,2018,/wiki/Roma_(2018_film),False,"$1,140,769"
564,Vice ,"biography,comedy,drama",7.2,153327.0,2018,/wiki/Vice_(2018_film),False,"$76,073,488"
565,Parasite ,"horror,mystery,sci-fi",8.5,850243.0,2019,/wiki/Parasite_(2019_film),True,"$40,283,786"
566,Ford v Ferrari,"Action,Biography,Drama",8.1,414412.0,2019,/wiki/Ford_v_Ferrari,False,"$225,508,210"
567,The Irishman,"Biography,Crime,Drama",7.8,401561.0,2019,/wiki/The_Irishman,False,"$968,853"
568,Jojo Rabbit,"Comedy,Drama,War",7.9,407660.0,2019,/wiki/Jojo_Rabbit,False,"$93,757,609"
569,Joker ,"crime,drama,thriller",8.4,1348529.0,2019,/wiki/Joker_(2019_film),False,"$1,074,458,282"
570,Marriage Story,"Comedy,Documentary,News",7.9,322955.0,2019,/wiki/Marriage_Story,False,"$333,686"
571,1917 ,"action,drama,war",8.2,618335.0,2019,/wiki/1917_(2019_film),False,"$384,577,421"
572,Once Upon a Time in Hollywood,"Comedy,Talk-Show",8.2,52.0,2019,/wiki/Once_Upon_a_Time_in_Hollywood,False,"$377,617,598"
573,Nomadland ,drama,7.3,169978.0,2020,/wiki/Nomadland_(film),True,"$39,458,207"
574,The Father ,"drama,mystery",8.2,167233.0,2020,/wiki/The_Father_(2020_film),False,"$24,267,597"
575,Judas and the Black Messiah,"Biography,Drama,History",7.4,84927.0,2020,/wiki/Judas_and_the_Black_Messiah,False,"$7,478,009"
576,Mank,"Biography,Comedy,Drama",6.8,78058.0,2020,/wiki/Mank,False,
577,Minari ,drama,7.4,86740.0,2020,/wiki/Minari_(film),False,"$15,312,445"
578,Promising Young Woman,"Crime,Drama,Mystery",7.5,186173.0,2020,/wiki/Promising_Young_Woman,False,"$18,854,166"
579,Sound of Metal,"Drama,Music",7.7,135976.0,2020,/wiki/Sound_of_Metal,False,"$516,520"
580,The Trial of the Chicago 7,"Drama,History,Thriller",7.7,183226.0,2020,/wiki/The_Trial_of_the_Chicago_7,False,
581,CODA ,"comedy,drama,music",8.0,145243.0,2021,/wiki/CODA_(2021_film),True,"$1,911,296"
582,Belfast ,"biography,drama",7.3,80495.0,2021,/wiki/Belfast_(film),False,"$49,142,744"
583,Don't Look Up,"Comedy,Drama,Sci-Fi",7.2,555062.0,2021,/wiki/Don%27t_Look_Up,False,"$791,863"
584,Drive My Car ,drama,7.6,57108.0,2021,/wiki/Drive_My_Car_(film),False,"$15,362,861"
585,Dune ,"action,adventure,drama,sci-fi",8.0,671939.0,2021,/wiki/Dune_(2021_film),False,"$402,027,830"
586,King Richard ,"biography,drama,sport",7.5,121695.0,2021,/wiki/King_Richard_(film),False,"$39,429,285"
587,Licorice Pizza,"Comedy,Drama,Romance",7.2,126385.0,2021,/wiki/Licorice_Pizza,False,"$33,273,940"
588,Nightmare Alley ,"crime,drama,thriller",7.0,152429.0,2021,/wiki/Nightmare_Alley_(2021_film),False,"$39,629,195"
589,The Power of the Dog ,"drama,romance,western",6.8,182145.0,2021,/wiki/The_Power_of_the_Dog_(film),False,"$271,009"
590,Everything Everywhere All at Once,"Action,Adventure,Comedy",7.9,437015.0,2022,/wiki/Everything_Everywhere_All_at_Once,True,"$140,211,159"
591,Avatar: The Way of Water,"Action,Adventure,Fantasy",7.7,369719.0,2022,/wiki/Avatar:_The_Way_of_Water,False,"$2,319,766,200"
592,The Banshees of Inisherin,"Comedy,Drama",7.7,202400.0,2022,/wiki/The_Banshees_of_Inisherin,False,"$49,209,277"
593,Elvis ,"biography,drama,music",7.3,207142.0,2022,/wiki/Elvis_(2022_film),False,"$288,670,284"
594,The Fabelmans,"Comedy,Talk-Show",7.6,85709.0,2022,/wiki/The_Fabelmans,False,"$45,164,110"
595,Tár,"Drama,Music",7.5,69684.0,2022,/wiki/T%C3%A1r,False,"$27,541,681"
596,Top Gun: Maverick,"Comedy,Talk-Show",8.3,577408.0,2022,/wiki/Top_Gun:_Maverick,False,"$1,493,491,858"
597,Triangle of Sadness,"Comedy,Drama",7.3,128812.0,2022,/wiki/Triangle_of_Sadness,False,"$25,615,870"
598,Women Talking ,drama,6.9,29341.0,2022,/wiki/Women_Talking_(film),False,"$8,954,708"
