,year,film,wiki,rating,numVotes,worldwide_box_office,action,adventure,animation,biography,comedy,crime,documentary,drama,family,fantasy,film-noir,game-show,history,horror,music,musical,mystery,news,reality-tv,romance,sci-fi,short,sport,talk-show,thriller,war,western
0,1927,Wings ,/wiki/Wings_(1927_film),7.3,13576.0,$746,1,0,0,0,0,0,0,1,0,0,0,0,0,0,0,0,0,0,0,1,0,0,0,0,0,1,0
1,1927,7th Heaven ,/wiki/7th_Heaven_(1927_film),5.2,26223.0,"$79,808",0,0,0,0,0,0,0,1,0,0,0,0,0,0,0,0,0,0,0,0,0,0,0,0,0,0,0
2,1927,The Racket ,/wiki/The_Racket_(1928_film),6.7,3149.0,"$21,733,230",0,0,0,0,0,0,0,1,0,1,0,0,0,0,0,0,1,0,0,0,1,0,0,0,1,0,0
3,1928,The Broadway Melody,/wiki/The_Broadway_Melody,5.6,7605.0,"$223,723",0,0,0,0,0,0,0,1,0,0,0,0,0,0,0,1,0,0,0,1,0,0,0,0,0,0,0
4,1928,Alibi ,/wiki/Alibi_(1929_film),7.4,391.0,"$42,915",0,0,0,0,0,1,0,0,0,0,0,0,0,0,0,0,0,0,0,0,0,0,0,0,1,0,0
5,1928,In Old Arizona,/wiki/In_Old_Arizona,5.5,1199.0,"$6,344",0,0,0,0,0,0,0,0,0,0,0,0,0,0,0,0,0,0,0,0,0,1,0,0,0,0,1
6,1928,The Patriot ,/wiki/The_Patriot_(1928_film),7.2,282275.0,"$215,294,342",1,0,0,0,0,0,0,1,0,0,0,0,1,0,0,0,0,0,0,0,0,0,0,0,0,1,0
7,1929,The Big House ,/wiki/The_Big_House_(1930_film),6.8,4322.0,"$173,959,438",1,0,0,0,1,1,0,0,0,0,0,0,0,0,0,0,0,0,0,0,0,0,0,0,0,0,0
8,1929,Disraeli ,/wiki/Disraeli_(1929_film),6.1,1318.0,"$13,025,860",0,0,0,0,0,1,0,1,0,0,0,0,0,0,0,0,0,0,0,0,0,0,0,0,1,0,0
9,1929,The Divorcee,/wiki/The_Divorcee,6.7,3366.0,"$6,253",0,0,0,0,1,0,0,1,0,0,0,0,0,0,0,0,0,0,0,0,0,0,0,0,0,0,1
10,1929,The Love Parade,/wiki/The_Love_Parade,7.0,2469.0,"$2,492,128",0,0,0,0,1,0,0,0,0,0,0,0,0,0,0,1,0,0,0,1,0,0,0,0,0,0,0
11,1930,Skippy ,/wiki/Skippy_(film),6.4,1108.0,"$621,931",0,0,0,0,1,0,0,1,0,0,0,0,0,0,0,0,0,0,0,1,0,0,0,0,0,0,0
12,1931,Grand Hotel ,/wiki/Grand_Hotel_(1932_film),8.1,836067.0,"$173,082,189",0,1,0,0,1,1,0,0,0,0,0,0,0,0,0,0,0,0,0,0,0,0,0,0,0,0,0
13,1931,Bad Girl ,/wiki/Bad_Girl_(1931_film),5.4,809.0,"$193,221",0,0,0,0,0,0,0,1,0,0,0,0,0,0,0,0,0,0,0,0,0,0,1,0,0,0,0
14,1931,The Champ ,/wiki/The_Champ_(1931_film),6.8,8912.0,"$30,441,738",0,0,0,0,0,0,0,1,0,0,0,0,0,0,0,0,0,0,0,0,0,0,1,0,0,0,0
15,1931,Five Star Final,/wiki/Five_Star_Final,7.3,2346.0,"$3,039,022",0,0,0,0,0,1,0,1,0,0,0,0,0,0,1,0,0,0,0,0,0,0,0,0,0,0,0
16,1931,Shanghai Express ,/wiki/Shanghai_Express_(film),7.3,9618.0,"$2,315,683",0,1,0,0,1,1,0,1,0,0,0,0,0,0,0,0,0,0,0,1,0,0,0,0,0,0,0
17,1931,The Smiling Lieutenant,/wiki/The_Smiling_Lieutenant,7.2,3952.0,"$413,844",0,0,0,0,1,0,0,0,0,0,0,0,0,0,0,1,0,0,0,1,0,0,0,0,0,0,0
18,1932,Cavalcade ,/wiki/Cavalcade_(1933_film),5.8,5550.0,"$507,886",0,0,0,1,0,0,0,1,0,0,0,0,0,0,0,0,0,0,0,0,0,0,0,0,0,0,0
19,1932,42nd Street ,/wiki/42nd_Street_(film),7.3,12549.0,"$1,600",0,0,0,0,1,0,0,1,0,0,0,0,0,0,1,1,0,0,0,1,0,0,0,0,0,0,0
20,1932,Lady for a Day,/wiki/Lady_for_a_Day,7.4,4409.0,"$383,872",0,0,0,0,1,0,0,1,0,0,0,0,0,0,0,0,0,0,0,0,0,0,0,0,0,0,0
21,1932,Little Women ,/wiki/Little_Women_(1933_film),7.8,218222.0,"$218,843,645",0,0,0,0,0,0,0,1,0,0,0,0,0,0,0,0,0,0,0,1,0,0,0,0,0,0,0
22,1932,The Private Life of Henry VIII,/wiki/The_Private_Life_of_Henry_VIII,7.0,4580.0,"$19,773",0,0,0,0,0,0,0,1,0,0,0,0,0,0,0,0,0,0,0,0,0,0,0,0,0,0,0
23,1932,Smilin' Through ,/wiki/Smilin%27_Through_(1932_film),6.9,1440.0,"$4,560",0,0,0,1,0,0,1,0,0,0,0,0,1,0,0,0,0,0,0,0,0,0,0,0,0,0,0
24,1934,It Happened One Night,/wiki/It_Happened_One_Night,8.1,106884.0,"$11,477",0,0,0,0,1,0,0,1,1,0,0,0,0,0,0,0,0,0,0,0,0,0,0,0,0,0,0
25,1934,The Barretts of Wimpole Street ,/wiki/The_Barretts_of_Wimpole_Street_(1934_film),7.0,2001.0,"$406,878,233",0,0,0,1,1,1,0,1,0,0,0,0,0,0,0,0,0,0,0,0,0,0,0,0,0,0,0
26,1934,The Gay Divorcee,/wiki/The_Gay_Divorcee,7.4,8252.0,"$6,253",0,0,0,0,1,0,0,0,0,0,0,0,0,0,0,1,0,0,0,1,0,0,0,0,0,0,0
27,1934,Here Comes the Navy,/wiki/Here_Comes_the_Navy,6.2,1097.0,"$73,100,172",0,0,0,0,1,0,0,1,0,0,0,0,0,0,0,0,0,0,0,1,0,0,0,0,0,0,0
28,1934,The House of Rothschild,/wiki/The_House_of_Rothschild,6.5,1239.0,"$21,577,624",0,0,0,1,0,0,0,1,0,0,0,0,1,0,0,0,0,0,0,0,0,0,0,0,0,0,0
29,1934,Imitation of Life ,/wiki/Imitation_of_Life_(1934_film),7.8,17229.0,$365,0,0,0,0,0,0,0,1,0,0,0,0,0,0,0,0,0,0,0,0,0,0,0,0,0,0,0
30,1934,One Night of Love,/wiki/One_Night_of_Love,5.7,684.0,"$900,123",0,0,0,0,1,0,0,0,0,0,0,0,0,0,1,0,0,0,0,1,0,0,0,0,0,0,0
31,1934,The White Parade,/wiki/The_White_Parade,7.0,101.0,"$2,492,128",0,0,0,0,0,0,0,1,0,0,0,0,0,0,0,0,0,0,0,0,0,0,0,0,0,0,0
32,1935,David Copperfield ,/wiki/David_Copperfield_(1935_film),7.7,4788.0,"$14,399,270",0,0,0,0,1,0,0,1,0,0,0,0,0,0,0,0,0,0,0,0,0,0,0,0,0,0,0
33,1935,The Informer ,/wiki/The_Informer_(1935_film),6.6,39509.0,"$2,927,708",1,0,0,0,0,1,0,1,0,0,0,0,0,0,0,0,0,0,0,0,0,0,0,0,1,0,0
34,1935,The Lives of a Bengal Lancer ,/wiki/The_Lives_of_a_Bengal_Lancer_(film),7.0,3109.0,"$135,168",0,0,0,0,0,0,0,0,0,0,0,0,0,0,0,0,0,0,0,0,0,0,0,0,0,0,0
35,1935,A Midsummer Night's Dream ,/wiki/A_Midsummer_Night%27s_Dream_(1935_film),6.4,26194.0,"$24,711",0,0,0,0,0,0,0,0,0,0,0,0,0,0,0,0,0,0,0,0,0,0,0,0,0,0,0
36,1935,Les Mis√©rables ,/wiki/Les_Mis%C3%A9rables_(1935_film),7.5,336046.0,"$54,465,930",0,0,0,0,0,1,0,1,0,0,0,0,0,0,0,0,0,0,0,0,0,0,0,0,1,0,0
37,1935,Top Hat,/wiki/Top_Hat,7.7,19894.0,"$5,541",0,0,0,0,1,0,0,0,0,0,0,0,0,0,0,1,0,0,0,1,0,0,0,0,0,0,0
38,1936,The Great Ziegfeld,/wiki/The_Great_Ziegfeld,6.6,8565.0,"$353,659,851",0,0,0,1,0,0,1,0,0,0,0,0,1,0,0,0,0,0,0,0,0,0,0,0,0,0,0
39,1936,Mr. Deeds Goes to Town,/wiki/Mr._Deeds_Goes_to_Town,7.8,22250.0,"$8,362",0,0,0,0,1,0,0,1,0,0,0,0,0,0,0,0,0,0,0,1,0,0,0,0,0,0,0
40,1936,Romeo and Juliet ,/wiki/Romeo_and_Juliet_(1936_film),7.6,33417.0,"$6,292",0,0,0,0,0,0,0,1,0,0,0,0,0,0,0,0,0,0,0,1,0,0,0,0,0,0,0
41,1936,San Francisco ,/wiki/San_Francisco_(1936_film),7.3,6371.0,"$18,823",0,0,0,0,0,0,0,1,0,0,0,0,1,0,0,0,0,0,0,1,0,0,0,0,0,0,0
42,1936,The Story of Louis Pasteur,/wiki/The_Story_of_Louis_Pasteur,7.3,2972.0,"$204,956",0,0,0,1,0,0,0,1,0,0,0,0,1,0,0,0,0,0,0,0,0,0,0,0,0,0,0
43,1936,A Tale of Two Cities ,/wiki/A_Tale_of_Two_Cities_(1935_film),7.8,5988.0,"$1,062,878",0,0,0,0,0,0,0,1,0,0,0,0,0,1,0,0,1,0,0,0,0,0,0,0,1,0,0
44,1937,The Life of Emile Zola,/wiki/The_Life_of_Emile_Zola,7.2,8596.0,"$99,783,556",0,0,0,0,1,0,0,1,0,0,0,0,0,0,0,0,0,0,0,0,0,0,0,0,0,0,0
45,1937,Dead End ,/wiki/Dead_End_(1937_film),6.5,30273.0,"$154,342",0,0,0,0,0,0,0,0,0,0,0,0,0,1,0,0,0,0,0,0,0,0,0,0,1,0,0
46,1937,Lost Horizon ,/wiki/Lost_Horizon_(1937_film),7.6,13800.0,"$10,726,909",0,0,0,0,0,0,0,1,0,0,0,0,0,0,0,0,0,0,0,1,0,0,0,0,0,0,0
47,1937,One Hundred Men and a Girl,/wiki/One_Hundred_Men_and_a_Girl,6.7,1143.0,"$167,780,960",0,0,0,0,1,0,0,1,0,0,0,0,0,0,1,0,0,0,0,0,0,0,0,0,0,0,0
48,1937,Stage Door,/wiki/Stage_Door,7.7,8676.0,"$8,835",0,0,0,0,1,0,0,1,0,0,0,0,0,0,0,1,0,0,0,0,0,0,0,0,0,0,0
49,1937,A Star Is Born ,/wiki/A_Star_Is_Born_(1937_film),7.6,396752.0,"$436,233,122",0,0,0,0,0,0,0,1,0,0,0,0,0,0,1,0,0,0,0,1,0,0,0,0,0,0,0
50,1938,The Adventures of Robin Hood,/wiki/The_Adventures_of_Robin_Hood,7.9,52654.0,"$288,545",1,1,0,0,0,0,0,0,1,0,0,0,0,0,0,0,0,0,0,0,0,0,0,0,0,0,0
51,1938,The Citadel ,/wiki/The_Citadel_(1938_film),6.3,10217.0,"$1,625,784",0,0,0,0,0,0,0,1,0,0,0,0,1,0,0,0,0,0,0,0,0,0,0,0,0,1,0
52,1938,Four Daughters,/wiki/Four_Daughters,6.9,2073.0,"$2,778,028",0,0,0,0,0,0,0,1,0,1,0,0,0,0,0,0,0,0,0,0,0,1,0,0,0,0,0
53,1938,La Grande Illusion,/wiki/La_Grande_Illusion,7.5,6.0,"$20,356",0,0,0,0,1,0,0,0,0,0,0,0,0,0,0,0,0,0,0,1,0,0,0,0,0,0,0
54,1939,Gone with the Wind ,/wiki/Gone_with_the_Wind_(film),8.2,321925.0,"$402,382,193",0,0,0,0,0,0,0,1,0,0,0,0,0,0,0,0,0,0,0,1,0,0,0,0,0,1,0
55,1939,"Goodbye, Mr. Chips ","/wiki/Goodbye,_Mr._Chips_(1939_film)",7.9,11095.0,"$106,269,971",0,0,0,0,0,0,0,1,0,0,0,0,0,0,1,0,0,0,0,0,0,0,0,0,0,0,0
56,1939,Love Affair ,/wiki/Love_Affair_(1939_film),6.0,4917.0,"$18,272,894",0,0,0,0,1,0,0,1,0,0,0,0,0,0,0,0,0,0,0,1,0,0,0,0,0,0,0
57,1939,Mr. Smith Goes to Washington,/wiki/Mr._Smith_Goes_to_Washington,8.1,117350.0,"$144,738",0,0,0,0,0,0,1,0,0,0,0,0,0,0,0,0,0,0,0,0,0,0,0,1,0,0,0
58,1939,Ninotchka,/wiki/Ninotchka,7.8,21798.0,"$1,204",0,0,0,0,1,0,0,1,0,0,0,0,0,0,0,0,0,0,0,0,0,0,0,0,0,0,0
59,1939,Of Mice and Men ,/wiki/Of_Mice_and_Men_(1939_film),7.5,45096.0,"$5,471,088",0,0,0,0,0,0,0,1,0,0,0,0,0,0,0,0,0,0,0,0,0,0,0,0,0,0,1
60,1939,The Wizard of Oz ,/wiki/The_Wizard_of_Oz_(1939_film),8.1,409552.0,"$25,637,669",0,1,0,0,0,0,0,0,1,1,0,0,0,0,0,1,0,0,0,0,0,0,0,0,0,0,0
61,1939,Wuthering Heights ,/wiki/Wuthering_Heights_(1939_film),7.5,18907.0,"$624,643",0,0,0,0,0,0,0,1,0,0,0,0,0,0,0,0,0,0,0,1,0,0,0,0,0,0,0
62,1940,Rebecca ,/wiki/Rebecca_(1940_film),6.0,44096.0,"$72,275",0,0,0,0,0,0,0,1,0,0,1,0,0,0,0,0,1,0,0,1,0,0,0,0,1,0,0
63,1940,"All This, and Heaven Too","/wiki/All_This,_and_Heaven_Too",7.4,5136.0,"$16,191,842",0,0,0,0,0,0,0,1,0,0,0,0,0,0,0,0,0,0,0,1,0,0,0,0,0,0,0
64,1940,Foreign Correspondent ,/wiki/Foreign_Correspondent_(film),7.4,22250.0,$623,1,0,0,0,0,0,0,0,0,0,0,0,0,0,0,0,0,0,0,1,0,0,0,0,1,1,0
65,1940,The Great Dictator,/wiki/The_Great_Dictator,8.4,228018.0,"$970,263",0,0,0,0,1,0,0,1,0,0,0,0,0,0,0,0,0,0,0,0,0,0,0,0,0,1,0
66,1940,The Letter ,/wiki/The_Letter_(1940_film),7.5,13874.0,"$16,455",0,0,0,0,0,1,0,1,0,0,1,0,0,0,0,0,1,0,0,1,0,0,0,0,0,0,0
67,1940,Our Town ,/wiki/Our_Town_(1940_film),6.5,2782.0,"$2,643,251",0,0,0,0,0,1,0,0,0,0,0,0,0,0,0,0,1,0,0,0,0,0,0,0,1,0,0
68,1940,The Philadelphia Story ,/wiki/The_Philadelphia_Story_(film),7.9,71352.0,"$411,663",0,0,0,0,1,0,0,0,0,0,0,0,0,0,0,0,0,0,0,1,0,0,0,0,0,0,0
69,1941,Blossoms in the Dust,/wiki/Blossoms_in_the_Dust,6.9,2164.0,"$727,639",0,0,0,1,0,0,0,1,0,0,0,0,0,0,0,0,0,0,0,1,0,0,0,0,0,0,0
70,1941,Citizen Kane,/wiki/Citizen_Kane,8.3,449408.0,"$1,645,944",0,0,0,0,1,0,0,0,0,0,0,0,0,0,0,0,0,0,0,0,0,1,0,0,0,0,0
71,1941,The Little Foxes ,/wiki/The_Little_Foxes_(film),7.9,12487.0,"$4,583",0,0,0,0,0,0,0,1,0,0,0,0,0,0,0,0,0,0,0,0,0,0,0,0,0,0,0
72,1941,The Maltese Falcon ,/wiki/The_Maltese_Falcon_(1941_film),8.0,162017.0,"$34,691",0,0,0,0,0,1,0,0,0,0,1,0,0,0,0,0,1,0,0,1,0,0,0,0,0,0,0
73,1941,Sergeant York ,/wiki/Sergeant_York_(film),7.7,19063.0,"$16,364,924",0,0,0,1,0,0,0,1,0,0,0,0,1,0,0,0,0,0,0,1,0,0,0,0,0,1,0
74,1941,Suspicion ,/wiki/Suspicion_(1941_film),5.7,7271.0,"$269,915",0,0,0,0,0,1,0,1,0,0,0,0,0,0,0,0,1,0,0,0,0,0,0,0,1,0,0
75,1942,Kings Row,/wiki/Kings_Row,7.5,4692.0,"$49,591",0,0,0,0,0,0,0,1,0,0,0,0,0,0,0,0,0,0,0,0,0,0,0,0,0,0,0
76,1942,The Magnificent Ambersons ,/wiki/The_Magnificent_Ambersons_(film),7.6,25655.0,"$162,360,636",1,1,0,0,0,0,0,1,0,0,0,0,0,0,0,0,0,0,0,0,0,0,0,0,0,0,1
77,1942,The Pied Piper ,/wiki/The_Pied_Piper_(1942_film),6.4,843.0,"$5,546,500",0,0,0,0,0,0,0,0,0,0,0,0,0,1,0,0,1,0,0,0,0,0,0,0,1,0,0
78,1943,Casablanca ,/wiki/Casablanca_(film),8.5,582415.0,"$4,626,532",0,0,0,0,0,0,0,1,0,0,0,0,0,0,0,0,0,0,0,1,0,0,0,0,0,1,0
79,1943,Heaven Can Wait ,/wiki/Heaven_Can_Wait_(1943_film),6.9,22323.0,"$81,640,278",0,0,0,0,1,0,0,0,0,1,0,0,0,0,0,0,0,0,0,1,0,0,1,0,0,0,0
80,1943,Madame Curie ,/wiki/Madame_Curie_(film),7.2,3027.0,"$3,515,958",0,0,0,1,0,0,0,1,0,0,0,0,0,0,1,0,0,0,0,1,0,0,0,0,0,0,0
81,1943,The More the Merrier,/wiki/The_More_the_Merrier,7.6,7067.0,"$247,061",1,1,1,0,0,0,0,0,0,0,0,0,0,0,0,0,0,0,0,0,0,0,0,0,0,0,0
82,1943,The Ox-Bow Incident,/wiki/The_Ox-Bow_Incident,8.0,24061.0,"$98,201",0,0,0,0,0,0,0,1,0,0,0,0,0,0,0,0,0,0,0,0,0,0,0,0,0,0,1
83,1943,The Song of Bernadette ,/wiki/The_Song_of_Bernadette_(film),7.6,7301.0,"$4,228,034",0,1,1,0,0,0,0,1,1,1,0,0,0,0,0,0,0,0,0,0,0,0,0,0,0,0,0
84,1944,Going My Way,/wiki/Going_My_Way,7.0,12561.0,"$2,221",0,0,0,0,1,0,0,0,0,0,0,0,0,0,0,0,0,0,0,1,0,1,0,0,0,0,0
85,1944,Double Indemnity,/wiki/Double_Indemnity,8.3,160383.0,"$14,651",0,0,0,0,1,0,0,0,0,1,0,0,0,0,0,0,0,0,0,0,1,0,0,0,0,0,0
86,1944,Gaslight ,/wiki/Gaslight_(1944_film),7.4,23550.0,"$37,591,674",0,0,0,0,1,0,0,1,0,0,0,0,0,0,0,0,0,0,0,1,0,0,0,0,0,0,0
87,1944,Wilson ,/wiki/Wilson_(1944_film),5.8,10851.0,"$848,646",0,0,0,0,1,0,0,1,0,0,0,0,0,0,0,0,0,0,0,0,0,0,0,0,0,0,0
88,1945,The Bells of St. Mary's,/wiki/The_Bells_of_St._Mary%27s,7.2,8704.0,"$21,337,978",1,1,0,0,0,1,0,0,0,0,0,0,0,0,0,0,0,0,0,0,0,0,0,0,0,0,0
89,1945,Mildred Pierce ,/wiki/Mildred_Pierce_(film),7.9,27228.0,"$10,128",0,0,0,0,0,1,0,1,0,0,1,0,0,0,0,0,1,0,0,1,0,0,0,0,0,0,0
90,1946,The Best Years of Our Lives,/wiki/The_Best_Years_of_Our_Lives,8.1,66826.0,"$23,661,347",0,0,0,0,0,0,0,1,0,0,0,0,0,0,0,0,0,0,0,1,0,0,0,0,0,1,0
91,1946,Henry V ,/wiki/Henry_V_(1944_film),7.5,30647.0,"$10,161,099",0,0,0,1,0,0,0,1,0,0,0,0,1,0,0,0,0,0,0,0,0,0,0,0,0,1,0
92,1946,It's a Wonderful Life,/wiki/It%27s_a_Wonderful_Life,8.6,470690.0,"$8,574,081",1,1,1,0,0,0,0,0,0,0,0,0,0,0,0,0,0,0,0,0,0,0,0,0,0,0,0
93,1946,The Razor's Edge ,/wiki/The_Razor%27s_Edge_(1946_film),6.4,5665.0,"$6,551,987",0,0,0,0,0,0,0,1,0,0,0,0,0,0,0,0,0,0,0,1,0,0,0,0,0,1,0
94,1947,The Bishop's Wife,/wiki/The_Bishop%27s_Wife,7.6,19305.0,$16,0,0,0,0,1,0,0,1,0,1,0,0,0,0,0,0,0,0,0,0,0,0,0,0,0,0,0
95,1947,Crossfire ,/wiki/Crossfire_(film),5.7,2340.0,"$456,350",1,0,0,0,0,1,0,1,0,0,0,0,0,0,0,0,0,0,0,0,0,0,0,0,0,0,0
96,1947,Great Expectations ,/wiki/Great_Expectations_(1946_film),4.9,2169.0,"$55,494,066",0,0,0,0,0,0,0,1,0,0,0,0,0,0,0,0,0,0,0,1,0,0,0,0,0,0,0
97,1947,Miracle on 34th Street,/wiki/Miracle_on_34th_Street,7.9,51123.0,$527,0,0,0,0,1,0,0,0,0,1,0,0,0,0,0,0,0,0,0,0,1,0,0,0,0,0,0
98,1948,Hamlet ,/wiki/Hamlet_(1948_film),7.7,38945.0,"$6,288,230",0,0,0,0,0,0,0,1,0,0,0,0,0,0,0,0,0,0,0,0,0,0,0,0,0,0,0
99,1948,The Red Shoes ,/wiki/The_Red_Shoes_(1948_film),8.1,36741.0,"$30,846",0,0,0,0,0,0,0,1,0,0,0,0,0,0,1,0,0,0,0,1,0,0,0,0,0,0,0
100,1948,The Snake Pit,/wiki/The_Snake_Pit,7.6,8019.0,$560,0,1,0,0,0,0,0,1,1,0,0,0,0,0,0,0,0,0,0,0,0,0,0,0,0,0,0
101,1948,The Treasure of the Sierra Madre ,/wiki/The_Treasure_of_the_Sierra_Madre_(film),8.2,127703.0,"$5,014,000",0,1,0,0,0,0,0,1,0,0,0,0,0,0,0,0,0,0,0,0,0,0,0,0,0,0,1
102,1949,All the King's Men ,/wiki/All_the_King%27s_Men_(1949_film),6.1,25115.0,"$9,451,623",0,0,0,0,0,0,0,1,0,0,0,0,0,0,0,0,0,0,0,0,0,0,0,0,1,0,0
103,1949,Battleground ,/wiki/Battleground_(film),7.4,7548.0,"$10,337",0,0,0,0,0,0,1,0,0,0,0,0,0,0,0,0,0,0,0,0,0,0,0,0,0,0,0
104,1949,The Heiress,/wiki/The_Heiress,8.1,16404.0,$158,0,1,0,0,0,1,0,0,0,0,0,0,0,0,0,0,1,0,0,0,0,0,0,0,0,0,0
105,1949,A Letter to Three Wives,/wiki/A_Letter_to_Three_Wives,7.7,10176.0,"$14,768",0,0,0,0,1,0,0,1,0,0,0,0,0,0,0,0,0,0,0,1,0,0,0,0,0,0,0
106,1950,All About Eve,/wiki/All_About_Eve,8.2,133678.0,"$151,052",0,0,0,0,0,0,0,1,1,0,0,0,0,0,0,0,0,0,0,0,1,0,0,0,0,0,0
107,1950,Born Yesterday ,/wiki/Born_Yesterday_(1950_film),7.5,11779.0,"$17,952,857",0,0,0,0,1,0,0,0,0,0,0,0,0,0,0,0,0,0,0,1,0,0,0,0,0,0,0
108,1950,Father of the Bride ,/wiki/Father_of_the_Bride_(1950_film),6.5,80195.0,"$89,325,780",0,0,0,0,1,0,0,0,1,0,0,0,0,0,0,0,0,0,0,1,0,0,0,0,0,0,0
109,1950,King Solomon's Mines ,/wiki/King_Solomon%27s_Mines_(1950_film),5.2,14154.0,"$15,057,465",1,1,0,0,1,0,0,0,0,0,0,0,0,0,0,0,0,0,0,1,0,0,0,0,0,0,0
110,1951,An American in Paris ,/wiki/An_American_in_Paris_(film),7.2,35210.0,"$272,619",0,0,0,0,0,0,0,1,0,0,0,0,0,0,0,1,0,0,0,1,0,0,0,0,0,0,0
111,1951,Decision Before Dawn,/wiki/Decision_Before_Dawn,7.2,2824.0,"$608,881",0,0,0,0,0,0,0,1,0,0,0,0,0,0,0,0,0,0,0,0,0,0,0,0,0,1,0
112,1951,Quo Vadis ,/wiki/Quo_Vadis_(1951_film),7.1,15868.0,"$101,486",0,0,0,1,0,0,0,1,0,0,0,0,0,0,0,0,0,0,0,1,0,0,0,0,0,0,0
113,1951,A Streetcar Named Desire ,/wiki/A_Streetcar_Named_Desire_(1951_film),7.9,110938.0,"$49,523",0,0,0,0,0,0,0,1,0,0,0,0,0,0,0,0,0,0,0,0,0,0,0,0,0,0,0
114,1952,Ivanhoe ,/wiki/Ivanhoe_(1952_film),6.7,5233.0,"$5,246",0,0,0,0,1,0,0,1,0,0,0,0,0,0,0,0,0,0,0,0,0,0,0,0,0,0,0
115,1952,Moulin Rouge ,/wiki/Moulin_Rouge_(1952_film),7.6,290938.0,"$184,935,320",0,0,0,0,0,0,0,1,0,0,0,0,0,0,0,1,0,0,0,1,0,0,0,0,0,0,0
116,1953,From Here to Eternity,/wiki/From_Here_to_Eternity,7.6,48692.0,"$36,416",0,0,0,0,0,0,0,1,0,0,0,0,0,0,0,0,0,0,0,1,0,0,0,0,0,1,0
117,1953,Julius Caesar ,/wiki/Julius_Caesar_(1953_film),7.2,12139.0,"$10,831",0,0,0,0,0,0,0,1,0,0,0,0,1,0,0,0,0,0,0,0,0,0,0,0,0,0,0
118,1953,The Robe ,/wiki/The_Robe_(film),6.7,11057.0,"$36,010,866",0,0,0,0,0,0,0,1,0,0,0,0,1,0,0,0,0,0,0,1,0,0,0,0,0,0,0
119,1953,Roman Holiday,/wiki/Roman_Holiday,8.0,142075.0,"$6,607",0,0,0,0,1,0,0,1,0,0,0,0,0,0,0,0,0,0,0,1,0,0,0,0,0,0,0
120,1953,Shane ,/wiki/Shane_(film),7.6,42337.0,"$146,987",0,0,0,1,0,0,1,0,0,0,0,0,0,0,1,0,0,0,0,0,0,0,0,0,0,0,0
121,1954,The Caine Mutiny ,/wiki/The_Caine_Mutiny_(film),7.7,28651.0,"$21,750,000",0,0,0,0,0,0,0,1,0,0,0,0,0,0,0,0,0,0,0,0,0,0,0,0,0,1,0
122,1954,The Country Girl ,/wiki/The_Country_Girl_(1954_film),7.2,6315.0,"$98,005,666",0,0,0,0,1,0,0,1,0,0,0,0,0,0,0,0,0,0,0,1,0,0,0,0,0,0,0
123,1954,Seven Brides for Seven Brothers,/wiki/Seven_Brides_for_Seven_Brothers,7.3,25997.0,"$13,672",0,0,0,0,1,0,0,1,0,0,0,0,0,0,0,1,0,0,0,0,0,0,0,0,0,0,0
124,1954,Three Coins in the Fountain ,/wiki/Three_Coins_in_the_Fountain_(film),6.2,3571.0,"$46,808",1,1,0,0,0,0,0,1,0,0,0,0,0,0,0,0,0,0,0,0,0,0,0,0,0,0,0
125,1955,Love Is a Many-Splendored Thing ,/wiki/Love_Is_a_Many-Splendored_Thing_(film),6.4,5166.0,"$30,330",0,0,0,1,0,0,0,1,0,0,0,0,0,0,0,0,0,0,0,1,0,0,0,0,0,1,0
126,1955,Picnic ,/wiki/Picnic_(1955_film),7.0,9268.0,"$4,534",0,1,0,0,0,0,0,1,0,0,0,0,0,0,0,0,0,0,0,0,0,0,0,0,1,0,0
127,1955,The Rose Tattoo ,/wiki/The_Rose_Tattoo_(film),6.9,4275.0,"$29,174,648",0,0,0,0,0,0,0,1,0,0,0,0,0,0,1,0,0,0,0,1,0,0,0,0,0,0,0
128,1956,Around the World in 80 Days ,/wiki/Around_the_World_in_80_Days_(1956_film),7.2,10809.0,"$72,178,895",1,1,0,0,1,0,0,0,1,0,0,0,0,0,0,0,0,0,0,0,0,0,0,0,0,0,1
129,1956,Giant ,/wiki/Giant_(1956_film),7.6,40537.0,"$32,855,818",0,0,0,0,0,0,0,1,0,0,0,0,0,0,0,0,0,0,0,0,0,0,0,0,0,0,1
130,1956,The King and I ,/wiki/The_King_and_I_(1956_film),7.4,27069.0,"$21,300,415",0,0,0,1,0,0,0,1,0,0,0,0,0,0,0,1,0,0,0,1,0,0,0,0,0,0,0
131,1956,The Ten Commandments ,/wiki/The_Ten_Commandments_(1956_film),7.9,74236.0,"$65,500,000",0,1,0,0,0,0,0,1,1,0,0,0,1,0,0,0,0,0,0,0,0,0,0,0,0,0,0
132,1957,The Bridge on the River Kwai,/wiki/The_Bridge_on_the_River_Kwai,8.1,225058.0,"$27,200,000",0,1,0,0,0,0,0,1,0,0,0,0,0,0,0,0,0,0,0,0,0,0,0,0,0,1,0
133,1957,12 Angry Men ,/wiki/12_Angry_Men_(1957_film),9.0,810542.0,$955,0,0,0,0,0,1,0,1,0,0,0,0,0,0,0,0,0,0,0,0,0,0,0,0,0,0,0
134,1957,Sayonara,/wiki/Sayonara,7.0,7148.0,"$50,888,729",0,0,0,0,1,0,0,1,1,0,0,0,0,0,0,0,0,0,0,0,0,0,0,0,0,0,0
135,1957,Witness for the Prosecution ,/wiki/Witness_for_the_Prosecution_(1957_film),8.4,129180.0,"$7,693",0,0,0,0,0,1,0,1,0,0,0,0,0,0,0,0,1,0,0,0,0,0,0,0,1,0,0
136,1958,The Defiant Ones,/wiki/The_Defiant_Ones,7.6,16472.0,"$358,399",1,1,0,0,1,0,0,0,0,0,0,0,0,0,0,0,0,0,0,0,0,0,0,0,0,0,0
137,1959,Ben-Hur ,/wiki/Ben-Hur_(1959_film),8.1,244786.0,"$74,437,720",0,1,0,0,0,0,0,1,0,0,0,0,0,0,0,0,0,0,0,0,0,0,0,0,0,0,0
138,1959,Anatomy of a Murder,/wiki/Anatomy_of_a_Murder,8.0,68204.0,$194,0,0,0,0,1,1,0,1,0,0,0,0,0,0,0,0,0,0,0,0,0,0,0,0,0,0,0
139,1959,The Diary of Anne Frank ,/wiki/The_Diary_of_Anne_Frank_(1959_film),7.4,13207.0,"$3,068,263",0,0,0,0,0,0,0,1,0,0,0,0,0,0,0,0,0,0,0,0,0,0,0,0,0,0,0
140,1959,The Nun's Story ,/wiki/The_Nun%27s_Story_(film),7.5,11179.0,"$365,582,797",0,0,0,0,0,0,0,0,0,0,0,0,0,1,0,0,1,0,0,0,0,0,0,0,1,0,0
141,1960,The Apartment,/wiki/The_Apartment,8.3,185980.0,"$18,778,738",0,0,0,0,1,0,1,0,0,0,0,0,0,0,0,0,0,0,0,0,0,1,0,0,0,0,0
142,1960,The Alamo ,/wiki/The_Alamo_(1960_film),6.8,16655.0,"$6,334",0,1,0,0,0,0,0,1,0,0,0,0,1,0,0,0,0,0,0,0,0,0,0,0,0,1,1
143,1960,Elmer Gantry ,/wiki/Elmer_Gantry_(film),7.7,12179.0,$64,0,0,0,0,0,0,0,1,0,0,0,0,0,0,0,0,0,0,0,0,0,0,0,0,0,0,0
144,1960,Sons and Lovers ,/wiki/Sons_and_Lovers_(film),7.1,1682.0,"$414,351,546",1,1,0,0,1,0,0,0,0,0,0,0,0,0,0,0,0,0,0,0,0,0,0,0,1,0,0
145,1961,West Side Story ,/wiki/West_Side_Story_(1961_film),7.2,88103.0,"$76,016,171",0,0,0,0,0,1,0,1,0,0,0,0,0,0,0,1,0,0,0,1,0,0,0,0,0,0,0
146,1961,Fanny ,/wiki/Fanny_(1961_film),6.8,2476.0,"$371,657",0,0,0,0,0,0,0,1,0,0,0,0,0,0,0,0,0,0,0,0,0,0,0,0,0,0,0
147,1961,Judgment at Nuremberg,/wiki/Judgment_at_Nuremberg,8.3,79629.0,"$12,180",0,0,0,0,1,1,0,1,0,0,0,0,0,0,0,0,0,0,0,0,0,0,0,0,0,0,0
148,1962,Lawrence of Arabia ,/wiki/Lawrence_of_Arabia_(film),8.3,300510.0,"$45,720,631",0,1,0,1,0,0,0,1,0,0,0,0,0,0,0,0,0,0,0,0,0,0,0,0,0,1,0
149,1962,To Kill a Mockingbird ,/wiki/To_Kill_a_Mockingbird_(film),8.3,321747.0,"$599,146",0,0,0,0,0,1,0,1,0,0,0,0,0,0,0,0,0,0,0,0,0,0,0,0,0,0,0
150,1963,America America,/wiki/America_America,7.7,5743.0,"$370,569,774",1,0,0,0,0,1,0,1,0,0,0,0,0,0,0,0,0,0,0,0,0,0,0,0,0,0,0
151,1963,How the West Was Won ,/wiki/How_the_West_Was_Won_(film),7.0,22025.0,"$76,729",0,0,0,0,0,0,0,0,0,0,0,0,0,0,0,0,0,0,0,0,0,0,0,0,0,0,1
152,1963,Lilies of the Field ,/wiki/Lilies_of_the_Field_(1963_film),7.5,12527.0,"$2,476,539",0,0,0,0,1,0,0,1,0,0,0,0,0,0,0,0,0,0,0,0,0,0,0,0,0,0,0
153,1964,My Fair Lady ,/wiki/My_Fair_Lady_(film),7.8,98305.0,"$72,632,653",0,0,0,0,0,0,0,1,1,0,0,0,0,0,0,1,0,0,0,1,0,0,0,0,0,0,0
154,1964,Becket ,/wiki/Becket_(1964_film),7.8,15266.0,"$149,327",0,0,0,1,0,0,0,1,0,0,0,0,1,0,0,0,0,0,0,0,0,0,0,0,0,0,0
155,1964,Dr. Strangelove,/wiki/Dr._Strangelove,7.2,32.0,"$9,523,464",0,0,0,0,1,1,0,1,0,0,0,0,0,0,0,0,0,0,0,0,0,0,0,0,0,0,0
156,1964,Mary Poppins ,/wiki/Mary_Poppins_(film),7.8,178103.0,"$103,082,380",0,0,0,0,1,0,0,0,1,1,0,0,0,0,0,1,0,0,0,0,0,0,0,0,0,0,0
157,1965,The Sound of Music ,/wiki/The_Sound_of_Music_(film),8.1,244027.0,"$159,437,744",0,0,0,1,0,0,0,1,1,0,0,0,0,0,0,1,0,0,0,1,0,0,0,0,0,0,0
158,1965,Darling ,/wiki/Darling_(1965_film),6.2,113753.0,"$87,609,403",0,0,0,0,0,0,0,1,0,0,0,0,0,0,0,0,0,0,0,0,0,0,0,0,1,0,0
159,1965,Doctor Zhivago ,/wiki/Doctor_Zhivago_(film),7.9,79217.0,"$111,922,142",0,0,0,0,0,0,0,1,0,0,0,0,0,0,0,0,0,0,0,1,0,0,0,0,0,1,0
160,1965,Ship of Fools ,/wiki/Ship_of_Fools_(film),7.0,6517.0,"$2,198,044",0,0,0,0,1,0,0,0,0,0,0,0,0,0,0,0,0,0,0,0,0,0,0,0,0,0,0
161,1965,A Thousand Clowns,/wiki/A_Thousand_Clowns,7.3,3568.0,"$3,427,211",0,0,0,0,1,0,0,1,0,0,0,0,0,0,0,0,0,0,0,1,0,0,0,0,0,0,0
162,1966,Alfie ,/wiki/Alfie_(1966_film),6.2,53899.0,"$35,060,882",0,0,0,0,1,0,0,1,0,0,0,0,0,0,0,0,0,0,0,1,0,0,0,0,0,0,0
163,1966,"The Russians Are Coming, the Russians Are Coming","/wiki/The_Russians_Are_Coming,_the_Russians_Are_Coming",7.0,9316.0,"$221,359",0,0,0,0,1,1,0,0,0,0,0,0,0,0,0,0,0,0,0,0,0,0,0,0,0,0,0
164,1966,Who's Afraid of Virginia Woolf? ,/wiki/Who%27s_Afraid_of_Virginia_Woolf%3F_(film),8.0,77348.0,"$28,005,068",0,0,0,0,0,0,0,1,0,0,0,0,0,0,0,0,0,0,0,0,0,0,0,0,0,0,0
165,1967,In the Heat of the Night ,/wiki/In_the_Heat_of_the_Night_(film),7.6,5649.0,"$27,669",0,0,0,0,0,0,0,1,0,0,0,0,0,0,0,0,1,0,0,0,0,0,0,0,1,0,0
166,1967,Doctor Dolittle ,/wiki/Doctor_Dolittle_(1967_film),5.4,99350.0,"$294,456,605",0,0,0,0,1,0,0,0,1,1,0,0,0,0,0,0,0,0,0,0,0,0,0,0,0,0,0
167,1967,The Graduate,/wiki/The_Graduate,8.0,279183.0,"$105,015,008",0,0,0,0,1,0,0,1,0,0,0,0,0,0,0,0,0,0,0,1,0,0,0,0,0,0,0
168,1967,Guess Who's Coming to Dinner,/wiki/Guess_Who%27s_Coming_to_Dinner,7.8,46782.0,"$56,666,667",0,1,0,0,0,0,0,1,0,0,0,0,0,0,0,0,0,0,0,1,0,0,0,0,0,0,0
169,1968,Funny Girl ,/wiki/Funny_Girl_(film),7.3,23869.0,"$52,224,636",0,0,0,1,1,0,0,1,0,0,0,0,0,0,0,1,0,0,0,1,0,0,0,0,0,0,0
170,1968,The Lion in Winter ,/wiki/The_Lion_in_Winter_(1968_film),7.9,32541.0,"$18,177",0,0,0,1,0,0,0,1,0,0,0,0,1,0,0,0,0,0,0,0,0,0,0,0,0,0,0
171,1968,"Rachel, Rachel","/wiki/Rachel,_Rachel",7.1,3678.0,"$9,200,168",0,0,0,0,0,0,0,1,0,0,0,0,0,0,0,0,0,0,0,1,0,0,0,0,0,0,0
172,1968,Romeo and Juliet ,/wiki/Romeo_and_Juliet_(1968_film),7.6,33417.0,"$6,292",0,0,0,0,0,0,0,1,0,0,0,0,0,0,0,0,0,0,0,1,0,0,0,0,0,0,0
173,1969,Midnight Cowboy,/wiki/Midnight_Cowboy,7.8,114634.0,"$44,801,177",0,0,0,0,1,0,0,0,1,0,0,0,0,0,0,0,0,0,0,0,0,0,0,0,0,0,0
174,1969,Butch Cassidy and the Sundance Kid,/wiki/Butch_Cassidy_and_the_Sundance_Kid,8.0,220258.0,"$102,311,293",0,0,0,1,0,1,0,1,0,0,0,0,0,0,0,0,0,0,0,0,0,0,0,0,0,0,0
175,1969,"Hello, Dolly! ","/wiki/Hello,_Dolly!_(film)",7.0,16126.0,"$400,881",0,1,0,0,1,0,0,0,0,0,0,0,0,0,0,1,0,0,0,1,0,0,0,0,0,0,0
176,1969,Z ,/wiki/Z_(1969_film),8.2,29921.0,"$49,209,277",0,0,0,0,1,0,0,1,0,0,0,0,0,0,0,0,0,0,0,0,0,0,0,0,0,0,0
177,1970,Patton ,/wiki/Patton_(film),7.9,104860.0,"$61,749,765",0,0,0,1,0,0,0,1,0,0,0,0,0,0,0,0,0,0,0,0,0,0,0,0,0,1,0
178,1970,Airport ,/wiki/Airport_(1970_film),6.6,20129.0,"$100,489,151",1,0,0,0,0,0,0,1,0,0,0,0,0,0,0,0,0,0,0,0,0,0,0,0,1,0,0
179,1970,Love Story ,/wiki/Love_Story_(1970_film),6.9,35647.0,"$106,550,690",0,0,0,0,0,0,0,1,0,0,0,0,0,0,0,0,0,0,0,1,0,0,0,0,0,0,0
180,1970,M*A*S*H ,/wiki/M*A*S*H_(film),8.4,59843.0,"$81,600,000",0,0,0,0,1,0,0,1,0,0,0,0,0,0,0,0,0,0,0,0,0,0,0,0,0,1,0
181,1971,The French Connection ,/wiki/The_French_Connection_(film),7.7,127344.0,"$51,700,666",1,0,0,0,0,1,0,1,0,0,0,0,0,0,0,0,0,0,0,0,0,0,0,0,1,0,0
182,1971,A Clockwork Orange ,/wiki/A_Clockwork_Orange_(film),8.3,846321.0,"$26,960,374",0,0,0,0,0,1,0,0,0,0,0,0,0,0,0,0,0,0,0,0,1,0,0,0,0,0,0
183,1971,Fiddler on the Roof ,/wiki/Fiddler_on_the_Roof_(film),8.0,45321.0,"$10,405,457",0,0,0,0,0,0,0,1,1,0,0,0,0,0,0,1,0,0,0,1,0,0,0,0,0,0,0
184,1971,The Last Picture Show,/wiki/The_Last_Picture_Show,8.0,49803.0,"$29,146,131",0,0,0,0,0,0,0,0,0,0,0,0,0,1,0,0,0,0,0,0,0,1,0,0,0,0,0
185,1971,Nicholas and Alexandra,/wiki/Nicholas_and_Alexandra,7.2,5252.0,"$1,323,126",0,0,0,1,0,0,1,0,0,0,0,0,0,0,0,0,0,0,0,0,0,1,0,0,0,0,0
186,1972,The Godfather,/wiki/The_Godfather,9.2,1901221.0,"$250,341,816",0,0,0,0,0,1,0,1,0,0,0,0,0,0,0,0,1,0,0,0,0,0,0,0,0,0,0
187,1972,Cabaret ,/wiki/Cabaret_(1972_film),7.8,57026.0,"$108,405",0,0,0,0,0,0,0,1,0,0,0,0,0,0,1,1,0,0,0,1,0,0,0,0,0,0,0
188,1972,Deliverance,/wiki/Deliverance,7.7,113602.0,"$4,534",1,0,0,0,0,1,0,1,0,0,0,0,0,0,0,0,0,0,0,0,0,0,0,0,0,0,0
189,1972,The Emigrants ,/wiki/The_Emigrants_(film),6.6,2037.0,"$587,351",0,0,0,0,0,0,0,1,0,0,0,0,1,0,0,0,0,0,0,0,0,0,0,0,0,0,0
190,1972,Sounder ,/wiki/Sounder_(film),7.5,4533.0,"$2,562,285",1,0,0,0,1,1,0,0,0,0,0,0,0,0,0,0,0,0,0,0,0,0,0,0,0,0,0
191,1973,The Sting,/wiki/The_Sting,8.3,268838.0,"$156,000,000",0,0,0,0,1,1,0,1,0,0,0,0,0,0,0,0,0,0,0,0,0,0,0,0,0,0,0
192,1973,American Graffiti,/wiki/American_Graffiti,7.4,92993.0,"$115,000,889",0,0,0,1,0,0,1,0,0,0,0,0,0,0,0,0,0,0,0,0,0,0,0,0,0,0,0
193,1973,Cries and Whispers,/wiki/Cries_and_Whispers,8.0,156.0,"$26,968",0,0,0,0,1,0,0,1,0,0,0,0,0,0,0,0,1,0,0,0,0,0,0,0,0,0,0
194,1973,The Exorcist,/wiki/The_Exorcist,8.1,419343.0,"$66,231,892",0,0,0,0,0,0,0,1,0,0,0,0,0,1,0,0,1,0,0,0,0,0,0,0,0,0,0
195,1973,A Touch of Class ,/wiki/A_Touch_of_Class_(film),6.5,3301.0,"$22,026,369",0,0,0,0,1,0,0,0,0,0,0,0,0,0,0,0,0,0,0,1,0,0,0,0,0,0,0
196,1974,The Godfather Part II,/wiki/The_Godfather_Part_II,9.0,1296165.0,"$47,961,919",0,0,0,0,0,1,0,1,0,0,0,0,0,0,0,0,0,0,0,0,0,0,0,0,0,0,0
197,1974,Chinatown ,/wiki/Chinatown_(1974_film),8.2,334051.0,"$29,226,502",0,0,0,0,0,0,0,1,0,0,0,0,0,0,0,0,1,0,0,0,0,0,0,0,1,0,0
198,1974,The Conversation,/wiki/The_Conversation,7.8,115409.0,"$4,696,729",0,0,0,0,0,0,0,1,0,0,0,0,0,1,0,0,0,0,0,0,0,1,0,0,0,0,0
199,1974,The Towering Inferno,/wiki/The_Towering_Inferno,7.0,45752.0,"$116,000,000",1,0,0,0,0,0,0,1,0,0,0,0,0,0,0,0,0,0,0,0,0,0,0,0,1,0,0
200,1975,One Flew Over the Cuckoo's Nest ,/wiki/One_Flew_Over_the_Cuckoo%27s_Nest_(film),8.7,1026771.0,"$109,114,817",0,0,0,0,0,0,0,1,0,0,0,0,0,0,0,0,0,0,0,0,0,0,0,0,0,0,0
201,1975,Barry Lyndon,/wiki/Barry_Lyndon,8.1,173059.0,"$234,077",0,1,0,0,0,0,0,1,0,0,0,0,0,0,0,0,0,0,0,0,0,0,0,0,0,1,0
202,1975,Dog Day Afternoon,/wiki/Dog_Day_Afternoon,8.0,262946.0,"$50,000,000",0,1,1,0,1,0,0,0,0,0,0,0,0,0,0,0,0,0,0,0,0,0,0,0,0,0,0
203,1975,Jaws ,/wiki/Jaws_(film),8.1,622190.0,"$476,512,065",0,1,0,0,0,0,0,0,0,0,0,0,0,0,0,0,1,0,0,0,0,0,0,0,1,0,0
204,1975,Nashville ,/wiki/Nashville_(film),7.7,26514.0,"$9,991,258",0,0,0,0,1,0,0,1,0,0,0,0,0,0,1,0,0,0,0,0,0,0,0,0,0,0,0
205,1976,Rocky,/wiki/Rocky,8.1,595986.0,"$117,250,402",0,0,0,0,1,0,0,0,1,1,0,0,0,0,0,0,0,0,0,0,0,0,0,0,0,0,0
206,1976,All the President's Men ,/wiki/All_the_President%27s_Men_(film),7.9,119851.0,"$70,600,000",0,0,0,0,0,0,0,1,0,0,0,0,1,0,0,0,0,0,0,0,0,0,0,0,1,0,0
207,1976,Bound for Glory ,/wiki/Bound_for_Glory_(1976_film),7.3,5384.0,"$10,173,682",0,0,0,0,0,0,0,1,0,0,0,0,1,0,0,0,0,0,0,0,0,0,0,0,0,1,1
208,1976,Network ,/wiki/Network_(1976_film),8.1,163186.0,"$23,690,757",0,0,0,0,0,0,0,1,0,0,0,0,0,0,0,0,0,0,0,0,0,0,0,0,0,0,0
209,1976,Taxi Driver,/wiki/Taxi_Driver,8.2,859335.0,"$28,573,323",0,0,0,0,0,0,0,1,0,1,0,0,0,1,0,0,0,0,0,0,0,0,0,0,0,0,0
210,1977,Annie Hall,/wiki/Annie_Hall,8.0,269843.0,"$38,288,028",0,0,0,0,0,0,1,0,0,0,0,0,0,0,0,0,0,0,0,0,0,1,0,0,0,0,0
211,1977,The Goodbye Girl,/wiki/The_Goodbye_Girl,7.4,15259.0,"$98,005,666",0,0,0,0,1,0,0,1,0,0,0,0,0,0,0,0,0,0,0,1,0,0,0,0,0,0,0
212,1977,Julia ,/wiki/Julia_(1977_film),8.3,9121.0,"$20,714,400",0,0,0,0,0,0,0,1,0,0,0,0,0,0,0,0,0,0,0,0,0,0,0,0,0,0,0
213,1977,Star Wars ,/wiki/Star_Wars_(film),7.0,21045.0,"$775,398,007",1,1,0,0,0,0,0,0,0,1,0,0,0,0,0,0,0,0,0,0,1,0,0,0,0,0,0
214,1977,The Turning Point ,/wiki/The_Turning_Point_(1977_film),6.8,4878.0,"$25,933,445",0,0,0,0,0,0,0,1,0,0,0,0,0,0,1,0,0,0,0,1,0,0,0,0,0,0,0
215,1978,The Deer Hunter,/wiki/The_Deer_Hunter,8.1,345782.0,"$49,074,379",0,0,0,0,1,0,0,1,0,0,0,0,0,1,0,0,0,0,0,0,0,0,0,0,0,0,0
216,1978,Coming Home ,/wiki/Coming_Home_(1978_film),7.3,14023.0,"$32,653,905",0,0,0,0,0,0,0,1,0,0,0,0,0,0,0,0,0,0,0,1,0,0,0,0,0,1,0
217,1978,Heaven Can Wait ,/wiki/Heaven_Can_Wait_(1978_film),6.9,22323.0,"$81,640,278",0,0,0,0,1,0,0,0,0,1,0,0,0,0,0,0,0,0,0,1,0,0,1,0,0,0,0
218,1978,Midnight Express ,/wiki/Midnight_Express_(film),7.5,83992.0,"$35,000,000",0,0,0,1,0,1,0,1,0,0,0,0,0,0,0,0,0,0,0,0,0,0,0,0,1,0,0
219,1979,Kramer vs. Kramer,/wiki/Kramer_vs._Kramer,7.8,149059.0,"$106,260,000",0,0,0,0,0,1,0,1,0,0,0,0,0,0,0,0,0,0,1,0,0,0,0,0,0,0,0
220,1979,All That Jazz ,/wiki/All_That_Jazz_(film),7.8,33356.0,"$37,823,676",0,0,0,0,0,0,0,1,0,0,0,0,0,0,1,1,0,0,0,0,0,0,0,0,0,0,0
221,1979,Apocalypse Now,/wiki/Apocalypse_Now,8.5,680101.0,"$104,880,868",0,0,0,0,0,0,0,1,0,0,0,0,0,0,0,0,1,0,0,0,0,0,0,0,0,1,0
222,1979,Breaking Away,/wiki/Breaking_Away,7.7,24433.0,"$16,424,918",0,0,0,0,0,1,1,0,0,0,0,0,0,0,0,0,1,0,0,0,0,0,0,0,0,0,0
223,1979,Norma Rae,/wiki/Norma_Rae,7.3,12155.0,"$22,228,000",1,0,0,0,0,1,0,1,0,0,0,0,0,0,0,0,0,0,0,0,0,0,0,0,0,0,0
224,1980,Ordinary People,/wiki/Ordinary_People,7.7,54202.0,"$54,766,923",0,1,0,0,1,0,0,1,0,0,0,0,0,0,0,0,0,0,0,0,0,0,0,0,0,0,0
225,1980,Coal Miner's Daughter ,/wiki/Coal_Miner%27s_Daughter_(film),7.5,19545.0,"$67,182,787",0,0,0,1,0,0,0,1,0,0,0,0,0,0,1,0,0,0,0,0,0,0,0,0,0,0,0
226,1980,The Elephant Man ,/wiki/The_Elephant_Man_(film),8.2,247328.0,"$26,023,860",0,0,0,1,0,0,0,1,0,0,0,0,0,0,0,0,0,0,0,0,0,0,0,0,0,0,0
227,1980,Raging Bull,/wiki/Raging_Bull,8.1,361798.0,"$23,403,912",0,0,0,1,0,0,0,1,0,0,0,0,0,0,0,0,0,0,0,0,0,0,1,0,0,0,0
228,1980,Tess ,/wiki/Tess_(1979_film),7.3,17441.0,"$20,101,247",0,0,0,0,0,0,0,1,0,0,0,0,0,0,0,0,0,0,0,1,0,0,0,0,0,0,0
229,1981,Chariots of Fire,/wiki/Chariots_of_Fire,7.1,63236.0,"$59,303,359",0,0,0,1,0,0,0,1,0,0,0,0,0,0,0,0,0,0,0,0,0,0,1,0,0,0,0
230,1981,Atlantic City ,/wiki/Atlantic_City_(1980_film),7.3,17563.0,"$12,729,675",0,0,0,0,0,1,0,1,0,0,0,0,0,0,0,0,0,0,0,1,0,0,0,0,0,0,0
231,1981,On Golden Pond ,/wiki/On_Golden_Pond_(1981_film),7.6,32992.0,"$119,285,432",0,0,0,0,0,0,0,1,0,0,0,0,0,0,0,0,0,0,0,0,0,0,0,0,0,0,0
232,1981,Raiders of the Lost Ark,/wiki/Raiders_of_the_Lost_Ark,8.4,983092.0,"$389,925,971",0,0,1,0,1,0,0,0,0,0,0,0,0,0,0,0,0,0,0,0,0,1,0,0,0,0,0
233,1981,Reds ,/wiki/Reds_(film),7.3,23693.0,"$40,382,788",0,0,0,1,0,0,0,1,0,0,0,0,1,0,0,0,0,0,0,1,0,0,0,0,0,0,0
234,1982,Gandhi ,/wiki/Gandhi_(film),8.0,236045.0,"$52,767,889",0,0,0,1,0,0,0,1,0,0,0,0,1,0,0,0,0,0,0,0,0,0,0,0,0,0,0
235,1982,E.T. the Extra-Terrestrial,/wiki/E.T._the_Extra-Terrestrial,7.9,419529.0,"$792,910,554",0,1,0,0,0,0,0,0,1,0,0,0,0,0,0,0,0,0,0,0,1,0,0,0,0,0,0
236,1982,Missing ,/wiki/Missing_(1982_film),7.1,28473.0,"$48,568,018",0,0,0,0,0,0,0,1,0,0,0,0,0,0,0,0,1,0,0,0,0,0,0,0,1,0,0
237,1982,Tootsie,/wiki/Tootsie,7.4,110342.0,"$177,200,271",0,0,0,0,1,0,0,1,0,0,0,0,0,0,0,0,0,0,0,1,0,0,0,0,0,0,0
238,1982,The Verdict,/wiki/The_Verdict,7.7,42737.0,"$53,993,738",0,0,0,0,0,0,0,1,0,0,0,0,0,0,0,0,0,0,0,1,0,1,0,0,0,0,0
239,1983,Terms of Endearment,/wiki/Terms_of_Endearment,7.4,62572.0,"$108,423,749",0,0,0,0,1,0,0,1,0,0,0,0,0,0,0,0,1,0,0,0,0,0,0,0,0,0,0
240,1983,The Big Chill ,/wiki/The_Big_Chill_(film),7.1,39246.0,"$56,399,659",0,0,0,0,1,0,0,1,0,0,0,0,0,0,0,0,0,0,0,0,0,0,0,0,0,0,0
241,1983,The Dresser ,/wiki/The_Dresser_(1983_film),7.5,5467.0,"$5,310,748",0,0,0,0,0,0,0,1,0,0,0,0,0,0,0,0,0,0,0,0,0,0,0,0,0,0,0
242,1983,The Right Stuff ,/wiki/The_Right_Stuff_(film),7.8,63106.0,"$21,192,315",0,1,0,1,0,0,0,1,0,0,0,0,1,0,0,0,0,0,0,0,0,0,0,0,0,0,0
243,1983,Tender Mercies,/wiki/Tender_Mercies,7.3,11219.0,"$8,443,124",0,0,0,0,0,1,0,1,0,0,0,0,0,0,0,0,0,0,0,0,0,0,0,0,0,0,0
244,1984,Amadeus ,/wiki/Amadeus_(film),8.4,409043.0,"$52,066,791",0,0,0,1,0,0,0,1,0,0,0,0,0,0,1,0,0,0,0,0,0,0,0,0,0,0,0
245,1984,The Killing Fields ,/wiki/The_Killing_Fields_(film),7.8,57137.0,"$34,700,291",0,0,0,1,0,0,0,1,0,0,0,0,1,0,0,0,0,0,0,0,0,0,0,0,0,1,0
246,1984,A Passage to India ,/wiki/A_Passage_to_India_(film),7.3,19621.0,"$27,201,487",0,1,0,0,0,0,0,1,0,0,0,0,1,0,0,0,0,0,0,0,0,0,0,0,0,0,0
247,1984,Places in the Heart,/wiki/Places_in_the_Heart,7.4,12659.0,"$34,901,614",0,0,0,0,0,0,0,1,0,0,0,0,0,0,0,0,0,0,0,0,0,0,0,0,0,0,0
248,1984,A Soldier's Story,/wiki/A_Soldier%27s_Story,7.2,10773.0,"$21,821,347",0,0,0,0,0,1,0,1,0,0,0,0,0,0,0,0,1,0,0,0,0,0,0,0,0,0,0
249,1985,Out of Africa ,/wiki/Out_of_Africa_(film),7.1,82981.0,"$227,514,205",0,0,0,1,0,0,0,1,0,0,0,0,0,0,0,0,0,0,0,1,0,0,0,0,0,0,0
250,1985,Kiss of the Spider Woman ,/wiki/Kiss_of_the_Spider_Woman_(film),7.3,16686.0,"$17,009,654",0,0,0,0,0,0,0,1,0,0,0,0,0,0,0,0,0,0,0,0,0,0,0,0,0,0,0
251,1985,Prizzi's Honor,/wiki/Prizzi%27s_Honor,6.7,25391.0,"$26,657,534",0,0,0,0,1,1,0,1,0,0,0,0,0,0,0,0,0,0,0,0,0,0,0,0,0,0,0
252,1985,Witness ,/wiki/Witness_(1985_film),7.4,99282.0,"$68,706,993",0,0,0,0,0,0,0,1,0,0,0,0,0,0,0,0,0,0,0,1,0,0,0,0,1,0,0
253,1986,Platoon ,/wiki/Platoon_(film),8.1,422633.0,"$138,545,632",0,0,0,0,0,0,0,1,0,0,0,0,0,0,0,0,0,0,0,0,0,0,0,0,0,1,0
254,1986,Children of a Lesser God ,/wiki/Children_of_a_Lesser_God_(film),7.2,17827.0,"$31,853,080",0,0,0,0,0,0,0,1,0,0,0,0,0,0,0,0,0,0,0,1,0,0,0,0,0,0,0
255,1986,Hannah and Her Sisters,/wiki/Hannah_and_Her_Sisters,7.8,73255.0,"$40,084,041",0,0,0,0,1,0,0,1,0,0,0,0,0,0,0,0,0,0,0,0,0,0,0,0,0,0,0
256,1986,The Mission ,/wiki/The_Mission_(1986_film),7.4,63216.0,"$17,502,499",0,1,0,0,0,0,0,1,0,0,0,0,1,0,0,0,0,0,0,0,0,0,0,0,0,0,0
257,1986,A Room with a View ,/wiki/A_Room_with_a_View_(1985_film),7.2,45388.0,"$21,041,453",0,0,0,0,0,0,0,1,0,0,0,0,0,0,0,0,0,0,0,1,0,0,0,0,0,0,0
258,1987,The Last Emperor,/wiki/The_Last_Emperor,7.7,106875.0,"$43,993,869",0,0,0,1,0,0,0,1,0,0,0,0,1,0,0,0,0,0,0,0,0,0,0,0,0,0,0
259,1987,Broadcast News ,/wiki/Broadcast_News_(film),7.2,32519.0,"$67,331,309",0,0,0,0,1,0,0,1,0,0,0,0,0,0,0,0,0,0,0,1,0,0,0,0,0,0,0
260,1987,Fatal Attraction,/wiki/Fatal_Attraction,6.9,90756.0,"$320,145,693",0,0,0,0,1,0,0,1,1,0,0,0,0,0,0,0,0,0,0,0,0,0,0,0,0,0,0
261,1987,Hope and Glory ,/wiki/Hope_and_Glory_(film),7.3,13963.0,"$10,021,120",0,0,0,0,1,0,0,1,0,0,0,0,0,0,0,0,0,0,0,1,0,0,0,0,0,0,0
262,1987,Moonstruck,/wiki/Moonstruck,7.1,62814.0,"$80,642,217",0,0,0,0,0,1,0,1,0,0,0,0,0,1,0,0,0,0,0,0,0,0,0,0,0,0,0
263,1988,Rain Man,/wiki/Rain_Man,8.0,525305.0,"$354,825,435",0,0,0,0,1,0,0,0,0,0,0,0,0,0,0,0,0,0,0,0,0,0,0,1,0,0,0
264,1988,The Accidental Tourist ,/wiki/The_Accidental_Tourist_(film),6.7,16744.0,"$32,632,093",0,0,0,0,0,0,0,1,0,0,0,0,0,0,0,0,0,0,0,1,0,0,0,0,0,0,0
265,1988,Dangerous Liaisons,/wiki/Dangerous_Liaisons,7.6,72345.0,"$34,670,720",0,0,0,0,0,0,0,1,0,0,0,0,1,0,0,0,1,0,0,0,0,0,0,0,0,0,0
266,1988,Mississippi Burning,/wiki/Mississippi_Burning,7.8,103970.0,"$34,603,943",0,0,0,0,0,1,0,1,0,0,0,0,0,0,0,0,1,0,0,0,0,0,0,0,0,0,0
267,1988,Working Girl,/wiki/Working_Girl,6.8,59500.0,"$102,953,112",0,0,0,0,0,0,1,1,0,0,0,0,0,0,0,0,0,0,0,0,0,1,0,0,0,0,0
268,1989,Driving Miss Daisy,/wiki/Driving_Miss_Daisy,7.3,113308.0,"$145,793,296",0,0,0,0,1,0,0,1,0,0,0,0,0,0,0,0,0,0,0,1,0,0,0,0,0,0,0
269,1989,Born on the Fourth of July ,/wiki/Born_on_the_Fourth_of_July_(film),7.2,110794.0,"$161,001,698",0,0,0,1,0,0,0,1,0,0,0,0,0,0,0,0,0,0,0,0,0,0,0,0,0,1,0
270,1989,Dead Poets Society,/wiki/Dead_Poets_Society,8.1,507205.0,"$235,860,116",0,0,0,0,1,0,0,1,0,0,0,0,0,0,0,0,0,0,0,0,0,0,0,0,0,0,0
271,1989,Field of Dreams,/wiki/Field_of_Dreams,7.5,122493.0,"$84,431,625",0,1,0,0,0,0,1,0,1,0,0,0,0,0,0,0,0,0,0,0,0,0,0,0,0,0,0
272,1989,My Left Foot,/wiki/My_Left_Foot,8.0,46.0,"$14,743,391",1,0,0,0,1,0,0,1,0,0,0,0,0,0,0,0,0,0,0,0,0,0,0,0,0,0,0
273,1990,Dances with Wolves,/wiki/Dances_with_Wolves,8.0,275168.0,"$424,208,848",0,1,0,0,0,0,0,1,0,0,0,0,0,0,0,0,0,0,0,0,0,0,0,0,0,0,1
274,1990,Awakenings,/wiki/Awakenings,7.8,148174.0,"$52,096,475",1,0,0,0,0,0,0,1,0,0,0,0,0,0,0,0,0,0,0,0,1,0,0,0,0,0,0
275,1990,Ghost ,/wiki/Ghost_(1990_film),7.1,224994.0,"$505,703,557",0,0,0,0,0,0,0,1,0,1,0,0,0,0,0,0,0,0,0,1,0,0,0,0,1,0,0
276,1990,The Godfather Part III,/wiki/The_Godfather_Part_III,7.6,406431.0,"$136,861,392",0,0,0,0,0,1,0,1,0,0,0,0,0,0,0,0,0,0,0,0,0,0,0,0,0,0,0
277,1990,Goodfellas,/wiki/Goodfellas,6.9,25.0,"$47,036,784",0,0,0,1,0,1,0,1,0,0,0,0,0,0,0,0,0,0,0,0,0,0,0,0,0,0,0
278,1991,The Silence of the Lambs ,/wiki/The_Silence_of_the_Lambs_(film),8.6,1464229.0,"$272,742,922",0,0,0,0,0,1,0,1,0,0,0,0,0,0,0,0,0,0,0,0,0,0,0,0,1,0,0
279,1991,Beauty and the Beast ,/wiki/Beauty_and_the_Beast_(1991_film),7.1,318261.0,"$1,266,115,964",0,1,0,0,0,0,0,0,1,1,0,0,0,0,0,1,0,0,0,1,0,0,0,0,0,0,0
280,1991,Bugsy,/wiki/Bugsy,6.8,29959.0,"$49,114,016",0,0,0,1,0,1,0,1,0,0,0,0,0,0,0,0,0,0,0,0,0,0,0,0,0,0,0
281,1991,JFK ,/wiki/JFK_(film),8.0,161615.0,"$205,405,498",0,0,0,0,0,0,0,1,0,0,0,0,1,0,0,0,0,0,0,0,0,0,0,0,1,0,0
282,1991,The Prince of Tides,/wiki/The_Prince_of_Tides,6.8,18785.0,"$74,787,599",0,0,0,0,0,0,0,1,0,0,0,0,0,0,0,0,0,0,0,1,0,0,0,0,0,0,0
283,1992,Unforgiven,/wiki/Unforgiven,8.2,419562.0,"$159,167,799",0,0,0,0,0,1,0,1,0,0,0,0,0,0,0,0,0,0,0,0,0,1,0,0,0,0,0
284,1992,The Crying Game,/wiki/The_Crying_Game,7.2,57503.0,"$62,548,947",0,0,0,0,1,0,0,1,0,0,0,0,0,0,0,0,0,0,0,1,0,0,0,0,0,0,0
285,1992,A Few Good Men,/wiki/A_Few_Good_Men,7.7,272238.0,"$243,240,178",0,0,0,0,0,0,0,0,0,0,0,0,0,0,0,0,0,1,0,0,0,0,0,1,0,1,0
286,1992,Howards End ,/wiki/Howards_End_(film),7.4,34027.0,"$26,341,736",0,0,0,0,0,0,0,1,0,0,0,0,0,0,0,0,0,0,0,1,0,0,0,0,0,0,0
287,1992,Scent of a Woman ,/wiki/Scent_of_a_Woman_(1992_film),8.0,308964.0,"$134,095,253",0,0,0,0,0,0,0,1,0,0,0,0,0,0,0,0,0,0,0,0,0,0,0,0,0,0,0
288,1993,Schindler's List,/wiki/Schindler%27s_List,9.0,1380337.0,"$322,161,245",0,0,0,1,0,0,0,1,0,0,0,0,1,0,0,0,0,0,0,0,0,0,0,0,0,0,0
289,1993,The Fugitive ,/wiki/The_Fugitive_(1993_film),7.8,304022.0,"$368,875,760",1,0,0,0,0,1,0,1,0,0,0,0,0,0,0,0,1,0,0,0,0,0,0,0,1,0,0
290,1993,In the Name of the Father ,/wiki/In_the_Name_of_the_Father_(film),8.1,179554.0,"$65,796,862",0,0,0,1,0,1,0,1,0,0,0,0,0,0,0,0,0,0,0,0,0,0,0,0,0,0,0
291,1993,The Piano,/wiki/The_Piano,7.5,91080.0,"$40,185,556",0,0,0,0,0,0,0,1,0,0,0,0,0,0,0,1,0,0,0,0,0,1,0,0,0,0,0
292,1993,The Remains of the Day ,/wiki/The_Remains_of_the_Day_(film),7.8,78266.0,"$23,237,911",0,0,0,0,0,0,0,1,0,0,0,0,0,0,0,0,0,0,0,1,0,0,0,0,0,0,0
293,1994,Forrest Gump,/wiki/Forrest_Gump,8.8,2127602.0,"$678,226,465",0,0,0,0,0,0,1,0,1,0,0,0,1,0,0,0,0,0,0,0,0,0,0,0,0,0,0
294,1994,Four Weddings and a Funeral,/wiki/Four_Weddings_and_a_Funeral,7.1,158098.0,"$245,700,832",0,0,0,0,1,0,0,1,0,0,0,0,0,0,0,0,0,0,0,1,0,0,0,0,0,0,0
295,1994,Pulp Fiction,/wiki/Pulp_Fiction,8.9,2101050.0,"$213,928,762",0,0,0,0,1,0,0,0,0,0,0,0,0,0,0,0,0,0,1,0,0,0,0,1,0,0,0
296,1994,Quiz Show ,/wiki/Quiz_Show_(film),7.5,71373.0,"$24,822,619",0,0,0,1,0,0,0,1,0,0,0,0,1,0,0,0,0,0,0,0,0,0,0,0,0,0,0
297,1994,The Shawshank Redemption,/wiki/The_Shawshank_Redemption,9.3,2734155.0,"$28,884,504",0,0,0,0,1,0,0,0,0,0,0,0,0,0,0,0,0,0,0,0,0,0,0,1,0,0,0
298,1995,Braveheart,/wiki/Braveheart,8.4,1053011.0,"$213,216,216",0,0,0,0,1,0,1,0,0,0,0,0,1,0,0,0,0,0,0,0,0,0,0,0,0,0,0
299,1995,Apollo 13 ,/wiki/Apollo_13_(film),7.7,302775.0,"$355,237,933",0,1,0,0,0,0,0,1,0,0,0,0,1,0,0,0,0,0,0,0,0,0,0,0,0,0,0
300,1995,Babe ,/wiki/Babe_(film),6.9,129210.0,"$254,134,910",0,0,0,0,1,0,0,1,1,0,0,0,0,0,0,0,0,0,0,0,0,0,0,0,0,0,0
301,1995,Sense and Sensibility ,/wiki/Sense_and_Sensibility_(film),7.7,119907.0,"$134,582,776",0,0,0,0,0,0,0,1,0,0,0,0,0,0,0,0,0,0,0,1,0,0,0,0,0,0,0
302,1996,The English Patient ,/wiki/The_English_Patient_(film),7.4,194708.0,"$231,976,425",0,0,0,0,0,0,0,1,0,0,0,0,0,0,0,0,0,0,0,1,0,0,0,0,0,1,0
303,1996,Fargo ,/wiki/Fargo_(1996_film),8.9,382775.0,"$60,611,975",0,0,0,0,0,1,0,0,0,0,0,0,0,0,0,0,0,0,0,0,0,0,0,0,1,0,0
304,1996,Jerry Maguire,/wiki/Jerry_Maguire,7.3,274713.0,"$273,552,592",0,0,0,0,1,0,0,1,0,0,0,0,0,0,0,0,0,0,0,1,0,0,0,0,0,0,0
305,1996,Shine ,/wiki/Shine_(film),7.6,55253.0,"$35,999,081",0,0,0,1,0,0,0,1,0,0,0,0,0,0,1,0,0,0,0,1,0,0,0,0,0,0,0
306,1997,Titanic ,/wiki/Titanic_(1997_film),7.9,1217053.0,"$2,264,743,257",0,0,0,0,0,0,0,1,0,0,0,0,0,0,0,0,0,0,0,1,0,0,0,0,0,0,0
307,1997,As Good as It Gets,/wiki/As_Good_as_It_Gets,7.7,306485.0,"$314,178,011",0,0,0,0,1,0,0,1,0,0,0,0,0,0,0,0,0,0,0,1,0,0,0,0,0,0,0
308,1997,The Full Monty,/wiki/The_Full_Monty,7.2,109248.0,"$257,938,649",0,0,0,0,1,0,0,1,0,0,0,0,0,0,0,0,0,0,0,0,0,0,0,0,0,0,0
309,1997,Good Will Hunting,/wiki/Good_Will_Hunting,8.3,998916.0,"$225,933,435",1,1,0,0,1,0,0,0,0,0,0,0,0,0,0,0,0,0,0,0,0,0,0,0,0,0,0
310,1997,L.A. Confidential ,/wiki/L.A._Confidential_(film),8.2,592245.0,"$126,216,940",0,0,0,0,0,1,0,1,0,0,0,0,0,0,0,0,1,0,0,0,0,0,0,0,1,0,0
311,1998,Shakespeare in Love,/wiki/Shakespeare_in_Love,7.1,228967.0,"$289,317,794",0,0,0,0,1,0,0,1,0,0,0,0,1,0,0,0,0,0,0,0,0,0,0,0,0,0,0
312,1998,Elizabeth ,/wiki/Elizabeth_(film),7.4,102061.0,"$82,150,642",0,0,0,1,0,0,0,1,0,0,0,0,1,0,0,0,0,0,0,0,0,0,0,0,0,0,0
313,1998,Life Is Beautiful,/wiki/Life_Is_Beautiful,6.4,898.0,"$230,099,013",0,0,0,0,0,0,0,1,0,0,0,0,0,0,0,0,0,0,0,1,0,1,0,0,0,0,0
314,1998,Saving Private Ryan,/wiki/Saving_Private_Ryan,8.6,1418419.0,"$482,349,603",0,0,0,0,1,0,1,0,0,0,0,0,1,0,0,0,0,0,0,0,0,0,0,0,0,0,0
315,1998,The Thin Red Line ,/wiki/The_Thin_Red_Line_(1998_film),7.6,192494.0,"$98,126,565",0,0,0,0,0,0,0,1,0,0,0,0,1,0,0,0,0,0,0,0,0,0,0,0,0,1,0
316,1999,American Beauty ,/wiki/American_Beauty_(1999_film),8.3,1171981.0,"$356,296,601",0,0,0,0,0,0,0,1,0,0,0,0,0,0,0,0,0,0,0,0,0,0,0,0,0,0,0
317,1999,The Cider House Rules ,/wiki/The_Cider_House_Rules_(film),7.4,102011.0,"$88,545,092",0,0,0,0,0,0,0,1,0,0,0,0,0,0,0,0,0,0,0,1,0,0,0,0,0,0,0
318,1999,The Green Mile ,/wiki/The_Green_Mile_(film),8.6,1331825.0,"$286,801,374",0,0,0,0,0,1,0,1,0,1,0,0,0,0,0,0,1,0,0,0,0,0,0,0,0,0,0
319,1999,The Insider ,/wiki/The_Insider_(film),7.8,174681.0,"$60,289,912",0,0,0,1,0,0,0,1,0,0,0,0,0,0,0,0,0,0,0,0,0,0,0,0,1,0,0
320,1999,The Sixth Sense,/wiki/The_Sixth_Sense,8.2,1008296.0,"$672,806,432",0,0,0,0,0,0,0,1,0,0,0,0,0,0,0,0,1,0,0,0,0,0,0,0,1,0,0
321,2000,Gladiator ,/wiki/Gladiator_(2000_film),8.5,1532742.0,"$503,162,313",1,1,0,0,0,0,0,1,0,0,0,0,0,0,0,0,0,0,0,0,0,0,0,0,0,0,0
322,2000,Chocolat ,/wiki/Chocolat_(2000_film),7.3,195845.0,"$152,700,626",0,0,0,0,0,0,0,1,0,0,0,0,0,0,0,0,0,0,0,1,0,0,0,0,0,0,0
323,2000,"Crouching Tiger, Hidden Dragon","/wiki/Crouching_Tiger,_Hidden_Dragon",8.0,1486.0,"$213,977,285",1,1,0,0,0,0,0,1,0,0,0,0,0,0,0,0,0,0,0,0,0,0,0,0,0,0,0
324,2000,Erin Brockovich ,/wiki/Erin_Brockovich_(film),7.4,206398.0,"$256,271,286",0,0,0,1,0,0,0,1,0,0,0,0,0,0,0,0,0,0,0,0,0,0,0,0,0,0,0
325,2000,Traffic ,/wiki/Traffic_(2000_film),7.6,212423.0,"$207,515,725",0,0,0,0,0,1,0,1,0,0,0,0,0,0,0,0,0,0,0,0,0,0,0,0,1,0,0
326,2001,A Beautiful Mind ,/wiki/A_Beautiful_Mind_(film),8.2,948735.0,"$316,791,257",0,0,0,1,0,0,0,1,0,0,0,0,0,0,0,0,0,0,0,0,0,0,0,0,0,0,0
327,2001,Gosford Park,/wiki/Gosford_Park,7.2,90392.0,"$87,754,044",0,0,0,0,1,0,0,1,0,0,0,0,0,0,0,0,1,0,0,0,0,0,0,0,0,0,0
328,2001,In the Bedroom,/wiki/In_the_Bedroom,7.4,40938.0,"$44,763,181",0,0,0,0,1,0,0,1,0,0,0,0,0,0,0,0,0,0,0,0,0,1,0,0,0,0,0
329,2001,The Lord of the Rings: The Fellowship of the Ring,/wiki/The_Lord_of_the_Rings:_The_Fellowship_of_the_Ring,8.8,1909585.0,"$898,204,420",1,1,0,0,0,0,0,0,0,1,0,0,0,0,0,0,0,0,0,0,0,0,0,0,0,0,0
330,2001,Moulin Rouge!,/wiki/Moulin_Rouge!,7.6,290703.0,"$184,935,320",0,0,0,0,0,0,0,1,0,0,0,0,0,0,0,1,0,0,0,1,0,0,0,0,0,0,0
331,2002,Chicago ,/wiki/Chicago_(2002_film),8.0,59923.0,"$306,776,732",0,0,0,0,1,1,0,0,0,0,0,0,0,0,0,1,0,0,0,0,0,0,0,0,0,0,0
332,2002,Gangs of New York,/wiki/Gangs_of_New_York,7.5,452792.0,"$193,772,504",0,0,0,0,0,0,1,0,0,0,0,0,1,0,0,0,0,0,0,0,0,0,0,0,0,0,0
333,2002,The Hours ,/wiki/The_Hours_(film),7.5,134755.0,"$108,846,072",0,0,0,0,0,0,0,1,0,0,0,0,0,0,0,0,0,0,0,1,0,0,0,0,0,0,0
334,2002,The Lord of the Rings: The Two Towers,/wiki/The_Lord_of_the_Rings:_The_Two_Towers,8.8,1697780.0,"$947,944,270",1,1,0,0,0,0,0,1,0,0,0,0,0,0,0,0,0,0,0,0,0,0,0,0,0,0,0
335,2002,The Pianist ,/wiki/The_Pianist_(2002_film),8.5,853771.0,"$120,072,577",0,0,0,1,0,0,0,1,0,0,0,0,0,0,1,0,0,0,0,0,0,0,0,0,0,1,0
336,2003,The Lord of the Rings: The Return of the King,/wiki/The_Lord_of_the_Rings:_The_Return_of_the_King,9.0,1880701.0,"$1,147,633,833",1,1,0,0,0,0,0,1,0,0,0,0,0,0,0,0,0,0,0,0,0,0,0,0,0,0,0
337,2003,Lost in Translation ,/wiki/Lost_in_Translation_(film),7.7,466486.0,"$118,686,937",0,0,0,0,1,0,0,1,0,0,0,0,0,0,0,0,0,0,0,0,0,0,0,0,0,0,0
338,2003,Master and Commander: The Far Side of the World,/wiki/Master_and_Commander:_The_Far_Side_of_the_World,7.4,227829.0,"$211,622,535",1,1,0,0,0,0,0,1,0,0,0,0,0,0,0,0,0,0,0,0,0,0,0,0,0,0,0
339,2003,Mystic River ,/wiki/Mystic_River_(film),7.9,466921.0,"$156,595,191",0,0,0,0,0,1,0,1,0,0,0,0,0,0,0,0,1,0,0,0,0,0,0,0,1,0,0
340,2003,Seabiscuit ,/wiki/Seabiscuit_(film),7.3,74983.0,"$148,336,445",0,0,0,0,0,0,0,1,0,0,0,0,1,0,0,0,0,0,0,0,0,0,1,0,0,0,0
341,2004,Million Dollar Baby,/wiki/Million_Dollar_Baby,8.1,698263.0,"$216,763,646",0,0,0,0,1,0,0,1,0,0,0,0,0,0,1,0,0,0,0,0,0,0,0,0,0,0,0
342,2004,The Aviator ,/wiki/The_Aviator_(2004_film),7.5,370586.0,"$213,719,942",0,0,0,1,0,0,0,1,0,0,0,0,0,0,0,0,0,0,0,0,0,0,0,0,0,0,0
343,2004,Finding Neverland ,/wiki/Finding_Neverland_(film),7.7,208829.0,"$116,650,613",0,0,0,1,0,0,0,1,1,0,0,0,0,0,0,0,0,0,0,0,0,0,0,0,0,0,0
344,2004,Ray ,/wiki/Ray_(film),8.3,89664.0,"$123,971,376",0,0,0,1,0,0,0,1,0,0,0,0,0,0,1,0,0,0,0,0,0,0,0,0,0,0,0
345,2004,Sideways,/wiki/Sideways,7.5,195732.0,"$109,706,931",0,0,0,0,0,1,0,1,0,0,0,0,0,0,0,0,1,0,0,0,0,0,0,0,0,0,0
346,2005,Crash ,/wiki/Crash_(2004_film),6.4,63233.0,"$2,671,855",0,0,0,0,0,0,0,1,0,0,0,0,0,0,0,0,0,0,0,0,0,0,0,0,0,0,0
347,2005,Brokeback Mountain,/wiki/Brokeback_Mountain,7.7,366493.0,"$178,062,759",0,0,1,0,1,0,0,0,0,0,0,0,0,0,0,0,0,0,0,0,0,1,0,0,0,0,0
348,2005,Capote ,/wiki/Capote_(film),7.3,136266.0,"$49,327,405",0,0,0,1,0,1,0,1,0,0,0,0,1,0,0,0,0,0,0,0,0,0,0,0,0,0,0
349,2005,"Good Night, and Good Luck","/wiki/Good_Night,_and_Good_Luck",7.4,99444.0,"$54,641,191",0,0,0,0,0,0,0,1,0,0,0,0,0,0,0,0,0,0,0,0,0,0,0,0,0,0,0
350,2005,Munich ,/wiki/Munich_(2005_film),7.5,231817.0,"$130,982,129",1,0,0,0,0,0,0,1,0,0,0,0,1,0,0,0,0,0,0,0,0,0,0,0,1,0,0
351,2006,The Departed,/wiki/The_Departed,8.5,1351191.0,"$291,480,452",0,0,0,0,0,1,0,1,0,0,0,0,0,0,0,0,0,0,0,0,0,0,0,0,1,0,0
352,2006,Babel ,/wiki/Babel_(film),7.5,308766.0,"$135,330,182",0,0,0,0,0,0,0,1,0,0,0,0,0,0,0,0,0,0,0,0,0,0,0,0,0,0,0
353,2006,Letters from Iwo Jima,/wiki/Letters_from_Iwo_Jima,7.9,165887.0,"$68,673,228",1,1,0,0,0,0,0,1,0,0,0,0,0,0,0,0,0,0,0,0,0,0,0,0,0,0,0
354,2006,Little Miss Sunshine,/wiki/Little_Miss_Sunshine,7.8,493690.0,"$101,058,954",0,0,1,0,0,0,0,0,1,0,0,0,0,0,0,0,0,0,0,0,0,1,0,0,0,0,0
355,2006,The Queen ,/wiki/The_Queen_(2006_film),8.6,487015.0,"$124,923,153",0,0,0,1,0,0,0,1,0,0,0,0,0,0,0,0,0,0,0,0,0,0,0,0,0,0,0
356,2007,No Country for Old Men,/wiki/No_Country_for_Old_Men,8.2,997439.0,"$171,627,434",0,0,1,0,1,0,0,0,0,0,0,0,0,0,0,0,0,0,0,0,0,1,0,0,0,0,0
357,2007,Atonement ,/wiki/Atonement_(2007_film),7.8,286842.0,"$131,016,624",0,0,0,0,0,0,0,1,0,0,0,0,0,0,0,0,1,0,0,1,0,0,0,0,0,1,0
358,2007,Juno ,/wiki/Juno_(film),7.5,532244.0,"$232,372,681",0,0,0,0,1,0,0,1,0,0,0,0,0,0,0,0,0,0,0,0,0,0,0,0,0,0,0
359,2007,Michael Clayton ,/wiki/Michael_Clayton_(film),7.2,169507.0,"$92,991,835",0,0,0,0,0,1,0,1,0,0,0,0,0,0,0,0,1,0,0,0,0,0,0,0,1,0,0
360,2007,There Will Be Blood,/wiki/There_Will_Be_Blood,8.2,600122.0,"$76,182,388",1,1,0,0,0,0,0,1,0,0,0,0,0,0,0,0,0,0,0,0,0,0,0,0,0,0,0
361,2008,Slumdog Millionaire,/wiki/Slumdog_Millionaire,8.0,857226.0,"$378,410,542",0,0,0,0,0,1,0,1,0,0,0,0,0,0,0,0,0,0,0,1,0,0,0,0,0,0,0
362,2008,The Curious Case of Benjamin Button ,/wiki/The_Curious_Case_of_Benjamin_Button_(film),7.8,666645.0,"$335,802,786",0,0,0,0,0,0,0,1,0,1,0,0,0,0,0,0,0,0,0,1,0,0,0,0,0,0,0
363,2008,Frost/Nixon ,/wiki/Frost/Nixon_(film),7.7,110097.0,"$27,426,335",0,0,0,1,0,0,0,1,0,0,0,0,1,0,0,0,0,0,0,0,0,0,0,0,0,0,0
364,2008,Milk ,/wiki/Milk_(2008_American_film),7.5,176098.0,"$54,589,558",0,0,0,1,0,0,0,1,0,0,0,0,1,0,0,0,0,0,0,0,0,0,0,0,0,0,0
365,2008,The Reader ,/wiki/The_Reader_(2008_film),7.6,251339.0,"$108,902,486",0,0,0,0,0,0,0,1,0,0,0,0,0,0,0,0,0,0,0,1,0,0,0,0,0,0,0
366,2009,The Hurt Locker,/wiki/The_Hurt_Locker,7.5,460137.0,"$49,259,766",0,0,0,0,0,0,0,1,0,0,0,0,0,0,0,0,0,0,0,0,0,0,0,0,1,1,0
367,2009,Avatar ,/wiki/Avatar_(2009_film),7.7,376925.0,"$2,923,706,026",1,1,0,0,0,0,0,0,0,1,0,0,0,0,0,0,0,0,0,0,1,0,0,0,0,0,0
368,2009,The Blind Side ,/wiki/The_Blind_Side_(film),7.6,343450.0,"$309,231,694",0,0,0,1,0,0,0,1,0,0,0,0,0,0,0,0,0,0,0,0,0,0,1,0,0,0,0
369,2009,District 9,/wiki/District_9,7.9,693223.0,"$210,888,950",1,0,0,0,0,0,0,0,0,0,0,0,0,0,0,0,0,0,0,0,1,0,0,0,1,0,0
370,2009,An Education,/wiki/An_Education,7.3,136065.0,"$26,096,852",0,0,0,0,1,0,0,1,0,0,0,0,0,0,0,0,0,0,0,1,0,0,0,0,0,0,0
371,2009,Inglourious Basterds,/wiki/Inglourious_Basterds,8.3,1485428.0,"$321,457,747",0,1,0,0,0,0,0,1,0,0,0,0,0,0,0,0,0,0,0,0,0,0,0,0,0,1,0
372,2009,Precious ,/wiki/Precious_(film),7.3,113275.0,"$63,649,529",0,0,0,0,0,0,0,1,0,0,0,0,0,0,0,0,0,0,0,0,0,0,0,0,0,0,0
373,2009,A Serious Man,/wiki/A_Serious_Man,7.0,145663.0,"$31,430,334",0,0,0,0,1,0,0,1,0,0,0,0,0,0,0,0,0,0,0,0,0,0,0,0,0,0,0
374,2009,Up ,/wiki/Up_(2009_film),8.3,1066883.0,"$735,099,102",0,1,1,0,1,0,0,1,1,0,0,0,0,0,0,0,0,0,0,0,0,0,0,0,0,0,0
375,2009,Up in the Air ,/wiki/Up_in_the_Air_(2009_film),7.4,341623.0,"$166,842,739",0,0,0,0,1,0,0,1,0,0,0,0,0,0,0,0,0,0,0,1,0,0,0,0,0,0,0
376,2010,The King's Speech,/wiki/The_King%27s_Speech,8.0,690511.0,"$484,068,861",0,0,0,1,0,0,0,1,0,0,0,0,1,0,0,0,0,0,0,0,0,0,0,0,0,0,0
377,2010,Black Swan ,/wiki/Black_Swan_(film),8.0,787178.0,"$329,398,046",0,0,0,0,0,0,0,1,0,0,0,0,0,0,0,0,0,0,0,0,0,0,0,0,1,0,0
378,2010,The Fighter,/wiki/The_Fighter,7.8,376098.0,"$129,190,869",1,1,0,0,0,0,0,0,0,1,0,0,0,0,0,0,0,0,0,0,0,0,0,0,0,0,0
379,2010,Inception,/wiki/Inception,8.8,2403153.0,"$870,110,523",0,0,0,0,1,0,0,0,0,0,0,0,0,0,0,0,0,0,1,0,0,0,0,1,0,0,0
380,2010,The Kids Are All Right ,/wiki/The_Kids_Are_All_Right_(film),7.0,132207.0,"$34,758,951",0,0,0,0,1,0,0,1,0,0,0,0,0,0,0,0,0,0,0,1,0,0,0,0,0,0,0
381,2010,127 Hours,/wiki/127_Hours,7.5,385614.0,"$60,738,797",0,0,0,0,0,0,1,0,0,0,0,0,0,0,0,0,0,1,0,0,0,0,0,0,0,0,0
382,2010,The Social Network,/wiki/The_Social_Network,7.8,720689.0,"$224,920,375",0,0,0,0,1,0,0,1,0,0,0,1,0,0,0,0,0,0,0,0,0,0,0,0,0,0,0
383,2010,Toy Story 3,/wiki/Toy_Story_3,8.3,852115.0,"$1,067,316,101",0,0,0,0,1,0,0,0,1,0,0,0,0,0,0,0,0,0,0,0,0,1,0,0,0,0,0
384,2010,True Grit ,/wiki/True_Grit_(2010_film),7.6,346416.0,"$252,276,927",0,0,0,0,0,0,0,1,0,0,0,0,0,0,0,0,0,0,0,0,0,0,0,0,0,0,1
385,2010,Winter's Bone,/wiki/Winter%27s_Bone,7.1,145733.0,"$13,796,834",0,0,0,0,0,0,0,1,0,0,0,0,0,0,0,0,1,0,0,0,0,0,0,0,0,0,0
386,2011,The Artist ,/wiki/The_Artist_(film),7.9,244636.0,"$133,471,171",0,0,0,0,1,0,0,1,0,0,0,0,0,0,0,0,0,0,0,1,0,0,0,0,0,0,0
387,2011,The Descendants,/wiki/The_Descendants,7.3,245160.0,"$177,243,185",0,0,0,1,0,0,1,0,0,0,0,0,1,0,0,0,0,0,0,0,0,0,0,0,0,0,0
388,2011,Extremely Loud & Incredibly Close ,/wiki/Extremely_Loud_%26_Incredibly_Close_(film),6.9,103510.0,"$55,247,881",0,1,0,0,0,0,0,1,0,0,0,0,0,0,0,0,1,0,0,0,0,0,0,0,0,0,0
389,2011,The Help ,/wiki/The_Help_(film),8.1,471448.0,"$216,639,112",0,0,0,0,0,0,0,1,0,0,0,0,0,0,0,0,0,0,0,0,0,0,0,0,0,0,0
390,2011,Hugo ,/wiki/Hugo_(film),7.5,328364.0,"$185,770,310",0,1,0,0,0,0,0,1,1,1,0,0,0,0,0,0,1,0,0,0,0,0,0,0,0,0,0
391,2011,Midnight in Paris,/wiki/Midnight_in_Paris,7.7,433605.0,"$151,672,318",0,0,0,0,1,0,1,1,0,0,0,0,0,0,0,0,0,0,0,0,0,0,0,0,0,0,0
392,2011,Moneyball ,/wiki/Moneyball_(film),7.6,438146.0,"$110,206,216",0,0,0,1,0,0,0,1,0,0,0,0,0,0,0,0,0,0,0,0,0,0,1,0,0,0,0
393,2011,The Tree of Life ,/wiki/The_Tree_of_Life_(film),6.8,180237.0,"$58,409,247",0,0,0,0,0,0,0,1,0,1,0,0,0,0,0,0,0,0,0,0,0,0,0,0,0,0,0
394,2011,War Horse ,/wiki/War_Horse_(film),7.2,161086.0,"$177,584,879",1,1,0,0,0,0,0,1,0,0,0,0,1,0,0,0,0,0,0,0,0,0,0,0,0,1,0
395,2012,Argo ,/wiki/Argo_(2012_film),7.7,624042.0,"$232,325,503",0,0,0,1,0,0,0,1,0,0,0,0,0,0,0,0,0,0,0,0,0,0,0,0,1,0,0
396,2012,Amour ,/wiki/Amour_(2012_film),7.6,5848.0,"$29,664,140",0,0,0,0,0,0,0,1,0,0,0,0,0,0,0,0,0,0,0,0,0,0,0,0,0,0,0
397,2012,Beasts of the Southern Wild,/wiki/Beasts_of_the_Southern_Wild,7.2,84059.0,"$21,107,746",0,1,0,0,0,0,0,1,0,1,0,0,0,0,0,0,0,0,0,0,0,0,0,0,0,0,0
398,2012,Django Unchained,/wiki/Django_Unchained,8.4,1592500.0,"$426,074,373",0,0,0,0,0,0,0,1,0,0,0,0,0,0,0,0,0,0,0,0,0,0,0,0,0,0,1
399,2012,Life of Pi ,/wiki/Life_of_Pi_(film),7.9,644279.0,"$609,016,565",0,1,0,0,0,0,0,1,0,1,0,0,0,0,0,0,0,0,0,0,0,0,0,0,0,0,0
400,2012,Lincoln ,/wiki/Lincoln_(film),7.3,265354.0,"$275,293,450",0,0,0,1,0,0,0,1,0,0,0,0,1,0,0,0,0,0,0,0,0,0,0,0,0,1,0
401,2012,Les Mis√©rables ,/wiki/Les_Mis%C3%A9rables_(2012_film),7.5,336046.0,"$54,465,930",0,0,0,0,0,1,0,1,0,0,0,0,0,0,0,0,0,0,0,0,0,0,0,0,1,0,0
402,2012,Silver Linings Playbook,/wiki/Silver_Linings_Playbook,7.7,720058.0,"$236,412,453",0,0,0,0,1,0,0,1,0,0,0,0,0,0,0,0,0,0,0,1,0,0,0,0,0,0,0
403,2012,Zero Dark Thirty,/wiki/Zero_Dark_Thirty,7.4,308187.0,"$132,820,716",0,0,0,0,1,0,1,0,0,0,0,0,0,0,0,0,1,0,0,0,0,0,0,0,0,0,0
404,2013,12 Years a Slave ,/wiki/12_Years_a_Slave_(film),8.1,714599.0,"$187,733,202",0,0,0,1,0,0,0,1,0,0,0,0,1,0,0,0,0,0,0,0,0,0,0,0,0,0,0
405,2013,American Hustle,/wiki/American_Hustle,7.2,487634.0,"$251,171,807",0,0,0,0,0,0,0,0,0,0,0,0,0,0,0,0,0,0,1,0,0,0,0,1,0,0,0
406,2013,Captain Phillips ,/wiki/Captain_Phillips_(film),7.8,472252.0,"$218,791,811",1,0,0,1,0,1,0,1,0,0,0,0,0,0,0,0,0,0,0,0,0,0,0,0,1,0,0
407,2013,Dallas Buyers Club,/wiki/Dallas_Buyers_Club,7.9,498957.0,"$55,198,285",0,0,0,0,1,0,0,0,0,0,0,0,0,0,0,0,0,0,0,0,0,0,0,1,0,0,0
408,2013,Gravity ,/wiki/Gravity_(2013_film),7.7,839661.0,"$748,049,949",0,0,0,0,0,0,0,1,0,0,0,0,0,0,0,0,0,0,0,0,1,0,0,0,1,0,0
409,2013,Her ,/wiki/Her_(film),8.0,634291.0,"$48,517,427",0,0,0,0,0,0,0,1,0,0,0,0,0,0,0,0,0,0,0,1,1,0,0,0,0,0,0
410,2013,Nebraska ,/wiki/Nebraska_(film),7.7,120183.0,"$27,682,872",0,0,0,0,0,0,0,1,0,0,0,0,0,0,0,0,0,0,0,0,0,0,0,0,0,0,0
411,2013,Philomena ,/wiki/Philomena_(film),7.6,101853.0,"$100,129,872",0,0,0,1,1,0,0,1,0,0,0,0,0,0,0,0,0,0,0,0,0,0,0,0,0,0,0
412,2013,The Wolf of Wall Street ,/wiki/The_Wolf_of_Wall_Street_(2013_film),8.2,1458210.0,"$406,878,233",0,0,0,1,1,1,0,1,0,0,0,0,0,0,0,0,0,0,0,0,0,0,0,0,0,0,0
413,2014,Birdman ,/wiki/Birdman_(film),7.7,644522.0,"$103,215,094",0,0,0,0,1,0,0,1,0,0,0,0,0,0,0,0,0,0,0,0,0,0,0,0,0,0,0
414,2014,American Sniper,/wiki/American_Sniper,7.3,500701.0,"$547,459,020",1,0,0,1,0,0,0,1,0,0,0,0,0,0,0,0,0,0,0,0,0,0,0,0,0,0,0
415,2014,Boyhood ,/wiki/Boyhood_(2014_film),7.9,359742.0,"$48,137,666",0,0,0,0,0,0,0,1,0,0,0,0,0,0,0,0,0,0,0,0,0,0,0,0,0,0,0
416,2014,The Grand Budapest Hotel,/wiki/The_Grand_Budapest_Hotel,8.1,834412.0,"$173,082,189",0,1,0,0,1,1,0,0,0,0,0,0,0,0,0,0,0,0,0,0,0,0,0,0,0,0,0
417,2014,The Imitation Game,/wiki/The_Imitation_Game,8.0,786691.0,"$233,555,708",0,0,0,0,1,0,0,1,0,0,0,1,0,0,0,0,0,0,0,0,0,0,0,0,0,0,0
418,2014,Selma ,/wiki/Selma_(film),7.5,93187.0,"$67,782,762",0,0,0,1,0,0,0,1,0,0,0,0,1,0,0,0,0,0,0,0,0,0,0,0,0,0,0
419,2014,The Theory of Everything ,/wiki/The_Theory_of_Everything_(2014_film),7.7,462950.0,"$123,726,688",0,0,0,1,0,0,0,1,0,0,0,0,0,0,0,0,0,0,0,1,0,0,0,0,0,0,0
420,2014,Whiplash ,/wiki/Whiplash_(2014_film),8.5,900884.0,"$49,396,747",0,0,0,0,0,0,0,1,0,0,0,0,0,0,1,0,0,0,0,0,0,0,0,0,0,0,0
421,2015,Spotlight ,/wiki/Spotlight_(film),8.1,481249.0,"$98,690,254",0,0,0,1,0,1,0,1,0,0,0,0,0,0,0,0,0,0,0,0,0,0,0,0,0,0,0
422,2015,The Big Short ,/wiki/The_Big_Short_(film),7.8,445748.0,"$133,440,870",0,0,0,1,1,0,0,1,0,0,0,0,1,0,0,0,0,0,0,0,0,0,0,0,0,0,0
423,2015,Bridge of Spies ,/wiki/Bridge_of_Spies_(film),7.6,317865.0,"$165,478,348",0,0,0,0,0,0,0,1,0,0,0,0,1,0,0,0,0,0,0,0,0,0,0,0,1,1,0
424,2015,Brooklyn ,/wiki/Brooklyn_(film),8.4,331758.0,"$62,402,155",0,0,0,0,0,0,0,1,0,0,0,0,0,0,0,0,0,0,0,1,0,0,0,0,0,0,0
425,2015,Mad Max: Fury Road,/wiki/Mad_Max:_Fury_Road,8.1,1025879.0,"$415,261,382",1,1,0,0,0,0,0,0,0,0,0,0,0,0,0,0,0,0,0,0,1,0,0,0,0,0,0
426,2015,The Martian ,/wiki/The_Martian_(film),8.0,877293.0,"$630,620,818",0,1,0,0,0,0,0,1,0,0,0,0,0,0,0,0,0,0,0,0,1,0,0,0,0,0,0
427,2015,The Revenant ,/wiki/The_Revenant_(2015_film),8.0,826071.0,"$532,950,503",1,1,0,0,0,0,0,1,0,0,0,0,0,0,0,0,0,0,0,0,0,0,0,0,0,0,1
428,2015,Room ,/wiki/Room_(2015_film),8.1,430907.0,"$35,401,758",0,0,0,0,0,0,0,1,0,0,0,0,0,0,0,0,0,0,0,0,0,0,0,0,1,0,0
429,2016,Moonlight ,/wiki/Moonlight_(2016_film),7.4,317509.0,"$65,172,611",0,0,0,0,0,0,0,1,0,0,0,0,0,0,0,0,0,0,0,0,0,0,0,0,0,0,0
430,2016,Arrival ,/wiki/Arrival_(film),7.9,716903.0,"$203,388,186",0,0,0,0,0,0,0,1,0,0,0,0,0,0,0,0,1,0,0,0,1,0,0,0,0,0,0
431,2016,Fences ,/wiki/Fences_(film),7.2,111985.0,"$64,414,761",0,0,0,0,0,0,0,1,0,0,0,0,0,0,0,0,0,0,0,0,0,0,0,0,0,0,0
432,2016,Hacksaw Ridge,/wiki/Hacksaw_Ridge,8.1,546213.0,"$180,563,636",0,0,0,1,0,0,0,1,0,0,0,0,1,0,0,0,0,0,0,0,0,0,0,0,0,0,0
433,2016,Hell or High Water ,/wiki/Hell_or_High_Water_(2016_film),7.6,238437.0,"$37,999,675",0,0,0,0,0,1,0,1,0,0,0,0,0,0,0,0,0,0,0,0,0,0,0,0,1,0,1
434,2016,Hidden Figures,/wiki/Hidden_Figures,7.8,239571.0,"$235,956,898",0,0,0,0,1,0,0,1,0,0,0,1,0,0,0,0,0,0,0,0,0,0,0,0,0,0,0
435,2016,La La Land,/wiki/La_La_Land,8.0,612272.0,"$471,983,281",0,0,0,0,1,0,0,1,0,0,0,0,0,0,0,0,0,0,0,1,0,0,0,0,0,0,0
436,2016,Lion ,/wiki/Lion_(2016_film),8.0,242287.0,"$140,853,810",0,0,0,1,0,0,0,1,0,0,0,0,0,0,0,0,0,0,0,0,0,0,0,0,0,0,0
437,2016,Manchester by the Sea ,/wiki/Manchester_by_the_Sea_(film),7.8,292956.0,"$78,988,148",0,0,0,0,0,0,0,1,0,0,0,0,0,0,0,0,0,0,0,0,0,0,0,0,0,0,0
438,2017,The Shape of Water,/wiki/The_Shape_of_Water,7.3,430989.0,"$195,333,312",0,0,0,0,1,0,0,1,0,0,0,0,0,0,0,0,0,0,0,0,1,0,0,0,0,0,0
439,2017,Call Me by Your Name ,/wiki/Call_Me_by_Your_Name_(film),7.8,287315.0,"$43,143,046",0,0,0,0,0,0,0,1,0,0,0,0,0,0,0,0,0,0,0,1,0,0,0,0,0,0,0
440,2017,Darkest Hour ,/wiki/Darkest_Hour_(film),7.4,208954.0,"$150,847,274",0,0,0,1,0,0,0,1,0,0,0,0,0,0,0,0,0,0,0,0,0,0,0,0,0,1,0
441,2017,Dunkirk ,/wiki/Dunkirk_(2017_film),7.8,680423.0,"$527,016,307",1,0,0,0,0,0,0,1,0,0,0,0,1,0,0,0,0,0,0,0,0,0,0,0,1,1,0
442,2017,Get Out,/wiki/Get_Out,7.7,636853.0,"$255,745,157",0,0,1,0,1,1,0,0,0,0,0,0,0,0,0,0,0,0,0,0,0,0,0,0,0,0,0
443,2017,Lady Bird ,/wiki/Lady_Bird_(film),7.4,303288.0,"$78,986,478",0,0,0,0,1,0,0,1,0,0,0,0,0,0,0,0,0,0,0,0,0,0,0,0,0,0,0
444,2017,Phantom Thread,/wiki/Phantom_Thread,7.4,137552.0,"$48,706,552",0,0,0,0,1,0,0,0,0,0,0,0,0,0,0,0,0,1,0,0,0,0,0,0,0,0,0
445,2017,The Post ,/wiki/The_Post_(film),7.2,156014.0,"$193,764,664",0,0,0,1,0,0,0,1,0,0,0,0,1,0,0,0,0,0,0,0,0,0,0,0,1,1,0
446,2017,"Three Billboards Outside Ebbing, Missouri","/wiki/Three_Billboards_Outside_Ebbing,_Missouri",8.1,523880.0,"$162,861,289",0,0,0,0,1,1,0,1,0,0,0,0,0,0,0,0,0,0,0,0,0,0,0,0,0,0,0
447,2018,Green Book ,/wiki/Green_Book_(film),8.2,516910.0,"$321,752,656",0,0,0,1,1,0,0,1,0,0,0,0,0,0,1,0,0,0,0,0,0,0,0,0,0,0,0
448,2018,Black Panther ,/wiki/Black_Panther_(film),6.7,264664.0,"$1,349,926,083",1,1,0,0,0,0,0,0,0,0,0,0,0,0,0,0,0,0,0,0,1,0,0,0,0,0,0
449,2018,BlacKkKlansman,/wiki/BlacKkKlansman,7.5,272849.0,"$93,413,709",0,0,0,1,1,1,0,0,0,0,0,0,0,0,0,0,0,0,0,0,0,0,0,0,0,0,0
450,2018,Bohemian Rhapsody ,/wiki/Bohemian_Rhapsody_(film),7.9,554739.0,"$910,809,311",0,0,0,1,0,0,0,1,0,0,0,0,0,0,1,0,0,0,0,0,0,0,0,0,0,0,0
451,2018,The Favourite,/wiki/The_Favourite,7.5,207297.0,"$95,918,706",0,0,0,0,0,0,0,1,1,0,0,0,0,0,0,0,0,0,0,1,0,0,0,0,0,0,0
452,2018,Roma ,/wiki/Roma_(2018_film),7.7,163385.0,"$1,140,769",0,0,0,0,0,0,0,1,0,0,0,0,0,0,0,0,0,0,0,0,0,0,0,0,0,0,0
453,2018,A Star Is Born ,/wiki/A_Star_Is_Born_(2018_film),7.6,396752.0,"$436,233,122",0,0,0,0,0,0,0,1,0,0,0,0,0,0,1,0,0,0,0,1,0,0,0,0,0,0,0
454,2018,Vice ,/wiki/Vice_(2018_film),7.2,153327.0,"$76,073,488",0,0,0,1,1,0,0,1,0,0,0,0,0,0,0,0,0,0,0,0,0,0,0,0,0,0,0
455,2019,Parasite ,/wiki/Parasite_(2019_film),8.5,850243.0,"$40,283,786",0,0,0,0,0,0,0,0,0,0,0,0,0,1,0,0,1,0,0,0,1,0,0,0,0,0,0
456,2019,Ford v Ferrari,/wiki/Ford_v_Ferrari,8.1,414412.0,"$225,508,210",1,0,0,1,0,0,0,1,0,0,0,0,0,0,0,0,0,0,0,0,0,0,0,0,0,0,0
457,2019,The Irishman,/wiki/The_Irishman,7.8,401561.0,"$968,853",0,0,0,1,0,1,0,1,0,0,0,0,0,0,0,0,0,0,0,0,0,0,0,0,0,0,0
458,2019,Jojo Rabbit,/wiki/Jojo_Rabbit,7.9,407660.0,"$93,757,609",0,0,0,0,1,0,0,1,0,0,0,0,0,0,0,0,0,0,0,0,0,0,0,0,0,1,0
459,2019,Joker ,/wiki/Joker_(2019_film),8.4,1348529.0,"$1,074,458,282",0,0,0,0,0,1,0,1,0,0,0,0,0,0,0,0,0,0,0,0,0,0,0,0,1,0,0
460,2019,Little Women ,/wiki/Little_Women_(2019_film),7.8,218222.0,"$218,843,645",0,0,0,0,0,0,0,1,0,0,0,0,0,0,0,0,0,0,0,1,0,0,0,0,0,0,0
461,2019,Marriage Story,/wiki/Marriage_Story,7.9,322955.0,"$333,686",0,0,0,0,1,0,1,0,0,0,0,0,0,0,0,0,0,1,0,0,0,0,0,0,0,0,0
462,2019,1917 ,/wiki/1917_(2019_film),8.2,618335.0,"$384,577,421",1,0,0,0,0,0,0,1,0,0,0,0,0,0,0,0,0,0,0,0,0,0,0,0,0,1,0
463,2019,Once Upon a Time in Hollywood,/wiki/Once_Upon_a_Time_in_Hollywood,8.2,52.0,"$377,617,598",0,0,0,0,1,0,0,0,0,0,0,0,0,0,0,0,0,0,0,0,0,0,0,1,0,0,0
464,2020,Nomadland ,/wiki/Nomadland_(film),7.3,169978.0,"$39,458,207",0,0,0,0,0,0,0,1,0,0,0,0,0,0,0,0,0,0,0,0,0,0,0,0,0,0,0
465,2020,The Father ,/wiki/The_Father_(2020_film),8.2,167233.0,"$24,267,597",0,0,0,0,0,0,0,1,0,0,0,0,0,0,0,0,1,0,0,0,0,0,0,0,0,0,0
466,2020,Judas and the Black Messiah,/wiki/Judas_and_the_Black_Messiah,7.4,84927.0,"$7,478,009",0,0,0,1,0,0,0,1,0,0,0,0,1,0,0,0,0,0,0,0,0,0,0,0,0,0,0
467,2020,Minari ,/wiki/Minari_(film),7.4,86740.0,"$15,312,445",0,0,0,0,0,0,0,1,0,0,0,0,0,0,0,0,0,0,0,0,0,0,0,0,0,0,0
468,2020,Promising Young Woman,/wiki/Promising_Young_Woman,7.5,186173.0,"$18,854,166",0,0,0,0,0,1,0,1,0,0,0,0,0,0,0,0,1,0,0,0,0,0,0,0,0,0,0
469,2020,Sound of Metal,/wiki/Sound_of_Metal,7.7,135976.0,"$516,520",0,0,0,0,0,0,0,1,0,0,0,0,0,0,1,0,0,0,0,0,0,0,0,0,0,0,0
470,2021,CODA ,/wiki/CODA_(2021_film),8.0,145243.0,"$1,911,296",0,0,0,0,1,0,0,1,0,0,0,0,0,0,1,0,0,0,0,0,0,0,0,0,0,0,0
471,2021,Belfast ,/wiki/Belfast_(film),7.3,80495.0,"$49,142,744",0,0,0,1,0,0,0,1,0,0,0,0,0,0,0,0,0,0,0,0,0,0,0,0,0,0,0
472,2021,Don't Look Up,/wiki/Don%27t_Look_Up,7.2,555062.0,"$791,863",0,0,0,0,1,0,0,1,0,0,0,0,0,0,0,0,0,0,0,0,1,0,0,0,0,0,0
473,2021,Drive My Car ,/wiki/Drive_My_Car_(film),7.6,57108.0,"$15,362,861",0,0,0,0,0,0,0,1,0,0,0,0,0,0,0,0,0,0,0,0,0,0,0,0,0,0,0
474,2021,Dune ,/wiki/Dune_(2021_film),8.0,671939.0,"$402,027,830",1,1,0,0,0,0,0,1,0,0,0,0,0,0,0,0,0,0,0,0,1,0,0,0,0,0,0
475,2021,King Richard ,/wiki/King_Richard_(film),7.5,121695.0,"$39,429,285",0,0,0,1,0,0,0,1,0,0,0,0,0,0,0,0,0,0,0,0,0,0,1,0,0,0,0
476,2021,Licorice Pizza,/wiki/Licorice_Pizza,7.2,126385.0,"$33,273,940",0,0,0,0,1,0,0,1,0,0,0,0,0,0,0,0,0,0,0,1,0,0,0,0,0,0,0
477,2021,Nightmare Alley ,/wiki/Nightmare_Alley_(2021_film),7.0,152429.0,"$39,629,195",0,0,0,0,0,1,0,1,0,0,0,0,0,0,0,0,0,0,0,0,0,0,0,0,1,0,0
478,2021,The Power of the Dog ,/wiki/The_Power_of_the_Dog_(film),6.8,182145.0,"$271,009",0,0,0,0,0,0,0,1,0,0,0,0,0,0,0,0,0,0,0,1,0,0,0,0,0,0,1
479,2021,West Side Story ,/wiki/West_Side_Story_(2021_film),7.2,88103.0,"$76,016,171",0,0,0,0,0,1,0,1,0,0,0,0,0,0,0,1,0,0,0,1,0,0,0,0,0,0,0
480,2022,Everything Everywhere All at Once,/wiki/Everything_Everywhere_All_at_Once,7.9,437015.0,"$140,211,159",1,1,0,0,1,0,0,0,0,0,0,0,0,0,0,0,0,0,0,0,0,0,0,0,0,0,0
481,2022,Avatar: The Way of Water,/wiki/Avatar:_The_Way_of_Water,7.7,369719.0,"$2,319,766,200",1,1,0,0,0,0,0,0,0,1,0,0,0,0,0,0,0,0,0,0,0,0,0,0,0,0,0
482,2022,The Banshees of Inisherin,/wiki/The_Banshees_of_Inisherin,7.7,202400.0,"$49,209,277",0,0,0,0,1,0,0,1,0,0,0,0,0,0,0,0,0,0,0,0,0,0,0,0,0,0,0
483,2022,Elvis ,/wiki/Elvis_(2022_film),7.3,207142.0,"$288,670,284",0,0,0,1,0,0,0,1,0,0,0,0,0,0,1,0,0,0,0,0,0,0,0,0,0,0,0
484,2022,The Fabelmans,/wiki/The_Fabelmans,7.6,85709.0,"$45,164,110",0,0,0,0,1,0,0,0,0,0,0,0,0,0,0,0,0,0,0,0,0,0,0,1,0,0,0
485,2022,T√°r,/wiki/T%C3%A1r,7.5,69684.0,"$27,541,681",0,0,0,0,0,0,0,1,0,0,0,0,0,0,1,0,0,0,0,0,0,0,0,0,0,0,0
486,2022,Top Gun: Maverick,/wiki/Top_Gun:_Maverick,8.3,577408.0,"$1,493,491,858",0,0,0,0,1,0,0,0,0,0,0,0,0,0,0,0,0,0,0,0,0,0,0,1,0,0,0
487,2022,Triangle of Sadness,/wiki/Triangle_of_Sadness,7.3,128812.0,"$25,615,870",0,0,0,0,1,0,0,1,0,0,0,0,0,0,0,0,0,0,0,0,0,0,0,0,0,0,0
488,2022,Women Talking ,/wiki/Women_Talking_(film),6.9,29341.0,"$8,954,708",0,0,0,0,0,0,0,1,0,0,0,0,0,0,0,0,0,0,0,0,0,0,0,0,0,0,0
