,year,film,wiki,winner,Acting,Production Design,Directing,VFX,Writing,Cinematography,Sound,Film Editing,Music
0,1927,Wings,/wiki/Wings_(1927_film),True,0,0,0,1,0,0,0,0,0
1,1927,7th Heaven,/wiki/7th_Heaven_(1927_film),False,1,1,1,0,1,0,0,0,0
2,1927,The Racket,/wiki/The_Racket_(1928_film),False,0,0,0,0,0,0,0,0,0
3,1928,The Broadway Melody,/wiki/The_Broadway_Melody,True,1,0,1,0,0,0,0,0,0
4,1928,Alibi,/wiki/Alibi_(1929_film),False,1,0,0,0,0,0,0,0,0
5,1928,Hollywood Revue,/wiki/Hollywood_Revue,False,0,0,0,0,0,0,0,0,0
6,1928,In Old Arizona,/wiki/In_Old_Arizona,False,1,0,1,0,0,1,0,0,0
7,1928,The Patriot,/wiki/The_Patriot_(1928_film),False,1,1,1,0,1,1,1,0,1
15,1929,The Love Parade,/wiki/The_Love_Parade,False,0,1,1,0,0,1,1,0,0
14,1929,The Divorcee,/wiki/The_Divorcee,False,1,0,1,0,1,0,0,0,0
13,1929,Disraeli,/wiki/Disraeli_(1929_film),False,1,0,0,0,1,0,0,0,0
12,1929,The Big House,/wiki/The_Big_House_(1930_film),False,1,0,0,0,1,0,1,0,0
9,1929,All Quiet on the Western Front,/wiki/All_Quiet_on_the_Western_Front_(1930_film),True,0,1,0,1,1,1,1,0,1
8,1929,All Quiet on the Western Front,/wiki/All_Quiet_on_the_Western_Front_(1930_film),True,0,1,1,1,1,1,1,0,1
20,1930,Trader Horn,/wiki/Trader_Horn_(1931_film),False,0,0,0,0,0,0,0,0,0
17,1930,East Lynne,/wiki/East_Lynne_(1931_film),False,0,0,0,0,0,0,0,0,0
16,1930,Cimarron,/wiki/Cimarron_(1931_film),True,1,1,1,0,1,1,1,0,0
19,1930,Skippy,/wiki/Skippy_(film),False,1,0,1,0,1,0,0,0,0
18,1930,The Front Page,/wiki/The_Front_Page_(1931_film),False,1,0,1,0,0,0,0,0,0
26,1931,One Hour with You,/wiki/One_Hour_with_You,False,0,0,0,0,0,0,0,0,0
27,1931,Shanghai Express,/wiki/Shanghai_Express_(film),False,0,0,1,0,0,1,0,0,0
25,1931,Five Star Final,/wiki/Five_Star_Final,False,0,0,0,0,0,0,0,0,0
24,1931,The Champ,/wiki/The_Champ_(1931_film),False,1,0,1,0,1,0,0,0,1
28,1931,The Smiling Lieutenant,/wiki/The_Smiling_Lieutenant,False,0,0,0,0,0,0,0,0,0
22,1931,Arrowsmith,/wiki/Arrowsmith_(film),False,0,1,0,0,1,1,0,0,0
21,1931,Grand Hotel,/wiki/Grand_Hotel_(1932_film),True,0,0,0,0,0,0,0,0,0
23,1931,Bad Girl,/wiki/Bad_Girl_(1931_film),False,0,0,1,0,1,0,0,0,0
39,1932,State Fair,/wiki/State_Fair_(1933_film),False,0,0,0,0,1,0,0,0,1
38,1932,Smilin' Through,/wiki/Smilin%27_Through_(1932_film),False,0,0,0,0,0,0,0,0,0
37,1932,She Done Him Wrong,/wiki/She_Done_Him_Wrong,False,0,0,0,0,0,0,0,0,0
36,1932,The Private Life of Henry VIII,/wiki/The_Private_Life_of_Henry_VIII,False,1,0,0,0,0,0,0,0,0
33,1932,Lady for a Day,/wiki/Lady_for_a_Day,False,1,0,1,0,1,0,0,0,0
34,1932,Little Women,/wiki/Little_Women_(1933_film),False,1,1,1,0,1,1,0,0,1
31,1932,A Farewell to Arms,/wiki/A_Farewell_to_Arms_(1932_film),False,0,1,0,0,0,1,1,0,0
30,1932,42nd Street,/wiki/42nd_Street_(film),False,0,0,0,0,0,0,1,0,0
29,1932,Cavalcade,/wiki/Cavalcade_(1933_film),True,1,1,1,0,0,0,0,0,0
32,1932,I Am a Fugitive from a Chain Gang,/wiki/I_Am_a_Fugitive_from_a_Chain_Gang,False,1,0,0,0,0,0,1,0,0
46,1934,Here Comes the Navy,/wiki/Here_Comes_the_Navy,False,0,0,0,0,0,0,0,0,0
49,1934,One Night of Love,/wiki/One_Night_of_Love,False,1,0,1,0,0,0,1,1,1
50,1934,The Thin Man,/wiki/The_Thin_Man_(film),False,1,0,1,0,1,0,0,0,0
51,1934,Viva Villa!,/wiki/Viva_Villa!,False,0,0,0,0,1,0,1,0,0
52,1934,The White Parade,/wiki/The_White_Parade,False,0,0,0,0,0,0,1,0,0
48,1934,Imitation of Life,/wiki/Imitation_of_Life_(1934_film),False,0,0,0,0,0,0,1,0,0
47,1934,The House of Rothschild,/wiki/The_House_of_Rothschild,False,0,0,0,0,0,0,0,0,0
45,1934,The Gay Divorcee,/wiki/The_Gay_Divorcee,False,0,1,0,0,0,0,1,0,1
40,1934,It Happened One Night,/wiki/It_Happened_One_Night,True,1,0,1,0,1,0,0,0,0
42,1934,Cleopatra,/wiki/Cleopatra_(1934_film),False,1,1,0,1,0,1,1,1,1
41,1934,The Barretts of Wimpole Street,/wiki/The_Barretts_of_Wimpole_Street_(1934_film),False,1,0,0,0,0,0,0,0,0
44,1934,Flirtation Walk,/wiki/Flirtation_Walk,False,0,0,0,0,0,0,1,0,0
62,1935,Les Misérables,/wiki/Les_Mis%C3%A9rables_(1935_film),False,1,1,0,0,0,0,1,0,1
64,1935,Naughty Marietta,/wiki/Naughty_Marietta_(film),False,0,0,0,0,0,0,1,0,0
59,1935,The Informer,/wiki/The_Informer_(1935_film),False,1,0,1,0,1,0,0,1,1
66,1935,Top Hat,/wiki/Top_Hat,False,0,1,0,0,0,0,0,0,1
65,1935,Ruggles of Red Gap,/wiki/Ruggles_of_Red_Gap,False,0,0,0,0,0,0,0,0,0
61,1935,A Midsummer Night's Dream,/wiki/A_Midsummer_Night%27s_Dream_(1935_film),False,0,0,0,0,0,1,0,1,0
60,1935,The Lives of a Bengal Lancer,/wiki/The_Lives_of_a_Bengal_Lancer_(film),False,0,1,1,0,1,0,1,1,0
57,1935,Captain Blood,/wiki/Captain_Blood_(1935_film),False,0,0,1,0,1,0,1,0,1
58,1935,David Copperfield,/wiki/David_Copperfield_(1935_film),False,0,0,0,0,0,0,0,1,0
55,1935,Alice Adams,/wiki/Alice_Adams_(1935_film),False,1,0,0,0,0,0,0,0,0
56,1935,Broadway Melody of 1936,/wiki/Broadway_Melody_of_1936,False,0,0,0,0,1,0,0,0,0
53,1935,Mutiny on the Bounty,/wiki/Mutiny_on_the_Bounty_(1935_film),True,1,1,1,1,1,1,0,1,1
68,1936,Anthony Adverse,/wiki/Anthony_Adverse,False,0,1,0,0,0,1,0,1,1
76,1936,A Tale of Two Cities,/wiki/A_Tale_of_Two_Cities_(1935_film),False,0,0,0,0,0,0,0,1,0
75,1936,The Story of Louis Pasteur,/wiki/The_Story_of_Louis_Pasteur,False,1,0,0,0,1,0,0,0,0
74,1936,San Francisco,/wiki/San_Francisco_(1936_film),False,1,0,1,0,1,0,1,0,0
72,1936,Romeo and Juliet,/wiki/Romeo_and_Juliet_(1936_film),False,1,1,1,0,0,1,0,0,0
67,1936,The Great Ziegfeld,/wiki/The_Great_Ziegfeld,True,1,1,1,0,1,0,0,1,0
77,1936,Three Smart Girls,/wiki/Three_Smart_Girls,False,0,0,0,0,1,0,1,0,0
69,1936,Dodsworth,/wiki/Dodsworth_(film),False,1,1,1,0,1,0,1,0,0
70,1936,Libeled Lady,/wiki/Libeled_Lady,False,0,0,0,0,0,0,0,0,0
71,1936,Mr. Deeds Goes to Town,/wiki/Mr._Deeds_Goes_to_Town,False,1,0,1,0,1,0,1,0,0
80,1937,Captains Courageous,/wiki/Captains_Courageous_(1937_film),False,1,0,0,0,1,0,0,1,0
87,1937,A Star Is Born,/wiki/A_Star_Is_Born_(1937_film),False,1,1,1,0,1,1,1,0,1
83,1937,In Old Chicago,/wiki/In_Old_Chicago,False,0,0,0,0,1,0,1,0,1
84,1937,Lost Horizon,/wiki/Lost_Horizon_(1937_film),False,0,1,0,0,0,0,1,1,1
85,1937,One Hundred Men and a Girl,/wiki/One_Hundred_Men_and_a_Girl,False,0,0,0,0,1,0,1,1,1
86,1937,Stage Door,/wiki/Stage_Door,False,0,0,1,0,1,0,0,0,0
81,1937,Dead End,/wiki/Dead_End_(1937_film),False,0,1,0,0,0,1,0,0,0
79,1937,The Awful Truth,/wiki/The_Awful_Truth,False,1,0,1,0,1,0,0,1,0
82,1937,The Good Earth,/wiki/The_Good_Earth_(film),False,1,0,1,0,0,1,0,1,0
78,1937,The Life of Emile Zola,/wiki/The_Life_of_Emile_Zola,True,1,1,1,0,1,0,1,0,1
93,1938,The Citadel,/wiki/The_Citadel_(1938_film),False,1,0,1,0,1,0,0,0,0
95,1938,Jezebel,/wiki/Jezebel_(1938_film),False,1,0,0,0,0,1,0,0,1
94,1938,Four Daughters,/wiki/Four_Daughters,False,0,0,1,0,1,0,1,0,0
92,1938,Boys Town,/wiki/Boys_Town_(film),False,1,0,1,0,1,0,0,0,0
91,1938,Alexander's Ragtime Band,/wiki/Alexander%27s_Ragtime_Band_(film),False,0,1,0,0,1,0,0,1,1
90,1938,The Adventures of Robin Hood,/wiki/The_Adventures_of_Robin_Hood,False,0,1,0,0,0,0,0,1,1
89,1938,You Can't Take It with You,/wiki/You_Can%27t_Take_It_with_You_(film),True,0,0,1,0,1,1,1,1,0
97,1938,Test Pilot,/wiki/Test_Pilot_(film),False,0,0,0,0,1,0,0,1,0
96,1938,Pygmalion,/wiki/Pygmalion_(1938_film),False,1,0,0,0,1,0,0,0,0
99,1939,Dark Victory,/wiki/Dark_Victory,False,1,0,0,0,0,0,0,0,1
100,1939,"Goodbye, Mr. Chips","/wiki/Goodbye,_Mr._Chips_(1939_film)",False,1,0,1,0,1,0,1,1,1
101,1939,Love Affair,/wiki/Love_Affair_(1939_film),False,1,1,0,0,1,0,0,0,1
102,1939,Mr. Smith Goes to Washington,/wiki/Mr._Smith_Goes_to_Washington,False,1,1,1,0,1,0,1,1,1
103,1939,Ninotchka,/wiki/Ninotchka,False,1,0,0,0,1,0,0,0,0
104,1939,Of Mice and Men,/wiki/Of_Mice_and_Men_(1939_film),False,0,0,0,0,0,1,1,0,1
105,1939,Stagecoach,/wiki/Stagecoach_(1939_film),False,0,1,1,0,0,1,0,1,1
98,1939,Gone with the Wind,/wiki/Gone_with_the_Wind_(film),True,1,1,1,1,1,1,1,1,1
107,1939,Wuthering Heights,/wiki/Wuthering_Heights_(1939_film),False,1,1,1,0,1,1,0,0,1
106,1939,The Wizard of Oz,/wiki/The_Wizard_of_Oz_(1939_film),False,0,1,0,1,0,1,0,0,1
115,1940,The Long Voyage Home,/wiki/The_Long_Voyage_Home,False,0,0,0,1,1,1,0,1,1
114,1940,The Letter,/wiki/The_Letter_(1940_film),False,1,0,1,0,0,1,0,1,1
113,1940,Kitty Foyle,/wiki/Kitty_Foyle_(film),False,1,0,1,0,1,0,1,0,0
112,1940,The Great Dictator,/wiki/The_Great_Dictator,False,1,0,0,0,1,0,0,0,1
111,1940,The Grapes of Wrath,/wiki/The_Grapes_of_Wrath_(film),False,1,0,1,0,1,0,1,1,0
110,1940,Foreign Correspondent,/wiki/Foreign_Correspondent_(film),False,0,1,0,1,1,1,0,0,0
108,1940,Rebecca,/wiki/Rebecca_(1940_film),True,1,1,1,1,1,1,0,1,1
109,1940,"All This, and Heaven Too","/wiki/All_This,_and_Heaven_Too",False,0,0,0,0,0,1,0,0,0
116,1940,Our Town,/wiki/Our_Town_(1940_film),False,1,1,0,0,0,0,1,0,1
117,1940,The Philadelphia Story,/wiki/The_Philadelphia_Story_(film),False,1,0,1,0,1,0,0,0,0
119,1941,Blossoms in the Dust,/wiki/Blossoms_in_the_Dust,False,1,1,0,0,0,1,0,0,0
125,1941,One Foot in Heaven,/wiki/One_Foot_in_Heaven,False,0,0,0,0,0,0,0,0,0
124,1941,The Maltese Falcon,/wiki/The_Maltese_Falcon_(1941_film),False,0,0,0,0,1,0,0,0,0
123,1941,The Little Foxes,/wiki/The_Little_Foxes_(film),False,1,1,1,0,1,0,0,1,1
120,1941,Citizen Kane,/wiki/Citizen_Kane,False,1,1,1,0,1,1,1,1,1
122,1941,Hold Back the Dawn,/wiki/Hold_Back_the_Dawn,False,1,1,0,0,1,1,0,0,1
121,1941,Here Comes Mr. Jordan,/wiki/Here_Comes_Mr._Jordan,False,1,0,1,0,1,1,0,0,0
118,1941,How Green Was My Valley,/wiki/How_Green_Was_My_Valley_(film),True,0,1,1,0,1,1,1,1,1
127,1941,Suspicion,/wiki/Suspicion_(1941_film),False,1,0,0,0,0,0,0,0,1
126,1941,Sergeant York,/wiki/Sergeant_York_(film),False,1,1,1,0,1,1,1,1,1
129,1942,Kings Row,/wiki/Kings_Row,False,0,0,1,0,0,1,0,0,0
131,1942,The Pied Piper,/wiki/The_Pied_Piper_(1942_film),False,1,0,0,0,0,1,0,0,0
132,1942,The Pride of the Yankees,/wiki/The_Pride_of_the_Yankees,False,1,1,0,1,1,1,1,1,1
133,1942,Random Harvest,/wiki/Random_Harvest_(film),False,1,1,1,0,1,0,0,0,1
134,1942,The Talk of the Town,/wiki/The_Talk_of_the_Town_(1942_film),False,0,1,0,0,1,1,0,1,1
135,1942,Wake Island,/wiki/Wake_Island_(film),False,0,0,1,0,1,0,0,0,0
128,1942,Mrs. Miniver,/wiki/Mrs._Miniver,True,1,0,1,1,1,1,1,1,0
130,1942,The Magnificent Ambersons,/wiki/The_Magnificent_Ambersons_(film),False,0,1,0,0,0,1,0,0,0
136,1942,Yankee Doodle Dandy,/wiki/Yankee_Doodle_Dandy,False,1,0,1,0,1,0,1,1,1
147,1943,Watch on the Rhine,/wiki/Watch_on_the_Rhine,False,1,0,0,0,1,0,0,0,0
146,1943,The Song of Bernadette,/wiki/The_Song_of_Bernadette_(film),False,1,1,1,0,1,1,1,1,1
145,1943,The Ox-Bow Incident,/wiki/The_Ox-Bow_Incident,False,0,0,0,0,0,0,0,0,0
144,1943,The More the Merrier,/wiki/The_More_the_Merrier,False,1,0,1,0,1,0,0,0,0
137,1943,Casablanca,/wiki/Casablanca_(film),True,1,0,1,0,1,1,0,1,1
138,1943,For Whom the Bell Tolls,/wiki/For_Whom_the_Bell_Tolls_(film),False,1,1,0,0,0,1,0,1,1
139,1943,Heaven Can Wait,/wiki/Heaven_Can_Wait_(1943_film),False,1,1,1,0,1,1,0,0,1
141,1943,The Human Comedy,/wiki/The_Human_Comedy_(film),False,1,0,1,0,1,1,0,0,0
142,1943,In Which We Serve,/wiki/In_Which_We_Serve,False,0,0,0,0,1,0,0,0,0
143,1943,Madame Curie,/wiki/Madame_Curie_(film),False,1,1,0,0,0,1,1,0,1
152,1944,Wilson,/wiki/Wilson_(1944_film),False,1,1,1,1,1,1,1,1,1
150,1944,Gaslight,/wiki/Gaslight_(1944_film),False,1,1,0,0,1,1,0,0,0
149,1944,Double Indemnity,/wiki/Double_Indemnity,False,1,0,1,0,1,1,1,0,1
148,1944,Going My Way,/wiki/Going_My_Way,True,1,0,1,0,1,1,0,1,1
151,1944,Since You Went Away,/wiki/Since_You_Went_Away,False,1,1,0,1,0,1,0,1,1
155,1945,The Bells of St. Mary's,/wiki/The_Bells_of_St._Mary%27s,False,1,0,1,0,0,0,1,1,1
156,1945,Mildred Pierce,/wiki/Mildred_Pierce_(film),False,1,0,0,0,1,1,0,0,0
157,1945,Spellbound,/wiki/Spellbound_(1945_film),False,0,0,1,1,0,1,0,0,1
154,1945,Anchors Aweigh,/wiki/Anchors_Aweigh_(film),False,1,0,0,0,0,1,0,0,1
153,1945,The Lost Weekend,/wiki/The_Lost_Weekend_(film),True,1,0,1,0,1,1,0,1,1
158,1946,The Best Years of Our Lives,/wiki/The_Best_Years_of_Our_Lives,True,1,0,1,0,1,0,1,1,1
159,1946,Henry V,/wiki/Henry_V_(1944_film),False,1,1,1,0,0,0,0,0,1
160,1946,It's a Wonderful Life,/wiki/It%27s_a_Wonderful_Life,False,1,0,1,0,0,0,1,1,0
162,1946,The Yearling,/wiki/The_Yearling_(1946_film),False,1,1,1,0,0,1,0,1,0
161,1946,The Razor's Edge,/wiki/The_Razor%27s_Edge_(1946_film),False,0,1,0,0,0,0,0,0,0
167,1947,Miracle on 34th Street,/wiki/Miracle_on_34th_Street,False,0,0,0,0,1,0,0,0,0
166,1947,Great Expectations,/wiki/Great_Expectations_(1946_film),False,0,1,1,0,1,1,0,0,0
165,1947,Crossfire,/wiki/Crossfire_(film),False,0,0,1,0,1,0,0,0,0
164,1947,The Bishop's Wife,/wiki/The_Bishop%27s_Wife,False,0,0,1,0,0,0,1,1,1
163,1947,Gentleman's Agreement,/wiki/Gentleman%27s_Agreement,True,1,0,1,0,1,0,0,1,0
168,1948,Hamlet,/wiki/Hamlet_(1948_film),True,1,1,1,0,1,0,0,0,1
169,1948,Johnny Belinda,/wiki/Johnny_Belinda_(1948_film),False,1,1,1,0,1,1,1,1,1
172,1948,The Treasure of the Sierra Madre,/wiki/The_Treasure_of_the_Sierra_Madre_(film),False,0,0,1,0,1,0,0,0,0
171,1948,The Snake Pit,/wiki/The_Snake_Pit,False,1,0,1,0,1,0,1,0,1
170,1948,The Red Shoes,/wiki/The_Red_Shoes_(1948_film),False,0,1,0,0,1,0,0,1,1
174,1949,Battleground,/wiki/Battleground_(film),False,0,0,1,0,1,1,0,1,0
175,1949,The Heiress,/wiki/The_Heiress,False,1,1,1,0,0,1,0,0,1
176,1949,A Letter to Three Wives,/wiki/A_Letter_to_Three_Wives,False,0,0,1,0,1,0,0,0,0
177,1949,Twelve O'Clock High,/wiki/Twelve_O%27Clock_High,False,1,0,0,0,0,0,1,0,0
173,1949,All the King's Men,/wiki/All_the_King%27s_Men_(1949_film),True,1,0,1,0,1,0,0,1,0
178,1950,Born Yesterday,/wiki/Born_Yesterday_(1950_film),False,1,0,1,0,1,0,0,0,0
179,1950,Father of the Bride,/wiki/Father_of_the_Bride_(1950_film),False,1,0,0,0,1,0,0,0,0
180,1950,King Solomon's Mines,/wiki/King_Solomon%27s_Mines_(1950_film),False,0,0,0,0,0,1,0,1,0
182,1951,A Place in the Sun,/wiki/A_Place_in_the_Sun_(1951_film),False,1,0,1,0,1,1,0,1,1
183,1951,Quo Vadis,/wiki/Quo_Vadis_(1951_film),False,0,1,0,0,0,1,0,1,1
181,1951,An American in Paris,/wiki/An_American_in_Paris_(film),True,0,1,1,0,1,1,0,1,1
184,1951,A Streetcar Named Desire,/wiki/A_Streetcar_Named_Desire_(1951_film),False,1,1,1,0,1,1,1,0,1
189,1952,The Quiet Man,/wiki/The_Quiet_Man,False,0,1,1,0,1,1,1,0,0
188,1952,Moulin Rouge,/wiki/Moulin_Rouge_(1952_film),False,1,1,1,0,0,1,1,1,0
187,1952,Ivanhoe,/wiki/Ivanhoe_(1952_film),False,0,0,0,0,0,1,0,0,1
186,1952,High Noon,/wiki/High_Noon,False,1,0,1,0,1,0,0,1,1
185,1952,The Greatest Show on Earth,/wiki/The_Greatest_Show_on_Earth_(film),True,0,0,1,0,1,0,0,1,0
191,1953,Julius Caesar,/wiki/Julius_Caesar_(1953_film),False,1,1,0,0,0,1,0,0,1
190,1953,From Here to Eternity,/wiki/From_Here_to_Eternity,True,1,0,1,0,1,1,1,1,1
192,1953,The Robe,/wiki/The_Robe_(film),False,1,1,0,0,0,1,0,0,0
193,1953,Roman Holiday,/wiki/Roman_Holiday,False,1,1,1,0,1,1,0,1,0
194,1953,Shane,/wiki/Shane_(film),False,0,0,1,0,1,1,0,0,0
196,1954,The Caine Mutiny,/wiki/The_Caine_Mutiny_(film),False,1,0,0,0,1,0,1,1,1
197,1954,The Country Girl,/wiki/The_Country_Girl_(1954_film),False,1,1,1,0,1,1,0,0,0
198,1954,Seven Brides for Seven Brothers,/wiki/Seven_Brides_for_Seven_Brothers,False,0,0,0,0,1,1,0,1,1
199,1954,Three Coins in the Fountain,/wiki/Three_Coins_in_the_Fountain_(film),False,0,0,0,0,0,1,0,0,1
195,1954,On the Waterfront,/wiki/On_the_Waterfront,True,1,1,1,0,1,1,0,1,1
201,1955,Love Is a Many-Splendored Thing,/wiki/Love_Is_a_Many-Splendored_Thing_(film),False,1,1,0,0,0,1,1,0,1
202,1955,Mister Roberts,/wiki/Mister_Roberts_(1955_film),False,0,0,0,0,0,0,1,0,0
203,1955,Picnic,/wiki/Picnic_(1955_film),False,0,1,1,0,0,0,0,1,1
204,1955,The Rose Tattoo,/wiki/The_Rose_Tattoo_(film),False,1,1,0,0,0,1,0,1,1
200,1955,Marty,/wiki/Marty_(film),True,1,1,1,0,1,1,0,0,0
207,1956,Giant,/wiki/Giant_(1956_film),False,1,1,1,0,1,0,0,1,1
205,1956,Around the World in 80 Days,/wiki/Around_the_World_in_80_Days_(1956_film),True,0,1,1,0,1,1,0,1,1
206,1956,Friendly Persuasion,/wiki/Friendly_Persuasion_(1956_film),False,0,0,1,0,1,0,1,0,1
209,1956,The Ten Commandments,/wiki/The_Ten_Commandments_(1956_film),False,0,1,0,1,0,1,1,1,0
208,1956,The King and I,/wiki/The_King_and_I_(1956_film),False,1,1,1,0,0,1,1,0,1
214,1957,Witness for the Prosecution,/wiki/Witness_for_the_Prosecution_(1957_film),False,1,0,1,0,0,0,1,1,0
213,1957,Sayonara,/wiki/Sayonara,False,1,1,1,0,1,1,1,1,0
212,1957,Peyton Place,/wiki/Peyton_Place_(film),False,1,0,1,0,1,1,0,0,0
211,1957,12 Angry Men,/wiki/12_Angry_Men_(1957_film),False,0,0,1,0,1,0,0,0,0
210,1957,The Bridge on the River Kwai,/wiki/The_Bridge_on_the_River_Kwai,True,1,0,1,0,1,1,0,1,1
217,1958,Cat on a Hot Tin Roof,/wiki/Cat_on_a_Hot_Tin_Roof_(1958_film),False,1,0,1,0,1,1,0,0,0
216,1958,Auntie Mame,/wiki/Auntie_Mame_(film),False,1,1,0,0,0,1,0,1,0
215,1958,Gigi,/wiki/Gigi_(1958_film),True,0,1,1,0,1,1,0,1,1
219,1958,Separate Tables,/wiki/Separate_Tables_(film),False,1,0,0,0,1,1,0,0,1
218,1958,The Defiant Ones,/wiki/The_Defiant_Ones,False,1,0,1,0,1,1,0,1,0
220,1959,Ben-Hur,/wiki/Ben-Hur_(1959_film),True,1,1,1,1,1,1,1,1,1
222,1959,The Diary of Anne Frank,/wiki/The_Diary_of_Anne_Frank_(1959_film),False,0,1,1,0,0,1,0,0,1
223,1959,The Nun's Story,/wiki/The_Nun%27s_Story_(film),False,1,0,1,0,1,1,1,1,1
224,1959,Room at the Top,/wiki/Room_at_the_Top_(1959_film),False,1,0,1,0,1,0,0,0,0
221,1959,Anatomy of a Murder,/wiki/Anatomy_of_a_Murder,False,1,0,0,0,1,1,0,1,0
225,1960,The Apartment,/wiki/The_Apartment,True,1,1,1,0,1,1,1,1,0
227,1960,Elmer Gantry,/wiki/Elmer_Gantry_(film),False,1,0,0,0,1,0,0,0,1
228,1960,Sons and Lovers,/wiki/Sons_and_Lovers_(film),False,1,1,1,0,1,1,0,0,0
229,1960,The Sundowners,/wiki/The_Sundowners_(1960_film),False,1,0,1,0,1,0,0,0,0
226,1960,The Alamo,/wiki/The_Alamo_(1960_film),False,0,0,0,0,0,1,1,1,1
234,1961,The Hustler,/wiki/The_Hustler,False,1,1,1,0,1,1,0,0,0
235,1961,Judgment at Nuremberg,/wiki/Judgment_at_Nuremberg,False,1,1,1,0,1,1,0,1,0
233,1961,The Guns of Navarone,/wiki/The_Guns_of_Navarone_(film),False,0,0,1,1,1,0,1,1,1
232,1961,Fanny,/wiki/Fanny_(1961_film),False,1,0,0,0,0,1,0,1,1
230,1961,West Side Story,/wiki/West_Side_Story_(1961_film),True,0,1,1,0,1,1,1,1,1
238,1962,To Kill a Mockingbird,/wiki/To_Kill_a_Mockingbird_(film),False,1,1,1,0,1,1,0,0,1
236,1962,Lawrence of Arabia,/wiki/Lawrence_of_Arabia_(film),True,1,1,1,0,1,1,1,1,1
237,1962,The Longest Day,/wiki/The_Longest_Day_(film),False,0,1,0,1,0,1,0,1,0
54,1962,Mutiny on the Bounty,/wiki/Mutiny_on_the_Bounty_(1962_film),False,1,1,1,1,1,1,0,1,1
242,1963,Lilies of the Field,/wiki/Lilies_of_the_Field_(1963_film),False,1,0,0,0,1,1,0,0,0
239,1963,Tom Jones,/wiki/Tom_Jones_(1963_film),True,1,1,1,0,1,0,0,0,1
43,1963,Cleopatra,/wiki/Cleopatra_(1963_film),False,1,1,0,1,0,1,1,1,1
241,1963,How the West Was Won,/wiki/How_the_West_Was_Won_(film),False,0,1,0,0,1,1,1,1,1
240,1963,America America,/wiki/America_America,False,0,1,1,0,1,0,0,0,0
243,1964,My Fair Lady,/wiki/My_Fair_Lady_(film),True,1,1,1,0,1,1,1,1,1
244,1964,Becket,/wiki/Becket_(1964_film),False,1,1,1,0,1,1,1,1,1
245,1964,Mary Poppins,/wiki/Mary_Poppins_(film),False,1,1,1,1,1,1,1,1,1
246,1964,Zorba the Greek,/wiki/Zorba_the_Greek_(film),False,1,1,1,0,1,1,0,0,0
248,1965,Darling,/wiki/Darling_(1965_film),False,1,0,1,0,1,0,0,0,0
251,1965,A Thousand Clowns,/wiki/A_Thousand_Clowns,False,0,0,0,0,1,0,0,0,1
250,1965,Ship of Fools,/wiki/Ship_of_Fools_(film),False,1,1,0,0,1,1,0,0,0
249,1965,Doctor Zhivago,/wiki/Doctor_Zhivago_(film),False,0,1,1,0,1,1,1,1,1
247,1965,The Sound of Music,/wiki/The_Sound_of_Music_(film),True,1,1,1,0,0,1,1,1,1
254,1966,The Sand Pebbles,/wiki/The_Sand_Pebbles_(film),False,1,1,0,0,0,1,1,1,1
253,1966,Alfie,/wiki/Alfie_(1966_film),False,1,0,0,0,1,0,0,0,1
252,1966,A Man for All Seasons,/wiki/A_Man_for_All_Seasons_(1966_film),True,1,0,1,0,1,1,0,0,0
255,1966,Who's Afraid of Virginia Woolf?,/wiki/Who%27s_Afraid_of_Virginia_Woolf%3F_(film),False,1,1,1,0,1,1,1,1,1
259,1967,The Graduate,/wiki/The_Graduate,False,1,0,1,0,1,1,0,0,0
258,1967,Doctor Dolittle,/wiki/Doctor_Dolittle_(1967_film),False,0,1,0,1,0,1,1,1,1
260,1967,Guess Who's Coming to Dinner,/wiki/Guess_Who%27s_Coming_to_Dinner,False,1,1,1,0,1,0,0,1,1
257,1967,Bonnie and Clyde,/wiki/Bonnie_and_Clyde_(film),False,1,0,1,0,1,1,0,0,0
256,1967,In the Heat of the Night,/wiki/In_the_Heat_of_the_Night_(film),True,1,0,1,0,1,0,1,1,0
264,1968,"Rachel, Rachel","/wiki/Rachel,_Rachel",False,1,0,0,0,1,0,0,0,0
263,1968,The Lion in Winter,/wiki/The_Lion_in_Winter_(1968_film),False,1,0,1,0,1,0,0,0,1
262,1968,Funny Girl,/wiki/Funny_Girl_(film),False,1,0,0,0,0,1,1,1,1
261,1968,Oliver!,/wiki/Oliver!_(film),True,1,1,1,0,1,1,1,1,1
73,1968,Romeo and Juliet,/wiki/Romeo_and_Juliet_(1968_film),False,1,1,1,0,0,1,0,0,0
265,1969,Midnight Cowboy,/wiki/Midnight_Cowboy,True,1,0,1,0,1,0,0,1,0
266,1969,Anne of the Thousand Days,/wiki/Anne_of_the_Thousand_Days,False,1,1,0,0,1,1,1,0,1
267,1969,Butch Cassidy and the Sundance Kid,/wiki/Butch_Cassidy_and_the_Sundance_Kid,False,0,0,1,0,1,1,1,0,1
268,1969,"Hello, Dolly!","/wiki/Hello,_Dolly!_(film)",False,0,1,0,0,0,1,1,1,1
269,1969,Z,/wiki/Z_(1969_film),False,0,0,1,0,1,0,0,1,0
274,1970,M*A*S*H,/wiki/M*A*S*H_(film),False,0,0,1,0,1,0,0,1,0
271,1970,Airport,/wiki/Airport_(1970_film),False,0,1,0,0,1,1,1,1,1
270,1970,Patton,/wiki/Patton_(film),True,1,1,1,1,1,1,1,1,1
273,1970,Love Story,/wiki/Love_Story_(1970_film),False,1,0,1,0,1,0,0,0,1
272,1970,Five Easy Pieces,/wiki/Five_Easy_Pieces,False,1,0,0,0,1,0,0,0,0
275,1971,The French Connection,/wiki/The_French_Connection_(film),True,1,0,1,0,1,1,1,1,0
279,1971,Nicholas and Alexandra,/wiki/Nicholas_and_Alexandra,False,1,1,0,0,0,1,0,0,1
278,1971,The Last Picture Show,/wiki/The_Last_Picture_Show,False,0,0,1,0,1,1,0,0,0
277,1971,Fiddler on the Roof,/wiki/Fiddler_on_the_Roof_(film),False,1,1,1,0,0,1,1,0,1
276,1971,A Clockwork Orange,/wiki/A_Clockwork_Orange_(film),False,0,0,1,0,1,0,0,1,0
283,1972,The Emigrants,/wiki/The_Emigrants_(film),False,1,0,1,0,1,0,0,0,0
280,1972,The Godfather,/wiki/The_Godfather,True,1,0,1,0,1,0,1,1,1
284,1972,Sounder,/wiki/Sounder_(film),False,1,0,0,0,1,0,0,0,0
282,1972,Deliverance,/wiki/Deliverance,False,0,0,1,0,0,0,0,1,0
281,1972,Cabaret,/wiki/Cabaret_(1972_film),False,1,1,1,0,1,1,1,1,1
285,1973,The Sting,/wiki/The_Sting,True,1,1,1,0,1,1,1,1,1
287,1973,Cries and Whispers,/wiki/Cries_and_Whispers,False,0,0,1,0,1,1,0,0,0
288,1973,The Exorcist,/wiki/The_Exorcist,False,1,1,1,0,1,1,1,1,0
289,1973,A Touch of Class,/wiki/A_Touch_of_Class_(film),False,1,0,0,0,1,0,0,0,1
286,1973,American Graffiti,/wiki/American_Graffiti,False,0,0,1,0,1,0,0,1,0
292,1974,The Conversation,/wiki/The_Conversation,False,0,0,0,0,1,0,1,0,0
294,1974,The Towering Inferno,/wiki/The_Towering_Inferno,False,0,1,0,0,0,1,1,1,1
293,1974,Lenny,/wiki/Lenny_(film),False,1,0,1,0,1,1,0,0,0
291,1974,Chinatown,/wiki/Chinatown_(1974_film),False,1,1,1,0,1,1,1,1,1
290,1974,The Godfather Part II,/wiki/The_Godfather_Part_II,True,1,1,1,0,1,0,0,0,1
298,1975,Nashville,/wiki/Nashville_(film),False,0,0,1,0,0,0,0,0,1
297,1975,Jaws,/wiki/Jaws_(film),False,0,0,0,0,0,0,1,1,1
295,1975,Barry Lyndon,/wiki/Barry_Lyndon,False,0,1,1,0,1,1,0,0,1
296,1975,Dog Day Afternoon,/wiki/Dog_Day_Afternoon,False,1,0,1,0,1,0,0,1,0
300,1976,All the President's Men,/wiki/All_the_President%27s_Men_(film),False,0,1,1,0,1,0,1,1,0
302,1976,Network,/wiki/Network_(1976_film),False,1,0,1,0,1,1,0,1,0
299,1976,Rocky,/wiki/Rocky,True,1,0,1,0,1,0,1,1,1
303,1976,Taxi Driver,/wiki/Taxi_Driver,False,1,0,0,0,0,0,0,0,1
301,1976,Bound for Glory,/wiki/Bound_for_Glory_(1976_film),False,0,0,0,0,1,1,0,1,1
304,1977,Annie Hall,/wiki/Annie_Hall,True,1,0,1,0,1,0,0,0,0
305,1977,The Goodbye Girl,/wiki/The_Goodbye_Girl,False,1,0,0,0,1,0,0,0,0
306,1977,Julia,/wiki/Julia_(1977_film),False,1,0,1,0,1,1,0,1,1
307,1977,Star Wars,/wiki/Star_Wars_(film),False,0,1,1,1,1,0,1,1,1
308,1977,The Turning Point,/wiki/The_Turning_Point_(1977_film),False,1,1,1,0,1,1,1,1,0
140,1978,Heaven Can Wait,/wiki/Heaven_Can_Wait_(1978_film),False,1,1,1,0,1,1,0,0,1
311,1978,Midnight Express,/wiki/Midnight_Express_(film),False,0,0,1,0,1,0,0,1,1
312,1978,An Unmarried Woman,/wiki/An_Unmarried_Woman,False,1,0,0,0,1,0,0,0,0
309,1978,The Deer Hunter,/wiki/The_Deer_Hunter,True,1,0,1,0,1,1,1,1,0
310,1978,Coming Home,/wiki/Coming_Home_(1978_film),False,1,0,1,0,1,0,0,1,0
313,1979,Kramer vs. Kramer,/wiki/Kramer_vs._Kramer,True,1,0,1,0,1,1,0,1,0
314,1979,All That Jazz,/wiki/All_That_Jazz_(film),False,1,1,1,0,1,1,0,1,1
315,1979,Apocalypse Now,/wiki/Apocalypse_Now,False,0,1,1,0,1,1,1,1,0
317,1979,Norma Rae,/wiki/Norma_Rae,False,1,0,0,0,1,0,0,0,1
316,1979,Breaking Away,/wiki/Breaking_Away,False,0,0,1,0,1,0,0,0,1
318,1980,Ordinary People,/wiki/Ordinary_People,True,1,0,1,0,1,0,0,0,0
319,1980,Coal Miner's Daughter,/wiki/Coal_Miner%27s_Daughter_(film),False,1,1,0,0,1,1,1,1,0
320,1980,The Elephant Man,/wiki/The_Elephant_Man_(film),False,1,1,1,0,1,0,0,1,1
321,1980,Raging Bull,/wiki/Raging_Bull,False,1,0,1,0,0,1,1,1,0
322,1980,Tess,/wiki/Tess_(1979_film),False,0,1,1,0,0,1,0,0,1
326,1981,Raiders of the Lost Ark,/wiki/Raiders_of_the_Lost_Ark,False,0,1,1,1,0,1,1,1,1
327,1981,Reds,/wiki/Reds_(film),False,1,1,1,0,1,1,1,1,0
325,1981,On Golden Pond,/wiki/On_Golden_Pond_(1981_film),False,1,0,1,0,1,1,1,1,1
323,1981,Chariots of Fire,/wiki/Chariots_of_Fire,True,0,0,1,0,1,0,0,1,1
324,1981,Atlantic City,/wiki/Atlantic_City_(1980_film),False,1,0,1,0,1,0,0,0,0
331,1982,The Verdict,/wiki/The_Verdict,False,1,0,1,0,1,0,0,0,0
329,1982,Missing,/wiki/Missing_(1982_film),False,1,0,0,0,1,0,0,0,0
328,1982,Gandhi,/wiki/Gandhi_(film),True,1,1,1,0,1,1,1,1,1
330,1982,Tootsie,/wiki/Tootsie,False,1,0,1,0,1,1,1,1,1
332,1983,Terms of Endearment,/wiki/Terms_of_Endearment,True,1,1,1,0,1,0,1,1,1
333,1983,The Big Chill,/wiki/The_Big_Chill_(film),False,0,0,0,0,1,0,0,0,0
334,1983,The Dresser,/wiki/The_Dresser_(1983_film),False,1,0,1,0,1,0,0,0,0
335,1983,The Right Stuff,/wiki/The_Right_Stuff_(film),False,0,1,0,0,0,1,1,1,1
336,1983,Tender Mercies,/wiki/Tender_Mercies,False,1,0,1,0,1,0,0,0,1
340,1984,Places in the Heart,/wiki/Places_in_the_Heart,False,1,0,1,0,1,0,0,0,0
337,1984,Amadeus,/wiki/Amadeus_(film),True,1,1,1,0,1,1,1,1,0
338,1984,The Killing Fields,/wiki/The_Killing_Fields_(film),False,1,0,1,0,1,1,0,1,0
339,1984,A Passage to India,/wiki/A_Passage_to_India_(film),False,1,1,1,0,1,1,1,1,1
341,1984,A Soldier's Story,/wiki/A_Soldier%27s_Story,False,0,0,0,0,1,0,0,0,0
344,1985,Kiss of the Spider Woman,/wiki/Kiss_of_the_Spider_Woman_(film),False,1,0,1,0,1,0,0,0,0
345,1985,Prizzi's Honor,/wiki/Prizzi%27s_Honor,False,1,0,1,0,1,0,0,1,0
346,1985,Witness,/wiki/Witness_(1985_film),False,1,1,1,0,1,1,0,1,1
342,1985,Out of Africa,/wiki/Out_of_Africa_(film),True,1,1,1,0,1,1,1,1,1
343,1985,The Color Purple,/wiki/The_Color_Purple_(1985_film),False,1,1,0,0,1,1,0,0,1
347,1986,Platoon,/wiki/Platoon_(film),True,0,0,1,0,1,1,1,1,0
351,1986,A Room with a View,/wiki/A_Room_with_a_View_(1985_film),False,0,1,1,0,1,1,0,0,0
348,1986,Children of a Lesser God,/wiki/Children_of_a_Lesser_God_(film),False,1,0,0,0,1,0,0,0,0
350,1986,The Mission,/wiki/The_Mission_(1986_film),False,0,1,1,0,0,1,0,1,1
349,1986,Hannah and Her Sisters,/wiki/Hannah_and_Her_Sisters,False,0,1,1,0,1,0,0,1,0
356,1987,Moonstruck,/wiki/Moonstruck,False,1,0,1,0,1,0,0,0,0
355,1987,Hope and Glory,/wiki/Hope_and_Glory_(film),False,0,1,1,0,1,1,0,0,0
354,1987,Fatal Attraction,/wiki/Fatal_Attraction,False,1,0,1,0,1,0,0,1,0
352,1987,The Last Emperor,/wiki/The_Last_Emperor,True,0,1,1,0,1,1,1,1,1
353,1987,Broadcast News,/wiki/Broadcast_News_(film),False,1,0,0,0,1,1,0,1,0
361,1988,Working Girl,/wiki/Working_Girl,False,1,0,1,0,0,0,0,0,1
360,1988,Mississippi Burning,/wiki/Mississippi_Burning,False,1,0,1,0,0,1,1,1,0
357,1988,Rain Man,/wiki/Rain_Man,True,1,1,1,0,1,1,0,1,1
358,1988,The Accidental Tourist,/wiki/The_Accidental_Tourist_(film),False,0,0,0,0,1,0,0,0,1
359,1988,Dangerous Liaisons,/wiki/Dangerous_Liaisons,False,1,1,0,0,1,0,0,0,1
366,1989,My Left Foot,/wiki/My_Left_Foot,False,1,0,1,0,1,0,0,0,0
365,1989,Field of Dreams,/wiki/Field_of_Dreams,False,0,0,0,0,1,0,0,0,1
364,1989,Dead Poets Society,/wiki/Dead_Poets_Society,False,1,0,1,0,1,0,0,0,0
363,1989,Born on the Fourth of July,/wiki/Born_on_the_Fourth_of_July_(film),False,1,0,1,0,1,1,1,1,1
362,1989,Driving Miss Daisy,/wiki/Driving_Miss_Daisy,True,1,1,0,0,1,0,0,1,0
367,1990,Awakenings,/wiki/Awakenings,False,1,0,0,0,1,0,0,0,0
368,1990,Ghost,/wiki/Ghost_(1990_film),False,0,0,0,0,1,0,0,1,1
372,1991,JFK,/wiki/JFK_(film),False,0,0,1,0,1,1,1,1,1
369,1991,The Silence of the Lambs,/wiki/The_Silence_of_the_Lambs_(film),True,1,0,1,0,1,0,1,1,0
370,1991,Beauty and the Beast,/wiki/Beauty_and_the_Beast_(1991_film),False,0,1,0,0,0,0,1,0,1
371,1991,Bugsy,/wiki/Bugsy,False,1,1,1,0,1,1,0,0,1
373,1991,The Prince of Tides,/wiki/The_Prince_of_Tides,False,1,1,0,0,1,1,0,0,1
376,1992,A Few Good Men,/wiki/A_Few_Good_Men,False,0,0,0,0,0,0,1,1,0
377,1992,Howards End,/wiki/Howards_End_(film),False,1,1,1,0,1,1,0,0,1
378,1992,Scent of a Woman,/wiki/Scent_of_a_Woman_(1992_film),False,1,0,1,0,1,0,0,0,0
374,1992,Unforgiven,/wiki/Unforgiven,True,1,1,1,0,1,1,1,1,0
375,1992,The Crying Game,/wiki/The_Crying_Game,False,1,0,1,0,1,0,0,1,0
379,1993,Schindler's List,/wiki/Schindler%27s_List,True,1,1,1,0,1,1,1,1,1
383,1993,The Remains of the Day,/wiki/The_Remains_of_the_Day_(film),False,1,1,1,0,1,0,0,0,1
382,1993,The Piano,/wiki/The_Piano,False,1,0,1,0,1,1,0,1,0
380,1993,The Fugitive,/wiki/The_Fugitive_(1993_film),False,0,0,0,0,0,1,1,1,1
381,1993,In the Name of the Father,/wiki/In_the_Name_of_the_Father_(film),False,1,0,1,0,1,0,0,1,0
384,1994,Forrest Gump,/wiki/Forrest_Gump,True,1,1,1,1,1,1,1,1,1
385,1994,Four Weddings and a Funeral,/wiki/Four_Weddings_and_a_Funeral,False,0,0,0,0,1,0,0,0,0
386,1994,Pulp Fiction,/wiki/Pulp_Fiction,False,1,0,1,0,1,0,0,1,0
388,1994,The Shawshank Redemption,/wiki/The_Shawshank_Redemption,False,1,0,0,0,1,1,1,1,1
387,1994,Quiz Show,/wiki/Quiz_Show_(film),False,0,0,1,0,1,0,0,0,0
389,1995,Braveheart,/wiki/Braveheart,True,0,0,1,0,1,1,1,1,1
390,1995,Apollo 13,/wiki/Apollo_13_(film),False,0,1,0,1,1,0,1,1,1
391,1995,Babe,/wiki/Babe_(film),False,0,1,1,1,1,0,0,1,0
392,1995,Sense and Sensibility,/wiki/Sense_and_Sensibility_(film),False,1,0,0,0,1,1,0,0,1
395,1996,Jerry Maguire,/wiki/Jerry_Maguire,False,1,0,0,0,1,0,0,1,0
397,1996,Shine,/wiki/Shine_(film),False,1,0,1,0,1,0,0,1,1
393,1996,The English Patient,/wiki/The_English_Patient_(film),True,1,1,1,0,1,1,1,1,1
394,1996,Fargo,/wiki/Fargo_(1996_film),False,1,0,1,0,1,1,0,1,0
396,1996,Secrets & Lies,/wiki/Secrets_%26_Lies_(film),False,1,0,1,0,1,0,0,0,0
402,1997,L.A. Confidential,/wiki/L.A._Confidential_(film),False,0,1,1,0,1,1,1,1,1
401,1997,Good Will Hunting,/wiki/Good_Will_Hunting,False,1,0,1,0,1,0,0,1,1
400,1997,The Full Monty,/wiki/The_Full_Monty,False,0,0,1,0,1,0,0,0,1
398,1997,Titanic,/wiki/Titanic_(1997_film),True,1,1,1,1,1,1,1,1,1
399,1997,As Good as It Gets,/wiki/As_Good_as_It_Gets,False,1,0,0,0,1,0,0,1,1
403,1998,Shakespeare in Love,/wiki/Shakespeare_in_Love,True,1,1,1,0,1,1,1,1,1
404,1998,Elizabeth,/wiki/Elizabeth_(film),False,1,1,0,0,0,1,0,0,1
405,1998,Life Is Beautiful,/wiki/Life_Is_Beautiful,False,1,0,1,0,1,0,0,1,1
406,1998,Saving Private Ryan,/wiki/Saving_Private_Ryan,False,1,1,1,0,1,1,1,1,1
407,1998,The Thin Red Line,/wiki/The_Thin_Red_Line_(1998_film),False,0,0,1,0,1,1,1,1,1
410,1999,The Green Mile,/wiki/The_Green_Mile_(film),False,0,0,0,0,1,0,1,0,0
411,1999,The Insider,/wiki/The_Insider_(film),False,1,0,1,0,1,1,1,1,0
409,1999,The Cider House Rules,/wiki/The_Cider_House_Rules_(film),False,0,1,1,0,1,0,0,1,1
412,1999,The Sixth Sense,/wiki/The_Sixth_Sense,False,0,0,1,0,1,0,0,1,0
408,1999,American Beauty,/wiki/American_Beauty_(1999_film),True,1,0,1,0,1,1,0,1,1
413,2000,Gladiator,/wiki/Gladiator_(2000_film),True,1,1,1,1,1,1,1,1,1
414,2000,Chocolat,/wiki/Chocolat_(2000_film),False,1,0,0,0,1,0,0,0,1
415,2000,"Crouching Tiger, Hidden Dragon","/wiki/Crouching_Tiger,_Hidden_Dragon",False,0,1,1,0,1,1,0,1,1
417,2000,Traffic,/wiki/Traffic_(2000_film),False,0,0,1,0,1,0,0,1,0
416,2000,Erin Brockovich,/wiki/Erin_Brockovich_(film),False,1,0,1,0,1,0,0,0,0
421,2001,The Lord of the Rings: The Fellowship of the Ring,/wiki/The_Lord_of_the_Rings:_The_Fellowship_of_the_Ring,False,0,1,1,1,1,1,1,1,1
420,2001,In the Bedroom,/wiki/In_the_Bedroom,False,1,0,0,0,1,0,0,0,0
419,2001,Gosford Park,/wiki/Gosford_Park,False,0,1,1,0,1,0,0,0,0
418,2001,A Beautiful Mind,/wiki/A_Beautiful_Mind_(film),True,1,0,1,0,1,0,0,1,1
422,2002,Chicago,/wiki/Chicago_(2002_film),True,1,1,1,0,1,1,1,1,1
426,2002,The Pianist,/wiki/The_Pianist_(2002_film),False,1,0,1,0,1,1,0,1,0
423,2002,Gangs of New York,/wiki/Gangs_of_New_York,False,1,1,1,0,1,1,1,1,1
425,2002,The Lord of the Rings: The Two Towers,/wiki/The_Lord_of_the_Rings:_The_Two_Towers,False,0,1,0,1,0,0,1,1,0
424,2002,The Hours,/wiki/The_Hours_(film),False,1,0,1,0,1,0,0,1,1
431,2003,Seabiscuit,/wiki/Seabiscuit_(film),False,0,1,0,0,1,1,1,1,0
430,2003,Mystic River,/wiki/Mystic_River_(film),False,1,0,1,0,1,0,0,0,0
429,2003,Master and Commander: The Far Side of the World,/wiki/Master_and_Commander:_The_Far_Side_of_the_World,False,0,1,1,1,0,1,1,1,0
428,2003,Lost in Translation,/wiki/Lost_in_Translation_(film),False,1,0,1,0,1,0,0,0,0
427,2003,The Lord of the Rings: The Return of the King,/wiki/The_Lord_of_the_Rings:_The_Return_of_the_King,True,0,1,1,1,1,0,1,1,1
432,2004,Million Dollar Baby,/wiki/Million_Dollar_Baby,True,1,0,1,0,1,0,0,1,0
433,2004,The Aviator,/wiki/The_Aviator_(2004_film),False,1,1,1,0,1,1,1,1,0
434,2004,Finding Neverland,/wiki/Finding_Neverland_(film),False,1,1,0,0,1,0,0,1,1
435,2004,Ray,/wiki/Ray_(film),False,1,0,1,0,0,0,1,1,0
436,2004,Sideways,/wiki/Sideways,False,0,0,1,0,1,0,0,0,0
437,2005,Crash,/wiki/Crash_(2004_film),True,0,0,1,0,1,0,0,1,1
440,2005,Munich,/wiki/Munich_(2005_film),False,0,0,1,0,1,0,0,1,1
439,2005,Capote,/wiki/Capote_(film),False,1,0,1,0,1,0,0,0,0
438,2005,Brokeback Mountain,/wiki/Brokeback_Mountain,False,1,0,1,0,1,1,0,0,1
445,2006,The Queen,/wiki/The_Queen_(2006_film),False,1,0,1,0,1,0,0,0,1
444,2006,Little Miss Sunshine,/wiki/Little_Miss_Sunshine,False,0,0,0,0,1,0,0,0,0
443,2006,Letters from Iwo Jima,/wiki/Letters_from_Iwo_Jima,False,0,0,1,0,1,0,1,0,0
442,2006,Babel,/wiki/Babel_(film),False,0,0,1,0,1,0,0,1,1
441,2006,The Departed,/wiki/The_Departed,True,0,0,1,0,1,0,0,1,0
450,2007,There Will Be Blood,/wiki/There_Will_Be_Blood,False,1,1,1,0,1,1,1,1,0
446,2007,No Country for Old Men,/wiki/No_Country_for_Old_Men,True,0,0,1,0,1,1,1,1,0
447,2007,Atonement,/wiki/Atonement_(2007_film),False,0,1,0,0,1,1,0,0,1
448,2007,Juno,/wiki/Juno_(film),False,1,0,1,0,1,0,0,0,0
449,2007,Michael Clayton,/wiki/Michael_Clayton_(film),False,1,0,1,0,1,0,0,0,1
455,2008,The Reader,/wiki/The_Reader_(2008_film),False,1,0,1,0,1,1,0,0,0
451,2008,Slumdog Millionaire,/wiki/Slumdog_Millionaire,True,0,0,1,0,1,1,1,1,1
452,2008,The Curious Case of Benjamin Button,/wiki/The_Curious_Case_of_Benjamin_Button_(film),False,1,1,1,1,1,1,1,1,1
453,2008,Frost/Nixon,/wiki/Frost/Nixon_(film),False,1,0,1,0,1,0,0,1,0
454,2008,Milk,/wiki/Milk_(2008_American_film),False,1,0,1,0,1,0,0,1,1
459,2009,District 9,/wiki/District_9,False,0,0,0,1,1,0,0,1,0
461,2009,Inglourious Basterds,/wiki/Inglourious_Basterds,False,0,0,1,0,1,1,1,1,0
462,2009,A Serious Man,/wiki/A_Serious_Man,False,0,0,0,0,1,0,0,0,0
463,2009,Up,/wiki/Up_(2009_film),False,0,0,0,0,1,0,1,0,1
464,2009,Up in the Air,/wiki/Up_in_the_Air_(2009_film),False,1,0,1,0,1,0,0,0,0
460,2009,An Education,/wiki/An_Education,False,1,0,0,0,1,0,0,0,0
458,2009,The Blind Side,/wiki/The_Blind_Side_(film),False,1,0,0,0,0,0,0,0,0
456,2009,The Hurt Locker,/wiki/The_Hurt_Locker,True,1,0,1,0,1,1,1,1,1
457,2009,Avatar,/wiki/Avatar_(2009_film),False,0,1,1,1,0,1,1,1,1
472,2010,Toy Story 3,/wiki/Toy_Story_3,False,0,0,0,0,1,0,1,0,1
474,2010,Winter's Bone,/wiki/Winter%27s_Bone,False,1,0,0,0,1,0,0,0,0
473,2010,True Grit,/wiki/True_Grit_(2010_film),False,1,1,1,0,1,1,1,0,1
471,2010,The Social Network,/wiki/The_Social_Network,False,1,0,1,0,1,1,1,1,1
470,2010,127 Hours,/wiki/127_Hours,False,1,0,0,0,1,0,0,1,1
469,2010,The Kids Are All Right,/wiki/The_Kids_Are_All_Right_(film),False,1,0,0,0,1,0,0,0,0
467,2010,The Fighter,/wiki/The_Fighter,False,0,0,1,0,1,0,0,1,0
468,2010,Inception,/wiki/Inception,False,0,1,0,1,1,1,1,0,1
465,2010,The King's Speech,/wiki/The_King%27s_Speech,True,1,1,1,0,1,1,1,1,1
466,2010,Black Swan,/wiki/Black_Swan_(film),False,1,0,1,0,0,1,0,1,0
477,2011,Extremely Loud & Incredibly Close,/wiki/Extremely_Loud_%26_Incredibly_Close_(film),False,0,0,0,0,0,0,0,0,0
479,2011,Hugo,/wiki/Hugo_(film),False,0,1,1,1,1,1,1,1,1
480,2011,Midnight in Paris,/wiki/Midnight_in_Paris,False,0,1,1,0,1,0,0,0,0
481,2011,Moneyball,/wiki/Moneyball_(film),False,1,0,0,0,1,0,1,1,0
482,2011,The Tree of Life,/wiki/The_Tree_of_Life_(film),False,0,0,1,0,0,1,0,0,0
483,2011,War Horse,/wiki/War_Horse_(film),False,0,1,0,0,0,1,1,0,1
475,2011,The Artist,/wiki/The_Artist_(film),True,1,1,1,0,1,1,0,1,1
476,2011,The Descendants,/wiki/The_Descendants,False,1,0,1,0,1,0,0,1,0
478,2011,The Help,/wiki/The_Help_(film),False,1,0,0,0,0,0,0,0,0
484,2012,Argo,/wiki/Argo_(2012_film),True,0,0,0,0,1,0,1,1,1
485,2012,Amour,/wiki/Amour_(2012_film),False,1,0,1,0,1,0,0,0,0
489,2012,Lincoln,/wiki/Lincoln_(film),False,1,1,1,0,1,1,1,1,1
488,2012,Life of Pi,/wiki/Life_of_Pi_(film),False,0,1,1,1,1,1,1,1,1
63,2012,Les Misérables,/wiki/Les_Mis%C3%A9rables_(2012_film),False,1,1,0,0,0,0,1,0,1
487,2012,Django Unchained,/wiki/Django_Unchained,False,0,0,0,0,1,1,1,0,0
491,2012,Zero Dark Thirty,/wiki/Zero_Dark_Thirty,False,1,0,0,0,1,0,1,1,0
490,2012,Silver Linings Playbook,/wiki/Silver_Linings_Playbook,False,1,0,1,0,1,0,0,1,0
486,2012,Beasts of the Southern Wild,/wiki/Beasts_of_the_Southern_Wild,False,1,0,1,0,1,0,0,0,0
499,2013,Philomena,/wiki/Philomena_(film),False,1,0,0,0,1,0,0,0,1
497,2013,Her,/wiki/Her_(film),False,0,1,0,0,1,0,0,0,1
498,2013,Nebraska,/wiki/Nebraska_(film),False,1,0,1,0,1,1,0,0,0
500,2013,The Wolf of Wall Street,/wiki/The_Wolf_of_Wall_Street_(2013_film),False,1,0,1,0,1,0,0,0,0
496,2013,Gravity,/wiki/Gravity_(2013_film),False,1,1,1,1,0,1,1,1,1
494,2013,Captain Phillips,/wiki/Captain_Phillips_(film),False,0,0,0,0,1,0,1,1,0
495,2013,Dallas Buyers Club,/wiki/Dallas_Buyers_Club,False,1,0,0,0,1,0,0,1,0
492,2013,12 Years a Slave,/wiki/12_Years_a_Slave_(film),True,1,1,1,0,1,0,0,1,0
493,2013,American Hustle,/wiki/American_Hustle,False,1,1,1,0,1,0,0,1,0
501,2014,American Sniper,/wiki/American_Sniper,False,1,0,0,0,1,0,1,1,0
502,2014,Boyhood,/wiki/Boyhood_(2014_film),False,0,0,1,0,1,0,0,1,0
503,2014,The Grand Budapest Hotel,/wiki/The_Grand_Budapest_Hotel,False,0,1,1,0,1,1,0,1,1
504,2014,The Imitation Game,/wiki/The_Imitation_Game,False,1,1,1,0,1,0,0,1,1
505,2014,Selma,/wiki/Selma_(film),False,0,0,0,0,0,0,0,0,1
506,2014,The Theory of Everything,/wiki/The_Theory_of_Everything_(2014_film),False,1,0,0,0,1,0,0,0,1
507,2014,Whiplash,/wiki/Whiplash_(2014_film),False,0,0,0,0,1,0,1,1,0
515,2015,Room,/wiki/Room_(2015_film),False,1,0,1,0,1,0,0,0,0
514,2015,The Revenant,/wiki/The_Revenant_(2015_film),False,1,1,1,1,0,1,1,1,0
513,2015,The Martian,/wiki/The_Martian_(film),False,1,1,0,1,1,0,1,0,0
512,2015,Mad Max: Fury Road,/wiki/Mad_Max:_Fury_Road,False,0,1,1,1,0,1,1,1,0
511,2015,Brooklyn,/wiki/Brooklyn_(film),False,1,0,0,0,1,0,0,0,0
510,2015,Bridge of Spies,/wiki/Bridge_of_Spies_(film),False,0,1,0,0,1,0,1,0,1
509,2015,The Big Short,/wiki/The_Big_Short_(film),False,0,0,1,0,1,0,0,1,0
508,2015,Spotlight,/wiki/Spotlight_(film),True,0,0,1,0,1,0,0,1,0
516,2016,Moonlight,/wiki/Moonlight_(2016_film),True,0,0,1,0,1,1,0,1,1
517,2016,Arrival,/wiki/Arrival_(film),False,0,1,1,0,1,1,1,1,0
518,2016,Fences,/wiki/Fences_(film),False,1,0,0,0,1,0,0,0,0
519,2016,Hacksaw Ridge,/wiki/Hacksaw_Ridge,False,1,0,1,0,0,0,1,1,0
520,2016,Hell or High Water,/wiki/Hell_or_High_Water_(2016_film),False,0,0,0,0,1,0,0,1,0
521,2016,Hidden Figures,/wiki/Hidden_Figures,False,0,0,0,0,1,0,0,0,0
522,2016,La La Land,/wiki/La_La_Land,False,1,1,1,0,1,1,1,1,1
523,2016,Lion,/wiki/Lion_(2016_film),False,0,0,0,0,1,1,0,0,1
524,2016,Manchester by the Sea,/wiki/Manchester_by_the_Sea_(film),False,1,0,1,0,1,0,0,0,0
527,2017,Darkest Hour,/wiki/Darkest_Hour_(film),False,1,1,0,0,0,1,0,0,0
528,2017,Dunkirk,/wiki/Dunkirk_(2017_film),False,0,1,1,0,0,1,1,1,1
530,2017,Lady Bird,/wiki/Lady_Bird_(film),False,1,0,1,0,1,0,0,0,0
531,2017,Phantom Thread,/wiki/Phantom_Thread,False,1,0,1,0,0,0,0,0,1
532,2017,The Post,/wiki/The_Post_(film),False,1,0,0,0,0,0,0,0,0
526,2017,Call Me by Your Name,/wiki/Call_Me_by_Your_Name_(film),False,1,0,0,0,1,0,0,0,1
529,2017,Get Out,/wiki/Get_Out,False,1,0,1,0,1,0,0,0,0
525,2017,The Shape of Water,/wiki/The_Shape_of_Water,True,1,1,1,0,1,1,1,1,1
88,2018,A Star Is Born,/wiki/A_Star_Is_Born_(2018_film),False,1,1,1,0,1,1,1,0,1
533,2018,Green Book,/wiki/Green_Book_(film),True,1,0,0,0,1,0,0,1,0
534,2018,Black Panther,/wiki/Black_Panther_(film),False,0,1,0,0,0,0,1,0,1
535,2018,BlacKkKlansman,/wiki/BlacKkKlansman,False,0,0,1,0,1,0,0,1,1
536,2018,Bohemian Rhapsody,/wiki/Bohemian_Rhapsody_(film),False,1,0,0,0,0,0,1,1,0
537,2018,The Favourite,/wiki/The_Favourite,False,1,1,1,0,1,1,0,1,0
538,2018,Roma,/wiki/Roma_(2018_film),False,1,1,1,0,1,1,1,0,0
539,2018,Vice,/wiki/Vice_(2018_film),False,1,0,1,0,1,0,0,1,0
546,2019,1917,/wiki/1917_(2019_film),False,0,1,1,1,1,1,1,0,1
545,2019,Marriage Story,/wiki/Marriage_Story,False,1,0,0,0,1,0,0,0,1
544,2019,Joker,/wiki/Joker_(2019_film),False,1,0,1,0,1,1,1,1,1
543,2019,Jojo Rabbit,/wiki/Jojo_Rabbit,False,0,1,0,0,1,0,0,1,0
541,2019,Ford v Ferrari,/wiki/Ford_v_Ferrari,False,0,0,0,0,0,0,1,1,0
542,2019,The Irishman,/wiki/The_Irishman,False,0,1,1,1,1,1,0,1,0
35,2019,Little Women,/wiki/Little_Women_(2019_film),False,1,1,1,0,1,1,0,0,1
540,2019,Parasite,/wiki/Parasite_(2019_film),True,0,1,1,0,1,0,0,1,0
547,2020,Nomadland,/wiki/Nomadland_(film),True,1,0,1,0,1,1,0,1,0
548,2020,The Father,/wiki/The_Father_(2020_film),False,1,1,0,0,1,0,0,1,0
549,2020,Judas and the Black Messiah,/wiki/Judas_and_the_Black_Messiah,False,0,0,0,0,1,1,0,0,1
550,2020,Mank,/wiki/Mank,False,1,1,1,0,0,1,1,0,1
551,2020,Minari,/wiki/Minari_(film),False,1,0,1,0,1,0,0,0,1
552,2020,Promising Young Woman,/wiki/Promising_Young_Woman,False,1,0,1,0,1,0,0,1,0
553,2020,Sound of Metal,/wiki/Sound_of_Metal,False,1,0,0,0,1,0,1,1,0
554,2020,The Trial of the Chicago 7,/wiki/The_Trial_of_the_Chicago_7,False,0,0,0,0,1,1,0,1,1
559,2021,Dune,/wiki/Dune_(2021_film),False,0,1,0,1,1,1,1,1,1
561,2021,Licorice Pizza,/wiki/Licorice_Pizza,False,0,0,1,0,1,0,0,0,0
562,2021,Nightmare Alley,/wiki/Nightmare_Alley_(2021_film),False,0,1,0,0,0,1,0,0,0
563,2021,The Power of the Dog,/wiki/The_Power_of_the_Dog_(film),False,1,1,1,0,1,1,1,1,1
560,2021,King Richard,/wiki/King_Richard_(film),False,1,0,0,0,1,0,0,1,1
558,2021,Drive My Car,/wiki/Drive_My_Car_(film),False,0,0,1,0,1,0,0,0,0
231,2021,West Side Story,/wiki/West_Side_Story_(2021_film),False,0,1,1,0,1,1,1,1,1
556,2021,Belfast,/wiki/Belfast_(film),False,0,0,1,0,1,0,1,0,1
555,2021,CODA,/wiki/CODA_(2021_film),True,0,0,0,0,1,0,0,0,0
557,2021,Don't Look Up,/wiki/Don%27t_Look_Up,False,0,0,0,0,1,0,0,1,1
568,2022,The Fabelmans,/wiki/The_Fabelmans,False,1,1,1,0,1,0,0,0,1
570,2022,Top Gun: Maverick,/wiki/Top_Gun:_Maverick,False,0,0,0,1,1,0,1,1,1
569,2022,Tár,/wiki/T%C3%A1r,False,1,0,1,0,1,1,0,1,0
567,2022,Elvis,/wiki/Elvis_(2022_film),False,1,1,0,0,0,1,1,1,0
11,2022,All Quiet on the Western Front,/wiki/All_Quiet_on_the_Western_Front_(2022_film),False,0,1,0,1,1,1,1,0,1
565,2022,Avatar: The Way of Water,/wiki/Avatar:_The_Way_of_Water,False,0,1,0,1,0,0,1,0,0
564,2022,Everything Everywhere All at Once,/wiki/Everything_Everywhere_All_at_Once,True,1,0,1,0,1,0,0,1,1
10,2022,All Quiet on the Western Front,/wiki/All_Quiet_on_the_Western_Front_(2022_film),False,0,1,1,1,1,1,1,0,1
571,2022,Triangle of Sadness,/wiki/Triangle_of_Sadness,False,0,0,1,0,1,0,0,0,0
566,2022,The Banshees of Inisherin,/wiki/The_Banshees_of_Inisherin,False,1,0,1,0,1,0,0,1,1
572,2022,Women Talking,/wiki/Women_Talking_(film),False,0,0,0,0,1,0,0,0,0
